train_n,sample_id,amplitude,damping,frequency,shift,mse
16,0,0.77982655,2.94342866,22.03477410,0.33427365,0.0066916983
16,1,0.82104358,2.44662162,22.88887571,0.05894116,0.0057626968
16,2,0.72585554,2.56531369,22.17820756,0.29448023,0.0115858845
16,3,0.87714572,2.91203197,21.82495439,0.43799981,0.0066704322
16,4,0.91175047,2.37969567,20.85435912,0.39067308,0.0018298719
16,5,0.69818616,2.59923818,22.75016026,-0.23417598,0.0023466935
16,6,0.85274841,2.60210318,22.87733439,0.11529083,0.0024776839
16,7,0.81147960,3.09392530,21.63642573,0.12352345,0.0068074739
16,8,0.91017505,2.49669881,21.06439075,-0.48055513,0.0113735848
16,9,0.72752693,2.57928592,23.25644518,0.05406420,0.0050735776
16,10,0.93372874,2.65365998,22.55366568,0.42207228,0.0066042698
16,11,0.62432444,3.09855515,21.02255096,0.33739628,0.0025408994
16,12,0.71486525,2.67453752,23.02135994,0.35043909,0.0055119450
16,13,0.85675054,2.45900747,21.58219927,-0.19137832,0.0022747699
16,14,0.68916350,3.18216738,22.39495578,0.25949008,0.0115250835
16,15,0.86085193,2.40536035,22.92709063,-0.01484042,0.0041711249
16,16,0.77564269,2.75961250,23.06089990,0.44041506,0.0020550104
16,17,0.63427287,2.13721428,24.03219646,-0.25807975,0.0024180867
16,18,0.72766790,2.47888794,22.52987072,0.23718208,0.0009581610
16,19,0.89230905,3.07862646,20.71150046,0.12270141,0.0037486020
16,20,0.87964503,2.26584160,23.02392995,-0.09511566,0.0026712398
16,21,0.87525907,2.75483994,21.46630022,0.07868230,0.0050006685
16,22,0.75329848,2.13603203,22.09642106,-0.07923302,0.0092090844
16,23,0.86480469,2.42374580,20.52781302,0.01914103,0.0077548420
16,24,0.74708323,2.69759024,20.95044088,0.13352043,0.0047444728
16,25,0.75569370,2.36122652,23.64215300,0.20713764,0.0012201311
16,26,0.69364103,2.21082768,24.64177035,0.32721704,0.0043980532
16,27,0.79057489,2.28837216,22.10414616,-0.08584917,0.0080120002
16,28,0.80152875,3.34127458,20.99845474,0.33179116,0.0036598882
16,29,0.76891786,2.68739365,21.78271156,0.22669711,0.0047359012
16,30,0.83951991,2.99274965,20.61116483,0.28742266,0.0039618521
16,31,0.79996087,2.20922915,22.23835223,0.38314036,0.0077668275
16,32,0.78881231,2.46057135,22.68287227,0.39493278,0.0078006590
16,33,0.85166182,2.80761380,19.05872163,-0.12144601,0.0130019676
16,34,0.86070462,2.25589815,21.59421963,-0.11373585,0.0036414469
16,35,0.77932220,2.66554128,21.59267316,0.23842881,0.0058886468
16,36,0.64264398,2.44944783,21.13789346,0.25568315,0.0038311414
16,37,0.72488710,2.19953744,20.30137659,0.12378275,0.0014342705
16,38,0.74945406,2.32144974,22.03302908,0.17699175,0.0058111113
16,39,0.74326579,2.96566563,20.62732963,0.37182169,0.0040987425
16,40,0.91999934,2.59159556,21.74986989,0.28636891,0.0031892081
16,41,0.79459286,3.14837450,22.35332702,-0.14365225,0.0056627531
16,42,0.83554406,2.29482148,21.82221798,0.04273932,0.0061404461
16,43,0.72719586,2.62181338,24.54430446,-0.36121669,0.0032254167
16,44,0.73507857,2.08819096,22.86314123,-0.23240177,0.0025792940
16,45,0.71779201,3.05065894,21.54247318,0.19120263,0.0034518917
16,46,0.72478244,2.32018738,23.18088400,0.39480652,0.0226075981
16,47,0.81736104,2.70881191,22.36237495,0.20632978,0.0119503897
16,48,0.73039865,2.65774952,23.04511321,0.23792878,0.0043586194
16,49,0.87705438,2.36061458,23.48784265,0.14846111,0.0029702810
16,50,0.83968270,3.83476638,23.80255754,-0.12103078,0.0057184453
16,51,0.85767124,2.38285157,22.35165256,0.07325337,0.0036161142
16,52,0.89235286,2.05251100,22.24530090,-0.14947895,0.0049465567
16,53,0.83545578,2.64115401,22.10732529,0.15364827,0.0069020811
16,54,0.69018752,2.74872133,21.36075731,0.36209869,0.0058569914
16,55,0.89375343,2.57419452,20.03956219,0.05188139,0.0037607575
16,56,0.67128690,2.24926527,22.63795398,-0.34696892,0.0026185726
16,57,0.97095102,2.50937864,21.29597690,0.14826473,0.0053268560
16,58,0.91682801,2.83320755,20.05080081,-0.28708388,0.0108158260
16,59,0.67890558,2.87068308,21.82135148,-0.15990828,0.0058540626
16,60,0.88567102,2.24184707,20.68370564,0.27605981,0.0119926181
16,61,0.93050899,2.14021587,20.34973700,0.26695272,0.0065526815
16,62,0.79347680,2.47664583,21.94312551,0.38441755,0.0024812062
16,63,0.83875086,2.19816081,21.61099424,0.38314622,0.0034486501
16,64,0.81229383,2.45087376,22.85537083,-0.37772074,0.0052846097
16,65,0.84576276,2.73389634,22.70995994,0.24284592,0.0053761245
16,66,0.79539748,2.98492633,20.73752597,0.22834196,0.0042211651
16,67,0.77878918,2.43113312,23.19582612,0.11342533,0.0077174826
16,68,0.89030835,2.51300786,21.37210532,0.05602638,0.0065686749
16,69,0.87205679,3.15668037,21.97335416,-0.07084615,0.0030838935
16,70,0.80577625,3.38858006,21.93870089,0.11249646,0.0099328310
16,71,0.89060564,2.27006277,21.23275447,0.46344414,0.0038904510
16,72,0.86588965,2.26720159,23.94822177,-0.19682847,0.0035156771
16,73,0.86669476,3.23396561,22.21366369,0.43088046,0.0060473715
16,74,0.76192078,2.38757194,20.57817415,0.17050739,0.0137773175
16,75,0.84423362,2.47197634,22.46941162,0.08915837,0.0030109984
16,76,0.81545528,2.33594298,22.15919979,0.06216359,0.0038200183
16,77,0.79528138,2.72343639,22.23188598,-0.09536165,0.0036407137
16,78,0.83900883,3.19110672,21.25769345,0.37318705,0.0018839493
16,79,0.79994798,2.90666822,22.27111719,0.39960245,0.0036785161
16,80,0.87098454,2.21184609,23.08209368,0.04348513,0.0035130970
16,81,0.77756411,2.52385454,22.65546495,0.30120292,0.0059785902
16,82,0.51176080,2.22618927,21.54506024,0.29116304,0.0047400143
16,83,0.73198477,2.31074820,21.93035709,-0.11220233,0.0043721880
16,84,0.80910033,2.67368209,22.56231884,0.40753307,0.0057722614
16,85,0.91213874,2.62347535,21.56558135,0.18861907,0.0079233718
16,86,0.81101072,3.57319293,22.89296249,0.01554236,0.0068330924
16,87,0.84141922,2.94515388,22.00072924,-0.24430853,0.0074539794
16,88,0.84984367,3.08582668,22.93064698,-0.31618391,0.0156789693
16,89,0.82542150,2.28755394,24.47278858,-0.02977221,0.0052237698
16,90,0.70855478,2.90900128,22.80741974,0.27107061,0.0072778511
16,91,0.88665923,2.37107946,23.69518495,0.10553901,0.0050064533
16,92,0.70190430,3.00145390,22.64687123,0.40245542,0.0045600861
16,93,0.84256625,2.48023410,22.64235759,0.01252812,0.0060718452
16,94,0.80111224,2.49734748,23.09009315,0.15470920,0.0042089965
16,95,0.83975800,2.89115750,23.01941098,-0.05032528,0.0042998318
16,96,0.75006378,2.09699025,23.94323455,0.28773691,0.0026406684
16,97,0.78554041,2.44761713,23.55923464,0.07119717,0.0013228871
16,98,0.81092682,2.13268672,21.27360065,0.31522073,0.0056717132
16,99,0.81004071,2.72069555,19.89551555,0.39538371,0.0043631914
16,100,0.71011881,2.98437983,23.31681091,0.31644565,0.0085198102
16,101,0.97197465,2.18032185,24.99269371,0.07362790,0.0022528058
16,102,0.74592744,2.36446263,21.69348202,0.21669095,0.0021388970
16,103,0.89259037,2.69002346,21.33234914,-0.00687600,0.0040900533
16,104,0.90901789,3.01805982,21.61771981,0.34744279,0.0062462030
16,105,0.86969050,2.35539915,22.05689058,-0.05561791,0.0038000346
16,106,0.81029035,2.59655785,20.01494486,0.03068748,0.0119714146
16,107,0.75086867,3.19296124,21.07058638,0.16183228,0.0043451081
16,108,0.86747791,2.10767621,20.00935114,0.20131356,0.0044913232
16,109,0.84644498,2.78499101,18.95451638,0.41540492,0.0053223106
16,110,0.83375292,2.14452559,21.30634737,0.18987205,0.0063286174
16,111,0.85996707,2.77174358,22.83582701,-0.19118646,0.0038663202
16,112,0.85538333,3.19794512,22.17293966,0.38389497,0.0018083405
16,113,0.70252455,2.58483359,23.18950840,0.27759856,0.0035013468
16,114,0.80014020,2.43820627,24.36915438,0.29549835,0.0035683678
16,115,0.73075738,2.70329115,21.83259676,-0.33874259,0.0045997987
16,116,0.79273823,2.23047628,21.81314387,-0.15500591,0.0041699055
16,117,0.81452157,3.83780029,24.21748823,0.15703040,0.0091112992
16,118,0.80853955,2.33833096,21.81780251,-0.08725587,0.0124027362
16,119,0.89339264,2.87601253,22.08693117,0.11924392,0.0040328348
16,120,0.66858014,2.39531094,22.63932635,0.20110794,0.0023786387
16,121,0.75639030,3.98793746,21.40504132,0.17576081,0.0114170616
16,122,0.80631635,2.42850986,21.88158833,0.03210042,0.0019303429
16,123,0.85632713,2.41962254,22.46735060,0.24772654,0.0074976702
16,124,0.73781845,2.45986867,23.50113917,0.20222934,0.0024574014
16,125,0.77360781,2.55402677,20.66652278,-0.04999388,0.0066587532
16,126,0.79329644,3.15648625,20.96795209,0.24968820,0.0054370109
16,127,0.84234002,2.42116735,22.73503255,-0.00661604,0.0035777003
16,128,0.82313669,2.17417338,22.16811561,0.29704606,0.0024562944
16,129,0.74228811,2.44178673,21.93139215,-0.09697186,0.0044105086
16,130,0.94776576,2.25894034,23.59491011,0.21127518,0.0044593728
16,131,0.64440576,3.11303839,21.68183187,0.20324357,0.0050091347
16,132,0.84470488,2.75904029,21.76924810,0.15558490,0.0041214974
16,133,0.79643323,2.45833080,23.48505165,0.17080228,0.0073095500
16,134,0.83497448,2.55187050,22.49553263,0.42198076,0.0086205930
16,135,0.75281373,2.53317309,20.46051991,0.36354671,0.0137045374
16,136,0.69413091,2.62746842,20.18762782,0.08054096,0.0057937535
16,137,0.86454332,2.46943528,22.45907651,0.36293607,0.0035427416
16,138,0.81179667,2.79595997,20.92824771,-0.06088343,0.0041664279
16,139,0.73230388,2.29922598,20.78275523,0.06154827,0.0084102195
16,140,0.95513806,3.00009871,24.15279146,0.15625040,0.0056257830
16,141,0.79923037,2.31992103,21.81625949,0.22941345,0.0038314408
16,142,0.87728336,2.50630417,21.29451733,0.22112312,0.0063723626
16,143,0.72573510,3.38419001,19.64497604,0.08399291,0.0068128353
16,144,0.87900984,2.77670278,21.68884784,-0.00837248,0.0064868830
16,145,0.79450247,2.54236653,20.61187046,0.28244264,0.0031219546
16,146,0.79134900,2.89616143,21.36097007,-0.06155576,0.0028849454
16,147,0.86262627,2.29645345,21.76368867,0.44102186,0.0024450391
16,148,0.94628146,2.18030289,23.39420657,0.36321001,0.0155164723
16,149,0.82860404,2.35878430,19.74742882,0.05581323,0.0065655431
16,150,0.74213371,3.38305296,20.47070315,0.41872129,0.0024362906
16,151,0.80502607,3.01233526,23.26312427,-0.07690373,0.0041564619
16,152,0.81222710,2.94440295,21.63725185,0.01607438,0.0096095079
16,153,0.90644974,2.85349912,23.16015425,-0.18211890,0.0039673415
16,154,0.80959725,2.20972432,21.42356644,0.08967130,0.0050113081
16,155,0.66599133,2.57744201,23.18599628,0.08229547,0.0026321637
16,156,0.82955671,3.93635985,21.70028046,0.24579571,0.0029037994
16,157,0.85787506,2.26117751,24.15147229,0.13869159,0.0088303342
16,158,0.76763925,2.39334710,21.96810003,0.18015504,0.0123141780
16,159,0.84778419,2.52490551,22.05796334,0.02486997,0.0086984009
16,160,0.74513902,2.48974431,20.31853715,0.14860672,0.0078991038
16,161,0.83559311,2.51533270,21.66578204,0.23141979,0.0085276114
16,162,0.91698244,3.12881286,21.53788446,0.32776811,0.0213897459
16,163,0.71074536,2.50291423,23.03185894,-0.13765610,0.0031233507
16,164,0.68295329,3.17395650,21.74019177,0.01024735,0.0024780212
16,165,0.73948874,2.23839736,21.34096490,-0.22068431,0.0042536763
16,166,0.76617956,2.58851794,23.56176256,0.20699330,0.0037578492
16,167,0.71074949,2.22764291,22.04268410,0.09720027,0.0070267622
16,168,0.78333802,2.14084402,21.61243574,0.45775928,0.0083999541
16,169,0.88189799,2.86290864,23.56184253,-0.01253729,0.0048928002
16,170,0.78769511,3.04145429,21.18422631,0.47282230,0.0078232048
16,171,0.74111797,2.80015864,21.60549932,0.28846005,0.0061901667
16,172,0.76536404,2.57539160,21.91481550,0.19180850,0.0083959855
16,173,0.72856893,2.56501646,20.66798310,0.26946038,0.0038315587
16,174,0.84329650,3.17640647,20.58353389,0.41750847,0.0101278838
16,175,0.91758672,3.75895260,21.36844471,0.26020138,0.0031983758
16,176,0.79786382,2.45497366,22.51747810,0.15272008,0.0042946972
16,177,0.52967531,2.32208226,21.56439695,0.02203117,0.0083351711
16,178,0.68703357,2.79189273,22.68214031,0.18652376,0.0131889241
16,179,0.72975521,3.23057450,21.43196758,0.14076098,0.0056863250
16,180,0.69839305,2.42650698,21.12885844,0.22060676,0.0020263065
16,181,0.64286244,2.20043898,22.25521261,0.19599391,0.0064498038
16,182,0.82517875,2.68029897,21.95551053,0.05491041,0.0070775194
16,183,0.83324649,2.40916085,21.87243837,0.10683682,0.0083350971
16,184,0.75869257,2.72217953,20.98101509,-0.20162143,0.0050845220
16,185,0.91301218,2.27830077,21.33396421,0.31606383,0.0030117556
16,186,0.86947635,2.30768095,21.38281412,0.17663639,0.0052594601
16,187,0.84272281,3.09720494,22.02411374,0.16940159,0.0080049027
16,188,0.70253610,2.44017992,23.41996896,0.30308676,0.0033505223
16,189,0.73635132,2.55844424,23.35288887,-0.48314846,0.0149000876
16,190,0.95163748,2.39546071,21.16491661,0.12978665,0.0056902749
16,191,0.78740108,2.58826314,21.73422455,0.08370625,0.0037042649
16,192,0.82539024,2.42627310,21.95474707,-0.37333943,0.0065487608
16,193,0.71371058,2.21240757,22.17432787,0.02555814,0.0055243747
16,194,0.93157388,2.26262289,21.07461076,0.30646787,0.0031670369
16,195,0.68938224,2.50239152,20.03275312,0.05769432,0.0037177861
16,196,0.84154746,2.35474944,24.10708440,0.07369577,0.0024979676
16,197,0.70894268,2.53231122,19.42364019,0.41322286,0.0063255831
16,198,0.94643960,2.52640189,22.01989709,0.28270555,0.0072932652
16,199,0.82770063,2.35666050,21.85255530,0.14650380,0.0036448596
16,200,0.88182004,2.49502581,19.53281994,0.02922560,0.0019866327
16,201,0.76935067,2.44082991,21.72197452,0.04752327,0.0048638193
16,202,0.65322843,2.58015059,23.32053214,-0.09857954,0.0078127151
16,203,0.92283550,2.37566267,20.66543258,0.23381527,0.0100429459
16,204,0.87047461,2.58249122,19.35047476,0.17481952,0.0074396204
16,205,0.69208165,2.31011108,21.59368078,-0.09716265,0.0059384502
16,206,0.66969531,3.69671934,23.46683774,-0.02434690,0.0041239473
16,207,0.76861609,2.83720325,20.68885457,0.11053495,0.0030210671
16,208,0.87213726,2.29537748,21.52885969,0.40501211,0.0029013495
16,209,0.82331022,2.38921013,23.23850550,0.43199945,0.0030256928
16,210,0.81274346,2.80190626,21.74484812,0.35340530,0.0031445330
16,211,0.79828282,2.54426026,19.63819340,-0.12301737,0.0153392337
16,212,0.51878064,2.26907696,22.52063330,0.40634407,0.0096186128
16,213,0.89007660,2.53242650,23.20747098,-0.14261618,0.0035480565
16,214,0.97940533,2.38364805,22.20544359,0.12154155,0.0062658857
16,215,0.91161759,2.68126006,22.14874169,0.17453204,0.0086116237
16,216,0.81976915,2.10645951,23.60207010,0.26810967,0.0038234102
16,217,0.84012806,2.83400886,22.70489539,0.18929643,0.0087440421
16,218,0.63774596,2.37717191,23.29090600,0.30704345,0.0125773409
16,219,0.76031144,2.56086915,21.00207430,-0.10999397,0.0067618034
16,220,0.83787998,2.92995085,23.25545511,0.08411780,0.0223891806
16,221,0.94514557,2.96152771,23.33271837,0.10467406,0.0026899838
16,222,0.79675695,2.87429906,20.53697513,0.10763591,0.0030428312
16,223,0.77442818,3.59133477,22.36734445,-0.47221539,0.0056316387
16,224,0.76210380,2.27272367,22.60813852,-0.16746485,0.0039650853
16,225,0.87820715,2.37669284,23.79697253,0.18086576,0.0036688251
16,226,0.86030395,2.98628641,21.91117447,0.24046404,0.0055084327
16,227,0.83521727,2.50121666,24.21246873,0.23553633,0.0015976432
16,228,0.85120085,2.61386642,22.90993739,0.15340762,0.0041694310
16,229,0.70288619,2.83572571,21.49498423,-0.02679025,0.0059034410
16,230,0.94617445,2.46748628,20.77421483,0.31861200,0.0051807298
16,231,0.77019754,2.98472828,21.19982148,0.01088349,0.0049718251
16,232,0.96413909,2.91779818,21.13428362,0.18398364,0.0016052658
16,233,0.89824366,2.57185689,21.44598434,0.20637643,0.0024902557
16,234,0.75830026,2.97279054,20.52895431,-0.07812012,0.0050214976
16,235,0.92150375,2.78815096,21.67473089,0.44810845,0.0068085441
16,236,0.83281219,2.16531839,22.27093143,0.35635087,0.0033026697
16,237,0.67603894,3.08453103,23.74838390,0.38027066,0.0066836674
16,238,0.87276412,2.73294263,22.61748181,0.15799662,0.0054792942
16,239,0.92452689,2.70639669,21.30194944,0.21835115,0.0045094986
16,240,0.70453034,2.36308477,22.60404336,0.34527940,0.0108810409
16,241,0.78578435,2.22089636,22.66756941,0.16375552,0.0038374501
16,242,0.68470151,2.90670041,22.28696737,0.24709009,0.0050536451
16,243,0.84103487,2.73847236,21.72441037,0.02852613,0.0041131970
16,244,0.68419011,2.11035915,21.31749926,0.20310067,0.0129159660
16,245,0.88749007,2.17147349,22.89553700,0.23797193,0.0024349513
16,246,0.84859902,2.24262575,19.88043851,0.19722727,0.0039487886
16,247,0.78989145,3.01722172,20.09184889,0.26341763,0.0044496580
16,248,0.79557846,3.04813528,22.40274221,0.39525483,0.0057374771
16,249,0.86934219,2.86342305,21.72629372,0.17651173,0.0019053348
16,250,0.64129526,3.11453749,22.75367793,0.08971016,0.0075255384
16,251,0.73757521,3.21868198,21.72987294,0.18434286,0.0033358907
16,252,0.82983245,2.74739445,22.16806414,0.28321342,0.0028947660
16,253,0.93230786,2.72160539,20.57267380,0.22339663,0.0043375622
16,254,0.92319358,2.14373370,23.35310608,0.21831548,0.0042040734
16,255,0.96324018,2.96641021,21.61929560,0.22010854,0.0020403955
16,256,0.72797238,2.67931155,20.58340107,-0.17553259,0.0022238042
16,257,0.63614256,3.13024208,20.43415663,-0.19187535,0.0058891471
16,258,0.87129688,3.25520945,22.08713854,0.08510730,0.0037338547
16,259,0.71189784,2.18060845,22.61872869,-0.06745285,0.0026631946
16,260,0.75900326,2.75223302,22.78603938,-0.04238681,0.0217940836
16,261,0.89316442,2.41910210,21.29283163,0.39534740,0.0080928584
16,262,0.80776734,2.73892761,23.06769374,0.17164777,0.0032780864
16,263,0.83580742,3.04460691,21.89527831,0.16561463,0.0057807339
16,264,0.71706102,2.14273735,21.65982069,0.39715842,0.0075981045
16,265,0.78948692,2.44542035,21.94655097,0.13389622,0.0073821283
16,266,0.89517813,2.26367504,21.34784494,0.08473845,0.0055478949
16,267,0.86351309,2.53212059,21.07489384,0.00810227,0.0012004331
16,268,0.88472472,2.43899453,22.59521998,-0.31954370,0.0019132622
16,269,0.89937495,2.06348372,21.68498480,-0.07142198,0.0025296358
16,270,0.69108968,2.33260787,22.10765762,-0.07294119,0.0020482609
16,271,0.85620698,2.34180315,22.58261656,-0.05493994,0.0093032899
16,272,0.92040067,2.47495768,21.17594707,0.29031166,0.0031747736
16,273,0.87368337,3.14454812,20.94539852,0.29019928,0.0050962650
16,274,0.56057498,2.68303946,21.24744548,-0.00071338,0.0040044095
16,275,0.65789130,2.34726912,23.00751101,0.02182154,0.0020496488
16,276,0.91132627,2.49862865,23.91016900,0.27482178,0.0049220572
16,277,0.92276900,2.75541109,20.88085174,0.25458152,0.0020988696
16,278,0.51661679,2.25780753,22.04131611,0.19484672,0.0036561426
16,279,0.86799989,2.54457164,22.48362661,0.32134222,0.0107773595
16,280,0.77430246,2.59312807,20.43525594,0.25270557,0.0057729409
16,281,0.57541312,2.23649810,22.24434380,0.14529514,0.0062022490
16,282,0.78056605,2.37626887,20.91459915,-0.13719767,0.0050433143
16,283,0.85297563,2.54787156,22.35432046,0.06741058,0.0038383018
16,284,0.76704821,2.76766621,21.64127733,0.08285349,0.0030944595
16,285,0.72649435,2.94304075,21.37551677,0.08274445,0.0055182081
16,286,0.77774934,2.47413953,19.50831115,0.04530440,0.0105999573
16,287,0.90701516,2.42239009,21.74556111,0.08687081,0.0071086302
16,288,0.81005177,2.85887075,21.82297049,-0.38012597,0.0071150751
16,289,0.87873060,2.92688448,22.39414812,0.05653663,0.0028897176
16,290,0.73535918,2.27191088,21.00592342,0.36642055,0.0085873125
16,291,0.86482480,2.68766485,22.23494789,0.24597226,0.0049117433
16,292,0.78349128,2.41013788,22.49876291,0.14451806,0.0023507239
16,293,0.93081019,2.82761453,23.23281151,0.34693184,0.0045787856
16,294,0.82232834,2.72897068,22.76396012,0.34296459,0.0064257288
16,295,0.89192418,3.00781081,21.44278074,0.04732299,0.0022455786
16,296,0.78241367,2.30611916,22.44025777,0.00183746,0.0144729555
16,297,0.75159023,2.32569294,21.53923394,-0.24792212,0.0088660717
16,298,0.72769377,2.42592137,23.76068592,0.24703753,0.0031889318
16,299,0.94145943,2.35872367,21.61749930,0.02300164,0.0029921141
16,300,0.85535789,2.02780294,24.36646859,0.09990474,0.0043294658
16,301,0.92551277,2.34034413,22.42598444,-0.02825238,0.0042202852
16,302,0.84021199,2.48703011,20.74198291,0.06071921,0.0053725106
16,303,0.66632582,2.61351764,22.11551835,0.11390154,0.0039424390
16,304,0.72974925,2.77649289,21.60994393,0.14455979,0.0042264997
16,305,0.84349840,2.79601496,23.16180723,-0.48924736,0.0028272637
16,306,0.85674350,2.79260583,22.20892422,0.37756348,0.0044802313
16,307,0.59388282,2.11308955,20.55866760,0.19509228,0.0036844295
16,308,0.76282649,2.81066837,22.96628684,-0.01839286,0.0065450715
16,309,0.89614796,2.33558946,21.61324053,0.22232404,0.0062432462
16,310,0.64850679,2.82647660,22.24707302,0.26685214,0.0040343510
16,311,0.84705793,2.81153813,20.11556769,0.26960794,0.0020742448
16,312,0.79574357,2.36874702,24.42799085,0.33285387,0.0026777846
16,313,0.88545456,2.45119859,22.38972322,0.15884904,0.0031139473
16,314,0.91647278,3.45202264,21.36800755,0.03131467,0.0048167488
16,315,0.81937459,2.69983998,22.97871518,0.09612413,0.0085935979
16,316,0.89586583,3.73793511,20.61421408,0.20112127,0.0106106399
16,317,0.60291638,3.02234176,22.28295229,-0.17373191,0.0031948760
16,318,0.79461296,2.22407205,23.72240903,-0.23025120,0.0018190796
16,319,0.81734052,2.89351395,20.89489506,0.45490753,0.0102775331
16,320,0.90065310,2.38764784,22.14907731,0.21890628,0.0086731185
16,321,0.50680039,2.21045212,20.75445576,0.38952154,0.0035123251
16,322,0.74689005,2.47925026,22.11259790,-0.15963024,0.0032933930
16,323,0.62097766,3.11236947,21.13839144,-0.11903114,0.0076826052
16,324,0.87171664,2.10775624,21.88370521,-0.02584198,0.0034771389
16,325,0.73353891,3.29252473,23.05235705,-0.14955228,0.0036457562
16,326,0.68070160,2.30200954,21.41037972,0.34872591,0.0074887936
16,327,0.88981797,2.35140537,20.65554909,-0.05725550,0.0038481328
16,328,0.73559360,2.63776320,21.81488848,0.14605489,0.0072817136
16,329,0.68424769,2.68518461,22.47964976,0.37085426,0.0077921889
16,330,0.85642352,2.60298849,22.08599036,0.07133207,0.0019662963
16,331,0.87115667,2.39194308,23.01290459,0.33634313,0.0103011997
16,332,0.93941520,2.92345992,21.68568829,-0.03631843,0.0071057161
16,333,0.94846050,2.11862040,18.97761408,0.43837667,0.0051710338
16,334,0.93054107,2.51043475,22.20945859,0.24950360,0.0036514128
16,335,0.73911274,2.29134099,20.98898343,0.10045641,0.0110847518
16,336,0.77866426,2.97165821,22.38399250,0.26786789,0.0020446463
16,337,0.91673027,2.64920047,21.20310465,0.46424439,0.0018937638
16,338,0.91398215,2.18824176,20.97315535,0.28025488,0.0014256155
16,339,0.72185430,2.62827938,22.61341206,0.35344121,0.0078439676
16,340,0.85500218,2.86126839,20.98704720,0.36757019,0.0073904383
16,341,0.94089901,2.60036814,21.71825738,-0.14962496,0.0062851504
16,342,0.83346107,2.36613254,20.64730220,0.22910087,0.0052020191
16,343,0.82093419,2.22619469,21.57940557,0.19569708,0.0082264872
16,344,0.53885897,2.77999772,20.54768510,0.34245953,0.0065529772
16,345,0.92502939,2.61410229,20.66471452,0.24538629,0.0087901981
16,346,0.76532761,2.49635486,19.34784699,0.36937689,0.0038905364
16,347,0.79186059,2.87384689,21.85592822,0.37403855,0.0056984264
16,348,0.69200671,2.60030113,22.06232005,-0.32425945,0.0062583906
16,349,0.74432800,2.46527540,21.17851892,0.19217538,0.0049550891
16,350,0.92063028,2.74871374,21.73057348,0.06764031,0.0026744922
16,351,0.64448926,2.83715252,21.70590574,0.12746382,0.0059547645
16,352,0.84937858,3.01394324,22.96776826,0.13445192,0.0032719192
16,353,0.98533277,2.43768108,21.50078599,0.26967658,0.0120001535
16,354,0.79995133,2.47361463,22.31258198,-0.01439925,0.0037443654
16,355,0.61738624,2.14233605,22.88667480,0.44652965,0.0015607512
16,356,0.63157701,2.91100235,24.40481200,0.13303437,0.0112351410
16,357,0.69973566,2.83526983,22.20423693,0.04325671,0.0217169327
16,358,0.89793937,2.97539416,20.38313616,0.21902349,0.0018930651
16,359,0.95390771,3.88504673,21.13431741,-0.25530889,0.0043986011
16,360,0.87061979,2.65796698,22.89491726,0.05960416,0.0015502645
16,361,0.67198459,2.39183066,20.87344774,0.12724701,0.0079290650
16,362,0.94617887,2.56122701,21.77436263,0.42490745,0.0044950656
16,363,0.76596767,2.46726238,23.95419367,0.17139278,0.0041098000
16,364,0.81850566,2.46946419,23.27641215,0.19146436,0.0063829176
16,365,0.93785454,2.52555646,21.92830251,0.00719242,0.0027143322
16,366,0.93513443,2.81218720,22.95389406,0.18217372,0.0024072852
16,367,0.91712373,3.10468709,22.66765858,-0.06316533,0.0029160304
16,368,0.68816088,3.13789438,21.98372509,0.06993612,0.0021319667
16,369,0.71532049,3.25598604,22.26910603,0.16245038,0.0013722759
16,370,0.87206041,2.71898129,20.64220387,0.25823386,0.0013321990
16,371,0.63032532,3.40386745,22.89036474,0.03156950,0.0057200309
16,372,0.75727890,2.05733450,19.99083253,0.30163327,0.0070113202
16,373,0.82942465,2.47348890,19.45616542,0.10700631,0.0014551915
16,374,0.84542169,2.03485140,19.05381899,0.38187204,0.0068762578
16,375,0.90773754,2.45029067,21.75481602,0.21689701,0.0153416138
16,376,0.71854104,2.67714221,21.80681093,-0.14532806,0.0103497862
16,377,0.85827618,2.77784494,20.83867969,-0.05513028,0.0049460752
16,378,0.86852376,2.75875219,22.23640428,0.07701416,0.0172739604
16,379,0.82508365,3.00177362,22.46337444,0.03808822,0.0061690118
16,380,0.86929250,2.56484454,22.53329207,0.35242720,0.0035326331
16,381,0.72675921,3.08278007,20.99111639,-0.01761686,0.0014315709
16,382,0.71950256,2.38029378,23.57174588,0.04483175,0.0064114352
16,383,0.95179165,2.68022366,23.13610686,-0.09325873,0.0025452220
16,384,0.85234749,2.20360235,21.37357126,0.37426124,0.0024610817
16,385,0.78449140,2.87715086,21.92209392,-0.25408355,0.0054496897
16,386,0.81514072,2.59071655,22.64457463,0.25478759,0.0046472083
16,387,0.87938399,2.64648306,21.82203657,-0.26812645,0.0041011966
16,388,0.81789042,2.46434892,22.45552231,0.15326279,0.0023916752
16,389,0.81245134,2.36367064,23.49622429,0.37779808,0.0036800495
16,390,0.63422899,2.15387774,23.27518554,0.37178516,0.0015141286
16,391,0.76110630,2.44068272,21.32086649,0.05235715,0.0053722866
16,392,0.85292238,2.65910942,20.05221297,0.25959208,0.0068314835
16,393,0.74626056,2.70294420,22.05347968,0.38445221,0.0049092726
16,394,0.97424165,2.28024122,23.56896368,0.43725832,0.0056583490
16,395,0.70343013,3.75590323,22.27223963,0.03480504,0.0078254197
16,396,0.77672475,2.48403331,23.36627280,-0.13602409,0.0048839816
16,397,0.88128881,2.16586714,20.26820007,0.24154371,0.0042634062
16,398,0.77810251,2.73652222,22.77495900,0.16723510,0.0049580874
16,399,0.87304881,2.36230158,23.75677533,-0.11386043,0.0082922606
16,400,0.85194359,2.50434448,21.77853568,0.01578818,0.0087645437
16,401,0.77998884,2.60657330,21.03718855,0.27982741,0.0029214438
16,402,0.61550370,3.06972276,22.25578836,0.40925486,0.0050950545
16,403,0.77069973,2.84045857,20.93605809,-0.17017324,0.0042777733
16,404,0.84773053,2.58387898,22.16829176,0.07520101,0.0040638595
16,405,0.88743025,2.75514555,22.52273201,-0.02697730,0.0020701386
16,406,0.70402171,2.44996210,20.88640807,0.23545224,0.0042918399
16,407,0.64031539,2.98313024,20.45319856,0.14808371,0.0108172630
16,408,0.74649980,2.34698175,24.70353314,0.01858138,0.0032182909
16,409,0.70766466,2.73596388,23.03724950,0.41437406,0.0029952562
16,410,0.75345543,2.76535932,22.88836758,0.21961692,0.0042525424
16,411,0.89975459,2.85303207,21.60562564,0.04207597,0.0045016562
16,412,0.65039197,2.81087284,21.04977226,0.17483388,0.0049096320
16,413,0.74219286,2.16026461,22.69373651,0.32353111,0.0018800408
16,414,0.65554864,2.96938553,21.15579741,-0.14377788,0.0020222718
16,415,0.83790473,2.82309261,22.13021228,0.40259876,0.0061016586
16,416,0.75973117,2.71758541,19.99144018,0.46699057,0.0025444193
16,417,0.86922191,2.66071600,23.97061679,0.21328986,0.0017227141
16,418,0.62491934,2.18207164,22.68599434,0.19744646,0.0051542036
16,419,0.74097271,2.66394175,22.51933771,0.18950635,0.0047131799
16,420,0.94158883,2.95117124,20.32918775,-0.14920656,0.0013145591
16,421,0.67757776,2.10193730,22.29671016,0.03488281,0.0059910561
16,422,0.72207058,2.42972416,22.18533109,0.29726595,0.0034259001
16,423,0.87508459,2.56176040,20.72137995,-0.08608136,0.0054481317
16,424,0.72815309,3.69596278,22.55211220,-0.19223239,0.0049585980
16,425,0.86635461,2.43960884,22.43141600,0.48045229,0.0019236939
16,426,0.86798978,2.15998150,20.72986808,0.18027700,0.0016075054
16,427,0.93617369,2.40721864,21.87327394,-0.13984783,0.0197917299
16,428,0.80364172,2.15779266,22.15141226,-0.13200572,0.0034544078
16,429,0.85122942,2.43635201,20.42841817,0.26782040,0.0055983753
16,430,0.84989062,3.07660276,23.52487647,0.16236826,0.0007790487
16,431,0.81780839,2.48774655,22.05050541,-0.02603438,0.0031619533
16,432,0.79406266,2.16661791,22.57002524,-0.42206330,0.0028530114
16,433,0.88965668,2.83643531,21.68607178,0.16447532,0.0058332861
16,434,0.71103598,2.90781197,22.49129367,0.15234591,0.0030822591
16,435,0.65796419,2.12055006,22.48167705,0.40985895,0.0055208457
16,436,0.88897952,2.09787658,20.90781989,0.11847317,0.0005124037
16,437,0.87995771,2.32445122,21.90480488,0.08398603,0.0010288007
16,438,0.79977881,3.14346919,23.11343606,-0.49369819,0.0050944653
16,439,0.75863830,2.57975471,22.00100981,0.41800996,0.0037598994
16,440,0.90555148,3.21717974,21.02461826,0.23088412,0.0023559221
16,441,0.79910765,2.57964321,22.63019400,-0.03878389,0.0068008073
16,442,0.86835711,2.11500129,23.45134696,0.31637836,0.0044530171
16,443,0.82210583,2.18277843,21.40528029,0.00213939,0.0066710714
16,444,0.67380502,2.18280823,22.81936339,-0.02169668,0.0043244069
16,445,0.80090061,2.49634055,21.30635351,0.19346473,0.0114453354
16,446,0.72577794,2.60676582,20.84278766,0.45086272,0.0105120793
16,447,0.87573251,3.74832519,22.39394256,-0.28986521,0.0024058519
16,448,0.80497848,3.25698633,22.98289128,-0.08798189,0.0043551554
16,449,0.91758703,2.68114658,21.73440806,-0.01874051,0.0051351692
16,450,0.90571206,2.18495070,23.29363818,0.16867786,0.0025980930
16,451,0.80122131,2.88077514,22.99463006,0.32137557,0.0017495711
16,452,0.87902963,2.94063828,22.88968732,0.30504715,0.0074850699
16,453,0.72035608,2.56151522,23.98304033,-0.12582273,0.0073614058
16,454,0.73029156,2.03820289,24.17316795,0.34320734,0.0092742857
16,455,0.81956443,2.61311604,20.63699538,0.34568171,0.0048954653
16,456,0.83307374,2.55265198,19.98729517,0.27755236,0.0071548152
16,457,0.91256207,2.45512161,21.75488043,0.11367905,0.0107880900
16,458,0.88990959,2.50976138,22.28608205,0.35747161,0.0095176126
16,459,0.78726628,2.83306034,22.85112883,0.27775313,0.0057381797
16,460,0.85696370,2.64515752,23.22693740,0.25035093,0.0015874700
16,461,0.76932612,2.40664649,22.03686698,-0.10833217,0.0026622210
16,462,0.57766682,2.74849576,22.38796651,0.04679347,0.0047928735
16,463,0.89243246,3.40153040,24.93479600,0.34787478,0.0115065060
16,464,0.72617207,3.59933005,22.45446080,-0.12661896,0.0045611258
16,465,0.93849549,3.10926783,20.98833485,-0.20675670,0.0019217268
16,466,0.93286698,2.57944210,20.95351626,0.01133845,0.0058878406
16,467,0.87811279,2.48846631,21.77147859,0.04517895,0.0019917202
16,468,0.84465716,2.23343647,21.10833595,-0.32850837,0.0097989937
16,469,0.88826738,2.58642984,22.38029726,0.09486088,0.0073052723
16,470,0.85654133,2.93508440,22.05280348,-0.20222343,0.0039027880
16,471,0.69476075,2.95576055,22.04638916,0.40793997,0.0050627725
16,472,0.69567554,2.90869623,22.03310431,0.12675540,0.0030464015
16,473,0.79346478,2.49584914,22.82512253,0.08210512,0.0043963548
16,474,0.84916179,2.61224770,23.10054416,-0.02702696,0.0068387685
16,475,0.79049625,2.82972876,20.73740136,0.21952176,0.0095341693
16,476,0.80885329,3.00601629,22.17372537,-0.02473312,0.0023545231
16,477,0.73100408,2.35180891,20.98968393,0.32676228,0.0029080593
16,478,0.82969098,2.72535844,23.02841755,-0.19609625,0.0062566701
16,479,0.62643612,2.66168312,22.28535029,0.13997209,0.0099929623
16,480,0.78912816,2.71338678,20.28984762,0.20051297,0.0067032340
16,481,0.69342903,2.91705885,20.81234904,0.16763290,0.0030494105
16,482,0.81334213,2.64885498,22.25425886,-0.35360719,0.0023233379
16,483,0.74151136,2.87664347,21.57608196,0.02065446,0.0050832083
16,484,0.84191597,2.04161033,23.43874447,0.30378807,0.0032197087
16,485,0.74384412,2.78429314,22.71456853,0.22089204,0.0051339138
16,486,0.75472526,2.94069371,21.13857480,0.07295881,0.0016974362
16,487,0.79890841,2.25224003,21.96032199,-0.00075250,0.0029846145
16,488,0.68215467,2.20768358,21.26040563,0.37921087,0.0032671541
16,489,0.79991573,2.47721021,21.16952853,0.22561881,0.0014467177
16,490,0.71713008,2.13717601,22.16202311,0.15860389,0.0060063300
16,491,0.83211839,2.39167685,23.05501629,-0.07704800,0.0034696347
16,492,0.75994217,2.38197033,22.14848184,0.01809483,0.0023724896
16,493,0.76345833,2.52533457,21.44572570,-0.13468322,0.0036028829
16,494,0.92842028,2.26533297,21.35381081,0.00870061,0.0038241865
16,495,0.89422991,2.70809753,23.01975946,0.39500630,0.0039049058
16,496,0.76796893,2.79639605,20.76322191,0.11866302,0.0066842471
16,497,0.88755460,3.30801278,22.41258346,0.09810143,0.0023243170
16,498,0.81345663,3.22991099,21.13338922,0.08075966,0.0041565159
16,499,0.81762951,2.83654558,20.99333611,0.26321828,0.0033554106
16,500,0.72660365,3.10161295,21.93291904,0.24541643,0.0102884383
16,501,0.84462518,2.94906936,24.25706715,0.21761709,0.0054566496
16,502,0.75482649,2.62128934,21.61568942,-0.12386842,0.0037600980
16,503,0.94987102,2.89652529,22.45442254,-0.49657519,0.0021505209
16,504,0.81219870,2.52529831,21.65689112,0.21259768,0.0061807794
16,505,0.91711098,2.55895896,20.93165777,-0.03463790,0.0015218587
16,506,0.68386518,2.89958920,22.97570926,0.18657969,0.0052572412
16,507,0.70060031,2.08750467,21.87306001,0.19322153,0.0046723083
16,508,0.80297622,3.00782194,21.99412284,0.48506037,0.0059475568
16,509,0.75568018,3.51784461,20.21985145,0.40918968,0.0065377765
16,510,0.74856987,2.65278491,21.12632758,0.25581210,0.0044018983
16,511,0.82429375,2.33934649,24.19171749,0.40967677,0.0089307012
16,512,0.75564890,2.21882280,23.64261350,-0.45798148,0.0073630259
16,513,0.72799697,3.28397297,21.10352787,-0.47744163,0.0071125103
16,514,0.95059777,2.90625351,21.27583059,0.12970204,0.0029195354
16,515,0.83135829,3.66046578,23.74389869,-0.05524150,0.0028034371
16,516,0.74915358,2.29561020,21.61583129,0.25988070,0.0063475189
16,517,0.74520793,2.86117742,22.08729269,0.26808814,0.0046790969
16,518,0.66278195,2.68376834,21.50696327,0.11355086,0.0059902463
16,519,0.81960383,2.22118428,21.28939295,0.25529048,0.0047294427
16,520,0.87476818,2.57928879,21.92120277,0.40067451,0.0034190345
16,521,0.79526182,3.00744274,20.51083740,-0.09640853,0.0023037226
16,522,0.80736501,2.79414346,23.00692409,0.24721639,0.0034275545
16,523,0.77466619,3.05190157,20.78844693,-0.16991615,0.0032777658
16,524,0.73986240,2.65787182,22.18233996,0.25408077,0.0085035044
16,525,0.85709423,2.24970814,21.03123245,0.22393838,0.0052394450
16,526,0.72156519,2.47607956,21.58362587,0.04062786,0.0102343269
16,527,0.63734711,3.01451461,22.83966827,0.13346402,0.0029447168
16,528,0.80512115,2.80482875,21.70120552,-0.21795784,0.0061009767
16,529,0.74861116,2.51290395,21.78490696,-0.13142191,0.0030054255
16,530,0.79912359,3.06411423,21.09885634,0.19037616,0.0076132442
16,531,0.88055253,2.75831207,23.12310281,-0.14735677,0.0035707720
16,532,0.70471296,2.66068202,21.43613894,0.28574931,0.0048897859
16,533,0.93723717,3.17237149,23.55348885,0.41687294,0.0114570177
16,534,0.91795935,2.89798943,21.22186287,0.15680514,0.0020727708
16,535,0.75273155,2.50929630,21.49404790,0.32376893,0.0059297103
16,536,0.62897989,2.32297985,21.02453101,0.23944598,0.0014853950
16,537,0.81146389,2.65878328,22.25608609,0.23893673,0.0040083882
16,538,0.58554555,2.32319967,21.95768004,0.05734940,0.0084961592
16,539,0.90104954,3.53337329,23.26747530,0.19649417,0.0030204173
16,540,0.72701369,2.71114929,23.34853709,0.05346257,0.0023215142
16,541,0.75603938,2.75026333,21.62165866,0.28212779,0.0062417704
16,542,0.55890907,2.57962401,21.81267321,0.04020770,0.0099182583
16,543,0.75569803,2.25178859,21.51128021,-0.11363424,0.0089457173
16,544,0.70036541,2.35654833,21.97994555,0.20855515,0.0066616175
16,545,0.88342899,2.53511085,20.94710656,-0.23947887,0.0020187915
16,546,0.61008372,2.50142248,22.14930595,-0.08222529,0.0080977870
16,547,0.92147545,2.57580751,21.07252632,0.07775831,0.0124169348
16,548,0.95340654,2.41656337,23.63991061,-0.12868251,0.0024391196
16,549,0.82800933,2.92891561,21.27753472,0.26313399,0.0152530025
16,550,0.62799317,2.54798086,19.88939695,0.33440609,0.0046752541
16,551,0.88552324,2.50933570,22.07828694,0.00908079,0.0024743087
16,552,0.81560528,2.63618737,21.94660453,0.17829317,0.0036253348
16,553,0.79896068,2.29007736,23.31343544,0.39351895,0.0036543314
16,554,0.96697429,2.59858187,20.59510803,0.40486777,0.0039850921
16,555,0.82342754,2.81650423,20.36708649,0.10617272,0.0014715018
16,556,0.82496700,2.31268280,23.17303238,0.19364372,0.0048578517
16,557,0.77765880,2.49914286,21.48186326,0.17812452,0.0329019316
16,558,0.69194829,2.37740954,23.17181373,0.43144650,0.0061000147
16,559,0.93049605,2.27730998,20.94368649,0.07980244,0.0036691922
16,560,0.77630984,2.33633549,19.02653461,0.14955541,0.0031767327
16,561,0.72475439,2.77279587,22.31303293,0.00998576,0.0046185533
16,562,0.65084190,2.99480401,21.31501094,0.33330122,0.0060972363
16,563,0.83840288,2.62161233,22.97251591,-0.06204218,0.0068199715
16,564,0.86362207,2.71498718,22.82884418,0.41423698,0.0046367233
16,565,0.87002029,2.55688218,22.24435740,0.08156063,0.0054157864
16,566,0.93415070,2.25031651,22.86393372,-0.21760007,0.0063349741
16,567,0.84001140,3.10907412,20.76878968,0.07558022,0.0055828050
16,568,0.66748694,2.27401227,20.57703107,0.28949804,0.0031003438
16,569,0.82925235,3.47456157,22.12380611,0.22265828,0.0063469933
16,570,0.60857983,3.14526962,21.31898005,0.40825417,0.0055221150
16,571,0.90239146,3.01131475,22.66145586,-0.09411822,0.0012485987
16,572,0.70462559,2.42665942,21.41332154,0.34644950,0.0078767459
16,573,0.97815728,3.77170639,21.68796191,0.11328386,0.0032992982
16,574,0.82276306,2.45651933,22.41202945,0.04194964,0.0099100889
16,575,0.88475736,2.12341444,23.43714940,0.26507355,0.0087307049
16,576,0.63595732,2.35716515,20.54454963,-0.02258997,0.0061115253
16,577,0.88091625,3.19456154,21.71569643,0.42947593,0.0034660930
16,578,0.64109043,2.83239641,22.30331278,0.30031535,0.0061313538
16,579,0.65640073,2.40618277,23.46065816,0.20392598,0.0044537262
16,580,0.63358774,2.51400630,21.02290446,0.33090985,0.0070459125
16,581,0.91404988,2.36102134,23.22314440,0.09044374,0.0025878277
16,582,0.89665757,2.41573323,21.83702437,0.30232212,0.0206988683
16,583,0.86354032,2.34130410,20.64599350,-0.00537049,0.0060481347
16,584,0.72148492,2.41864754,22.01552157,0.37823193,0.0068226854
16,585,0.75198304,2.32760268,22.13328897,-0.10012411,0.0063511496
16,586,0.84322375,2.34632676,23.17999186,0.15037672,0.0029453594
16,587,0.71809496,2.16822780,21.97787786,0.37444569,0.0097493374
16,588,0.72752812,2.32277858,22.02290363,0.18650310,0.0059138025
16,589,0.80309482,2.62448665,21.84196759,0.06954374,0.0047453466
16,590,0.71072489,2.50731181,21.19746487,0.28813852,0.0040200662
16,591,0.75902132,3.37806872,21.84957349,0.27358401,0.0057009580
16,592,0.96796241,2.16974183,23.54081173,0.24366431,0.0039008351
16,593,0.84757207,3.15479093,22.32757492,-0.15815479,0.0042563722
16,594,0.87783775,2.86717956,21.75728933,0.25262293,0.0027282006
16,595,0.82674367,3.13705972,23.81107647,-0.19932536,0.0031206732
16,596,0.89305672,2.94802237,21.71964755,0.18073216,0.0028121952
16,597,0.85695891,2.92336029,23.05742013,-0.03370351,0.0070393079
16,598,0.74160741,2.77671516,22.03028833,-0.02723276,0.0025301282
16,599,0.69759681,2.21754005,21.55570324,-0.23144669,0.0037523755
16,600,0.79347605,2.46342988,22.80993090,0.44711650,0.0028572218
16,601,0.75511926,2.58662509,23.12131178,-0.11555249,0.0012680764
16,602,0.91142547,2.09020783,20.74129726,-0.16036131,0.0051381860
16,603,0.82212359,3.98065323,22.18175221,0.08605339,0.0042158436
16,604,0.81313882,2.84530632,23.37983590,-0.12714377,0.0042782647
16,605,0.88683484,2.74730364,22.64982609,-0.31660625,0.0045206882
16,606,0.84419836,2.52297185,21.31773060,0.48614661,0.0037699174
16,607,0.84601835,2.28700041,22.76108876,0.17860602,0.0035870427
16,608,0.96999724,2.50966104,23.45134087,0.43754315,0.0023378016
16,609,0.84261994,2.18813801,21.17086746,-0.09074149,0.0038478223
16,610,0.86461979,2.42304159,20.32393375,0.17588436,0.0018738799
16,611,0.75661753,2.09616396,20.76453103,-0.02476705,0.0074510500
16,612,0.81151930,2.34511050,21.22322349,0.06477814,0.0074425062
16,613,0.85956255,2.91774884,24.30326521,-0.04982107,0.0034201229
16,614,0.81249157,2.69479586,22.65197329,0.14816213,0.0026111017
16,615,0.89261304,2.40503046,22.14735870,0.42044011,0.0093585564
16,616,0.86690074,3.02144424,23.55161190,-0.03440578,0.0042496178
16,617,0.94887511,2.90568413,21.47114137,0.26824789,0.0031448507
16,618,0.72686548,2.66238869,24.59676251,0.22659217,0.0032774626
16,619,0.77495641,3.06991285,21.81316552,0.07696101,0.0022516498
16,620,0.59186470,2.21981432,23.87108819,0.37919464,0.0056045046
16,621,0.81595131,2.35027893,22.98007038,-0.07939794,0.0033077840
16,622,0.78375081,2.50461044,20.85937862,-0.19442293,0.0026583102
16,623,0.93620954,2.86758777,21.09504075,-0.00328849,0.0026974834
16,624,0.81015725,2.71079404,22.78596139,0.42394237,0.0062336042
16,625,0.89881441,3.01590457,22.71420707,0.13034257,0.0047880458
16,626,0.81997648,2.72690414,23.05537498,0.21294686,0.0125451729
16,627,0.64597199,2.17493674,22.11579945,0.20763524,0.0041870734
16,628,0.88267964,2.46902072,22.72349225,0.14485719,0.0084345292
16,629,0.66448572,2.28744801,22.10462574,0.25644367,0.0060120351
16,630,0.83483378,2.90044200,21.53043306,0.03292119,0.0064482952
16,631,0.91280403,2.35162402,23.19301301,0.12741308,0.0032423876
16,632,0.81551187,2.32431797,21.57777979,0.17138216,0.0041895628
16,633,0.89077890,2.09344666,22.28627934,0.07585366,0.0025556128
16,634,0.57882497,2.29140491,21.65694468,0.20284107,0.0071937710
16,635,0.87654647,2.92181016,23.33776818,0.40730845,0.0038998615
16,636,0.76064880,2.54103449,21.33603378,0.14723422,0.0045448758
16,637,0.85146357,2.86653999,21.69944331,-0.04885906,0.0032821467
16,638,0.97665338,2.84047876,21.45577081,-0.16002717,0.0056658820
16,639,0.77082823,2.82300567,22.91346944,0.32711258,0.0055416059
16,640,0.79510773,2.88655091,22.92920178,-0.26241066,0.0045489370
16,641,0.80038034,3.36647182,22.20771822,0.12223198,0.0055941782
16,642,0.85193151,2.21620606,22.90634703,0.03814712,0.0089811046
16,643,0.81188177,3.99522662,20.32913205,0.34879943,0.0081045225
16,644,0.77675850,2.42155653,20.05285868,0.22096926,0.0028669176
16,645,0.80543755,2.48614661,21.55967736,0.17929985,0.0046739803
16,646,0.95796023,3.50737332,22.69521737,0.19035506,0.0045326892
16,647,0.79068925,2.37943657,20.38373053,0.46557914,0.0033400745
16,648,0.96841713,2.98688734,21.70363930,0.41818969,0.0047373755
16,649,0.84844704,2.43685775,21.71205642,0.07929317,0.0144201387
16,650,0.94452930,2.30820798,22.21486384,0.27486500,0.0023710519
16,651,0.79719092,2.08591100,21.25049179,0.33735918,0.0054407139
16,652,0.68267710,2.45495447,22.45268879,0.41222103,0.0035595505
16,653,0.74918819,2.50840789,21.58832856,0.33909625,0.0044218713
16,654,0.90898573,2.46073851,20.02921192,0.34604168,0.0053345047
16,655,0.90221838,2.67176479,21.65152789,0.14248111,0.0082594014
16,656,0.90518743,2.75960676,22.79064638,0.26789064,0.0055896243
16,657,0.80892397,3.39673190,22.00859526,0.30780099,0.0021186710
16,658,0.85792439,3.34386247,22.56234539,0.12803922,0.0021129678
16,659,0.69985431,3.34569827,20.51056458,0.36917017,0.0038203107
16,660,0.70914528,3.55830006,24.27618468,0.08649247,0.0024738557
16,661,0.81938024,3.07389075,22.30294668,0.33382836,0.0029884004
16,662,0.81030408,2.37393309,20.09074543,0.22794902,0.0158001541
16,663,0.79252207,2.40007492,21.74210005,0.24746615,0.0053113298
16,664,0.73689141,3.02244190,23.66728830,0.31817375,0.0042052157
16,665,0.87417744,2.48061752,22.72065250,0.31865951,0.0053612271
16,666,0.80755637,2.16284572,22.46677132,0.40602034,0.0029836063
16,667,0.96266212,2.48723839,22.86070841,0.19842874,0.0037394504
16,668,0.83348423,2.57040816,23.25104130,0.02352139,0.0036702595
16,669,0.75596750,2.75686201,21.58107142,0.03533061,0.0027127024
16,670,0.77503142,2.71209796,22.43041335,0.22450003,0.0091540907
16,671,0.82244062,2.10819060,22.67457395,0.29028245,0.0024699504
16,672,0.85312452,3.44695235,22.51843154,0.20947844,0.0037624926
16,673,0.85780256,3.04026127,22.54228889,-0.13200482,0.0055067479
16,674,0.84517575,2.69305659,22.71549178,-0.09540746,0.0065662955
16,675,0.83600542,2.70233871,23.31755823,-0.10506944,0.0046594279
16,676,0.80715538,2.28726208,21.58139465,0.09554836,0.0100807794
16,677,0.68457726,3.84584172,21.31920296,0.27111589,0.0109659661
16,678,0.82881033,2.92097966,22.76976739,0.29290805,0.0015286194
16,679,0.73733423,2.22056286,21.22773004,0.41104560,0.0044963048
16,680,0.74867026,3.11749928,22.41571684,-0.07686332,0.0048079970
16,681,0.81466427,3.34824045,23.18529979,-0.00814146,0.0133588984
16,682,0.79213551,3.34963285,22.19228235,0.08037957,0.0059057934
16,683,0.91851057,2.98988406,24.06539403,-0.03687075,0.0014903271
16,684,0.80079515,2.12627630,21.04517941,-0.08741108,0.0067699667
16,685,0.77959717,2.36117437,20.36027579,0.26906186,0.0039152907
16,686,0.72037590,2.75125138,21.60502622,0.26705586,0.0044827336
16,687,0.65163751,3.30678423,22.59790093,-0.40636387,0.0034037982
16,688,0.77532292,3.03257814,22.22004917,-0.04684449,0.0081900708
16,689,0.95017047,3.46711015,20.09291618,0.08675734,0.0031399914
16,690,0.71578346,3.05949262,21.39885799,-0.07627983,0.0049679814
16,691,0.57211289,2.66552265,21.33960286,0.40580171,0.0064159668
16,692,0.85530126,2.68625285,20.53370110,0.22573977,0.0035631686
16,693,0.80420883,2.58837375,21.46040451,0.16773719,0.0045737787
16,694,0.82595099,2.29854817,23.84464392,0.41006545,0.0033458058
16,695,0.77455976,2.67370838,23.74565488,0.03194894,0.0016289292
16,696,0.91167552,2.40422121,23.30300010,0.24925741,0.0067655324
16,697,0.96134389,3.75000505,20.73827607,0.04082979,0.0015512780
16,698,0.90234107,3.53467739,23.16959628,0.41901363,0.0018378533
16,699,0.85636858,2.10224251,21.73841183,0.18364613,0.0026143350
16,700,0.88094040,3.27589105,22.95338159,-0.03300595,0.0015342826
16,701,0.76436427,3.01962516,22.05481625,0.43569296,0.0083937785
16,702,0.70884842,2.39792453,21.63737183,0.11352239,0.0141490314
16,703,0.88930804,2.54391353,23.42221837,-0.27624125,0.0021822755
16,704,0.71972197,2.41263195,23.23556484,0.11901381,0.0073354137
16,705,0.76990232,2.56704952,20.12595229,0.17695102,0.0034219775
16,706,0.91256532,2.65792371,21.63073516,0.20221058,0.0043964477
16,707,0.81570415,2.82452641,24.14387879,0.09732624,0.0057110139
16,708,0.96347969,2.77073329,23.13896676,0.07272996,0.0025596654
16,709,0.83158042,2.50332866,22.00781627,0.17120812,0.0023590321
16,710,0.67866635,3.61481046,21.42979511,0.36522401,0.0048313844
16,711,0.75708265,3.27573574,21.57719126,0.21360722,0.0082500281
16,712,0.74368116,2.28881852,21.56582966,-0.16190835,0.0071059483
16,713,0.78061854,2.37471287,20.95409055,-0.24793755,0.0014422633
16,714,0.77509089,2.98544377,21.34379335,0.04513009,0.0036888077
16,715,0.79152208,2.19227989,23.13370241,0.07401549,0.0031223509
16,716,0.82484864,2.87434503,22.12712107,-0.41432825,0.0058043940
16,717,0.84154185,2.43355905,21.20661763,0.07226671,0.0089746339
16,718,0.64838761,2.38892608,22.50906779,0.19372170,0.0063520609
16,719,0.92735048,2.29287173,22.13394315,0.31006809,0.0057859302
16,720,0.90839909,2.48575303,20.67846809,0.40454194,0.0051674707
16,721,0.85719767,2.91292062,20.89973419,-0.14297803,0.0037029870
16,722,0.84047796,2.99034219,22.11837597,0.26107187,0.0017863433
16,723,0.65502767,2.15450424,21.60458891,0.08747445,0.0024348263
16,724,0.84097259,2.23482206,21.74016665,0.25885044,0.0049754424
16,725,0.89157858,2.28581694,21.69242678,0.23924994,0.0027844026
16,726,0.71458495,2.48889205,21.41307665,0.22058448,0.0079140376
16,727,0.82615919,2.33464026,22.32289970,0.21701156,0.0110190406
16,728,0.82238072,2.59089658,21.36053698,0.20756846,0.0013007078
16,729,0.78775800,2.37885564,22.89784649,0.49231052,0.0064164886
16,730,0.87704168,2.79434252,21.76769614,-0.17011172,0.0059502199
16,731,0.84257645,3.56665539,20.94005899,0.09616453,0.0203064866
16,732,0.67115393,2.68310719,22.06213892,0.08697256,0.0023300157
16,733,0.89182397,2.76971209,21.58902602,0.11609288,0.0054821234
16,734,0.88774700,3.06813301,23.79944805,0.38712472,0.0030851399
16,735,0.93328761,2.78961187,21.65562146,0.01726591,0.0076313505
16,736,0.84683291,2.70101714,21.89607551,0.21738730,0.0043434405
16,737,0.82268241,2.14449887,23.15190172,0.20782436,0.0031342747
16,738,0.71257713,2.66784694,22.72917808,0.02430680,0.0016898219
16,739,0.85652250,2.19125936,21.94595011,0.11755829,0.0041864010
16,740,0.76991258,2.61423754,22.22686240,0.09319385,0.0021481050
16,741,0.73359854,2.28716365,22.17215154,0.04093079,0.0044712535
16,742,0.81578268,2.33294023,21.34178244,0.00952432,0.0038092207
16,743,0.57652663,2.81023715,21.81091589,0.20275916,0.0068233479
16,744,0.93707998,2.86408174,22.70450875,-0.07442528,0.0051560708
16,745,0.87056705,2.94818797,22.47166492,0.15512512,0.0045308354
16,746,0.81798147,2.88183098,20.85479627,0.04950792,0.0030340041
16,747,0.82968710,2.85714892,20.76491445,0.25708408,0.0027316488
16,748,0.89426263,3.16597857,20.90348400,0.13881342,0.0058265494
16,749,0.93349370,3.97693904,19.96827849,0.27020611,0.0046809057
16,750,0.74548580,2.60870381,22.76109149,-0.06799829,0.0055148392
16,751,0.71450241,2.93879325,22.07544955,0.44439503,0.0031982848
16,752,0.80462343,2.28852734,22.97780076,-0.08066995,0.0115629477
16,753,0.91184514,2.32915574,22.28852942,0.31618903,0.0039641210
16,754,0.72465413,2.44014961,22.74349057,0.24029550,0.0027707342
16,755,0.86636370,2.56918330,22.67629521,0.06769831,0.0045193577
16,756,0.75666438,2.57878720,22.92683037,0.09250042,0.0027894217
16,757,0.80799463,2.49453559,23.33005579,-0.12575264,0.0024370453
16,758,0.83720065,2.09153265,25.01556554,0.18144586,0.0055446552
16,759,0.63844696,2.97611259,20.92964354,0.10448742,0.0015868857
16,760,0.93451203,3.02492717,21.04883642,0.02782054,0.0140079852
16,761,0.84842145,2.79786435,20.67346244,0.25099985,0.0072459565
16,762,0.88308664,2.17353292,22.61770117,0.26722028,0.0076191892
16,763,0.65432220,2.71428471,23.61853061,0.29084984,0.0041471669
16,764,0.94034532,2.90165170,21.37554569,-0.25315545,0.0078714178
16,765,0.75727863,2.51015622,20.25445436,-0.03137903,0.0089684168
16,766,0.76114576,2.83340366,21.86953038,0.23805567,0.0012781978
16,767,0.79641171,2.53989750,23.57375074,0.06918693,0.0047072300
16,768,0.72978289,3.01923498,21.02953940,0.26377294,0.0026685483
16,769,0.88578694,2.28362938,21.49622015,0.22753399,0.0054814936
16,770,0.70923197,2.28967027,21.79810592,0.25356640,0.0049462009
16,771,0.91727589,2.67003271,22.36279634,0.01432058,0.0037997322
16,772,0.81151637,2.38739693,20.60721818,-0.04693185,0.0034408716
16,773,0.79451207,2.81573784,21.85594912,0.36190325,0.0104065326
16,774,0.85243000,2.41256373,20.12658190,-0.24466737,0.0085566081
16,775,0.77934648,2.85645809,23.79987056,-0.10254236,0.0048599350
16,776,0.87381927,2.52242762,22.32624755,0.13298266,0.0099307264
16,777,0.75849093,2.90048499,22.89942838,0.12459150,0.0060636822
16,778,0.93847639,2.26769033,21.95428440,0.26394519,0.0059043819
16,779,0.86757045,3.98444235,22.05240613,-0.01528848,0.0007784775
16,780,0.87692392,2.76651094,21.87087478,-0.01717653,0.0153516709
16,781,0.86352554,2.86030184,22.83705285,0.23744616,0.0019544679
16,782,0.77811870,2.50475595,22.51947736,0.37764240,0.0048277380
16,783,0.90409482,2.61391887,20.92828146,0.15431537,0.0035669758
16,784,0.82903811,2.40651557,24.77288281,0.06010345,0.0035842474
16,785,0.77270505,2.49593881,21.83043621,-0.07772197,0.0053567588
16,786,0.78836317,2.48124487,21.24178199,0.05535698,0.0021323693
16,787,0.75902927,2.81793462,21.81994518,0.24624526,0.0007517051
16,788,0.76067284,2.52604046,23.27258779,0.18066498,0.0038558717
16,789,0.83121701,2.70091504,20.10865229,0.09969258,0.0008183830
16,790,0.73844027,2.73387636,21.61460915,0.03697810,0.0030322201
16,791,0.54322347,3.00842063,23.26388509,0.47462599,0.0049757619
16,792,0.87524080,2.68708279,23.12310485,0.48842097,0.0114193730
16,793,0.72442888,3.02763558,23.05608383,-0.09355134,0.0041692384
16,794,0.71151190,2.17555741,21.93739881,0.20293892,0.0132634685
16,795,0.69008177,2.48227249,22.89596369,0.34003638,0.0021545077
16,796,0.84801626,2.64239768,24.50713339,-0.05321925,0.0188006775
16,797,0.92493136,2.74494625,21.81722434,0.25184299,0.0009437522
16,798,0.69891763,2.60712725,23.49923359,0.18926644,0.0057653668
16,799,0.74334186,2.82474092,21.87710066,0.02159696,0.0036707585
16,800,0.61732741,2.48510305,22.82007760,0.22406272,0.0098244681
16,801,0.79584277,2.86625229,22.44583184,0.34842842,0.0077348656
16,802,0.83531694,2.98855005,22.07416158,-0.46245072,0.0017436914
16,803,0.83210417,2.41123716,22.46506737,0.09012308,0.0082535724
16,804,0.60706098,2.25334347,23.62860605,-0.04554259,0.0025485535
16,805,0.84955927,2.36667759,22.05707427,-0.01913060,0.0036539889
16,806,0.53646786,2.67478243,21.86875181,0.08456218,0.0036485101
16,807,0.97931566,2.83044479,22.23722042,0.15032526,0.0022534263
16,808,0.68885882,2.45822856,22.46860551,0.35653074,0.0016009071
16,809,0.79439833,2.43933015,20.84156296,0.32572162,0.0043289456
16,810,0.78485013,2.80839565,20.43136188,0.09341506,0.0093425924
16,811,0.82503300,3.03188914,19.33999155,0.07248347,0.0053316012
16,812,0.86584463,2.69246741,21.45728392,0.19502927,0.0072254622
16,813,0.82275674,3.04348218,22.22946430,0.33980329,0.0032433094
16,814,0.82157425,2.40551832,24.07216048,-0.19834620,0.0032937025
16,815,0.78524434,2.64351260,20.46319432,-0.17866540,0.0044187843
16,816,0.73994840,2.82444214,21.65479623,0.38686595,0.0008169120
16,817,0.68027095,2.94550462,21.42820941,0.32505441,0.0028675340
16,818,0.83574868,2.37816183,22.32049059,0.14053861,0.0102446717
16,819,0.75380809,2.30731691,20.75359586,0.06558446,0.0081532992
16,820,0.79050123,2.71459817,22.93444202,0.19916554,0.0100815119
16,821,0.83436096,3.04740064,21.56877643,0.08053301,0.0078437996
16,822,0.82844589,2.31455436,23.17109359,-0.08132927,0.0072079326
16,823,0.93137085,2.62724221,22.48444632,0.01708121,0.0068732538
16,824,0.66549388,2.65073064,21.17974095,-0.14920791,0.0100673835
16,825,0.80205430,2.85800627,22.09756361,0.20777400,0.0021630327
16,826,0.85164134,2.58610169,21.96279592,0.01596845,0.0102948244
16,827,0.85937475,2.45710333,21.39989574,-0.00831371,0.0052248254
16,828,0.77084525,2.12982966,21.12715280,0.01678122,0.0074008581
16,829,0.66673839,3.10043977,22.64749049,0.43429257,0.0100709464
16,830,0.76068716,2.42360511,22.89823169,0.42482843,0.0055493370
16,831,0.87326186,2.22181331,22.75583350,0.30692562,0.0025980038
16,832,0.86387248,2.83107415,20.63046600,0.33955711,0.0026776380
16,833,0.68626392,2.61112474,22.38842553,-0.18788687,0.0040677515
16,834,0.92526164,2.53468748,22.17326989,-0.09680788,0.0023685435
16,835,0.83274864,2.49143139,23.25370536,0.21726450,0.0037366109
16,836,0.72050460,3.29826949,21.95954293,0.27683252,0.0091028503
16,837,0.82024736,2.67067808,25.03712672,-0.04443955,0.0066668226
16,838,0.76993568,2.91892668,21.93220687,0.27845609,0.0044930213
16,839,0.71523554,2.57633694,20.66187348,0.43556892,0.0025732350
16,840,0.80074213,2.95341383,20.83532225,-0.13604114,0.0026677576
16,841,0.73606913,3.12025744,22.37115710,0.20985679,0.0047049568
16,842,0.77150126,2.12058360,19.98873329,-0.14897421,0.0041424439
16,843,0.97923702,2.60193710,22.36869800,-0.04395437,0.0043772449
16,844,0.70857965,2.04366283,21.72613843,0.18285969,0.0077779269
16,845,0.74996622,3.30704319,22.73182292,0.35784650,0.0017211303
16,846,0.80552184,2.45460527,23.48403927,0.24949648,0.0054473817
16,847,0.86049092,3.05306584,21.56573162,0.22548688,0.0064900715
16,848,0.81291248,2.26476948,20.64764528,0.34098314,0.0020619991
16,849,0.83374636,3.39940584,22.49762569,0.34874198,0.0077425093
16,850,0.74361998,3.29729960,22.87780525,0.02575892,0.0053089167
16,851,0.79019415,2.19459635,23.17411616,-0.00056772,0.0124778988
16,852,0.69703033,2.78379138,22.20204055,0.23315535,0.0019276582
16,853,0.85848082,2.73219932,21.30215100,0.03435832,0.0056278017
16,854,0.77026773,2.09395075,21.11059730,0.14074582,0.0018966732
16,855,0.84280269,2.19485327,23.28094869,-0.03726753,0.0042072454
16,856,0.79348873,2.25373782,21.51765085,0.12310778,0.0040514590
16,857,0.85076856,2.28785697,20.43256723,0.38440308,0.0031105142
16,858,0.72048284,2.87491895,21.82769050,0.37123890,0.0032766374
16,859,0.85524926,2.49445888,22.21831954,0.10890427,0.0049339787
16,860,0.81418435,2.50143330,23.54212692,0.14436634,0.0027308335
16,861,0.62068237,2.66382821,24.45489241,0.37340483,0.0080452575
16,862,0.80153397,3.03714777,21.71917154,0.31289031,0.0017551156
16,863,0.87582030,2.02185291,22.51404243,-0.05639109,0.0056876400
16,864,0.83706140,2.18876423,22.07123477,0.22315668,0.0034102223
16,865,0.70911930,2.45175032,22.94669054,0.19911095,0.0043826178
16,866,0.81181407,2.78793275,22.47953067,0.16108949,0.0035248260
16,867,0.78077447,2.82878821,22.51422491,-0.44735062,0.0027560371
16,868,0.74955103,3.07042827,22.42921978,-0.12425876,0.0017134943
16,869,0.76045870,2.30738973,23.40447494,0.22676264,0.0026466913
16,870,0.88707250,2.08291064,24.07027587,0.23262413,0.0028104940
16,871,0.81275915,2.43386251,20.86260835,0.32099363,0.0021963761
16,872,0.63686077,2.64683879,22.70653959,0.42986950,0.0047170151
16,873,0.79767400,2.21706947,22.87610981,-0.47591414,0.0091151095
16,874,0.72837078,3.27512748,22.91962041,0.36651118,0.0042585202
16,875,0.68331383,2.08432832,22.98992681,0.10374459,0.0056037269
16,876,0.87344085,2.42025967,22.47417042,0.32013284,0.0027926946
16,877,0.93585993,3.08337368,21.90809196,0.02354671,0.0078735798
16,878,0.86392701,2.32896206,20.46887243,0.13618649,0.0084853407
16,879,0.85730568,2.81782901,22.05247547,-0.01400945,0.0071423436
16,880,0.69983840,2.67540225,22.91344901,0.30279270,0.0019275466
16,881,0.71283185,2.45135070,22.38678824,-0.22932661,0.0043482567
16,882,0.86743260,3.02958578,22.82074578,-0.00163225,0.0043280862
16,883,0.78841879,2.34341871,22.17094786,-0.02890027,0.0068329917
16,884,0.90386152,2.64968046,21.61802770,0.41451565,0.0039997124
16,885,0.87920537,2.50597270,19.44053910,0.38780814,0.0016227624
16,886,0.79421046,2.23465458,22.68451705,0.32487314,0.0068546960
16,887,0.70003587,2.19761595,21.51246783,0.14749458,0.0051802413
16,888,0.90947124,2.22889493,22.66556809,-0.15911395,0.0024208066
16,889,0.77564289,2.45405246,21.52706798,-0.05143517,0.0051184012
16,890,0.86439452,2.46852723,20.73060421,0.19412028,0.0028720516
16,891,0.93233381,2.57342129,21.21331866,0.02558008,0.0049708953
16,892,0.62137946,2.45028858,20.34383292,0.24250432,0.0069116938
16,893,0.69503500,2.38938826,21.97031930,-0.01243411,0.0040971156
16,894,0.85223522,2.45899802,22.53505518,0.44117919,0.0036217473
16,895,0.87022807,2.35912112,22.28660811,0.31762746,0.0039336242
16,896,0.80890650,2.29332527,20.98281311,-0.11985390,0.0087476313
16,897,0.77413849,2.59314658,21.13240746,0.37509683,0.0035605615
16,898,0.87626477,3.26480488,20.92385890,0.29888044,0.0033399093
16,899,0.86262830,2.63762979,23.80025423,0.07490623,0.0040347536
16,900,0.75059549,2.15401790,23.49865019,-0.05965318,0.0015305176
16,901,0.67139389,2.49520522,24.08345591,0.05176093,0.0042133569
16,902,0.83900088,2.42374884,19.67860010,0.36700264,0.0054327006
16,903,0.79867723,2.47807267,21.11179691,0.23592150,0.0088553517
16,904,0.67678875,2.71794607,20.42850475,-0.29234876,0.0095161382
16,905,0.85083297,3.42651869,22.51743409,-0.18281611,0.0058371312
16,906,0.84705340,2.83539565,20.91021134,0.35009196,0.0024816567
16,907,0.92634429,2.60089710,20.04778039,0.20341464,0.0101058234
16,908,0.74329994,2.57943089,20.75430158,0.18826265,0.0039020579
16,909,0.75099375,2.52705388,21.99097516,0.25108272,0.0020189029
16,910,0.75362283,2.77354940,23.09111399,-0.08876076,0.0045404315
16,911,0.88672632,2.08754020,21.88768172,-0.04092211,0.0033757964
16,912,0.92240783,2.17219389,22.89415878,0.17795205,0.0071776743
16,913,0.69601105,2.27683484,21.68596146,0.40187802,0.0050004359
16,914,0.77631576,3.29761370,23.04183079,-0.08760231,0.0178183065
16,915,0.78884031,3.29293211,23.04420085,0.45135113,0.0051735633
16,916,0.87436975,3.16113615,22.21930832,0.39674747,0.0042370073
16,917,0.64100724,3.08356119,22.33690693,-0.14614398,0.0110081957
16,918,0.85586762,2.70560505,21.47687115,-0.25630203,0.0028632914
16,919,0.90658082,2.40643291,22.74448535,-0.06863737,0.0011951653
16,920,0.75099088,2.39721487,22.89905335,0.21240982,0.0156591785
16,921,0.79830492,2.13835899,21.94544981,0.32062456,0.0029676867
16,922,0.88627496,2.84520517,21.49544469,-0.04702514,0.0013978403
16,923,0.80337827,3.16329264,21.36495497,0.27299872,0.0081692917
16,924,0.84126219,2.75228600,22.92705242,0.28667581,0.0017610070
16,925,0.68955537,2.55809079,22.25270133,0.29778269,0.0065006495
16,926,0.81409411,2.06858379,22.22676808,0.43493857,0.0081106704
16,927,0.65257464,2.69745753,21.13644194,0.15870570,0.0026223686
16,928,0.77468369,3.11854440,21.26126497,0.17656167,0.0036904278
16,929,0.79517458,2.29654047,21.64163104,0.14084313,0.0042673806
16,930,0.76221127,2.55045157,23.00860736,0.32271678,0.0162914677
16,931,0.90383872,3.02721340,22.10068344,0.31218773,0.0028994505
16,932,0.79560264,2.78972028,21.57669768,0.21414878,0.0028702058
16,933,0.89403959,2.67121045,22.41182066,0.05579066,0.0045190112
16,934,0.91120887,2.56950455,22.03993032,-0.05286603,0.0016539381
16,935,0.89663806,2.19302371,19.85144088,-0.40061359,0.0020508276
16,936,0.82910719,2.95054701,20.25914968,0.16298013,0.0051374073
16,937,0.69658260,2.92859037,22.40450199,0.26783778,0.0036043505
16,938,0.82164227,2.17923556,22.53299207,0.10867863,0.0077394103
16,939,0.84376040,3.05051591,21.88930300,0.21728037,0.0077787630
16,940,0.87120943,2.36283158,21.34751102,-0.15261675,0.0072337279
16,941,0.68792423,3.23620166,21.28752695,0.32924663,0.0039025698
16,942,0.89577456,2.18507534,22.09337622,0.34661622,0.0075948481
16,943,0.92261188,2.97288382,19.23807883,0.33263095,0.0040246462
16,944,0.91033218,2.76351712,23.33072978,0.34351508,0.0012979892
16,945,0.92743067,2.25863811,22.03473693,-0.21484292,0.0054157853
16,946,0.62736247,2.88241661,25.11807552,0.04813715,0.0086174072
16,947,0.68241144,2.47524761,22.35512305,0.24592371,0.0070640586
16,948,0.75355900,3.18296033,20.45294435,0.29215991,0.0055249310
16,949,0.87661658,2.48267692,22.29312751,-0.22862882,0.0028024785
16,950,0.72303336,3.14016457,21.35108349,0.10604120,0.0030930236
16,951,0.92856805,2.80421471,22.44041639,0.21751766,0.0037020175
16,952,0.69895933,2.99232042,20.28587559,0.19890480,0.0017228071
16,953,0.80160191,2.52711571,21.57533119,0.05463330,0.0035444389
16,954,0.69498305,2.68976770,22.52276512,0.23889312,0.0045066515
16,955,0.89404557,2.90243736,22.87376639,0.23342349,0.0141145215
16,956,0.74035758,2.27794041,21.60104888,0.02138483,0.0156799088
16,957,0.83046675,3.35000685,22.92972454,-0.20751247,0.0088732341
16,958,0.82550615,2.45541613,22.18853299,-0.00705176,0.0031155020
16,959,0.84716734,2.85569161,20.62011815,0.12455909,0.0064148115
16,960,0.88130923,3.06694675,23.15734920,0.34704642,0.0037799993
16,961,0.82980017,3.32066968,22.32965072,0.18369525,0.0052116005
16,962,0.74850503,3.12171539,22.13995100,0.10353821,0.0031644470
16,963,0.73738350,2.54586547,20.60521294,0.09533699,0.0050118645
16,964,0.81083510,3.09121075,20.24661346,0.35085694,0.0029321872
16,965,0.66886436,2.49613037,22.75303022,0.38668708,0.0037012271
16,966,0.80019104,2.31560334,21.99483352,-0.39827434,0.0022363360
16,967,0.82484276,2.54946213,22.27586500,0.09172426,0.0067152663
16,968,0.95892086,2.27419524,20.47273811,0.29347185,0.0036538468
16,969,0.62338763,2.72813115,23.18165693,0.21160156,0.0029157352
16,970,0.81709567,3.01817941,21.26782793,0.36582930,0.0026403669
16,971,0.80936167,2.56305597,23.76376812,-0.04742942,0.0035173867
16,972,0.80466150,3.25394627,22.48509049,-0.10797461,0.0019048421
16,973,0.85262326,2.39466117,24.83835581,0.41040353,0.0027535810
16,974,0.92834432,3.41709568,21.80912090,0.45989735,0.0032112256
16,975,0.76675147,2.15301112,21.91093801,0.02878487,0.0030733558
16,976,0.62755769,2.49750818,22.38425664,0.02597588,0.0012988516
16,977,0.53049243,2.94195397,20.79653025,0.14319576,0.0040721207
16,978,0.90352305,2.40860453,23.09808770,0.32076392,0.0043424112
16,979,0.93930437,3.07299409,21.99196681,-0.22272051,0.0054272976
16,980,0.77869294,2.57101754,22.58716778,0.03459506,0.0076535361
16,981,0.73822859,2.33601657,21.52210356,0.24400286,0.0036283341
16,982,0.68775574,2.33809439,22.46553585,0.39709076,0.0032352321
16,983,0.74383413,3.59535002,21.17977209,0.01314145,0.0087130494
16,984,0.61279847,2.68782210,22.46014708,0.05827361,0.0070055337
16,985,0.85067110,2.45782780,20.89460988,0.27259353,0.0121848889
16,986,0.69131846,3.25080234,20.27447759,0.37212225,0.0062742624
16,987,0.88876536,2.33223952,22.48917767,0.47138293,0.0021318145
16,988,0.72703242,2.91259936,22.51996713,0.36901159,0.0076641051
16,989,0.78873739,2.15713629,21.53598753,-0.29995379,0.0071004203
16,990,0.78981011,2.49219861,23.08889492,-0.13417299,0.0043987100
16,991,0.71659139,2.14705192,23.74945503,0.15572505,0.0050691543
16,992,0.65691161,2.51349165,22.87537403,0.21282877,0.0153321631
16,993,0.85938180,2.36490544,23.22832450,0.07850550,0.0090874260
16,994,0.86749072,3.33476347,21.53728165,0.31846358,0.0020059384
16,995,0.78321646,2.34729488,21.44552669,0.01653292,0.0036227845
16,996,0.75162574,3.00118953,22.04726176,0.27126878,0.0045219812
16,997,0.80304654,3.97720308,23.41703698,-0.02894436,0.0089495568
16,998,0.91406912,2.33412244,22.42147505,0.00540639,0.0058697818
16,999,0.83345629,2.55494184,21.36782429,0.21766366,0.0022954069
16,1000,0.90752095,2.44249483,21.65136997,0.06477229,0.0053562751
16,1001,0.68034051,2.23731931,21.20893037,0.23154717,0.0083453818
16,1002,0.94063459,2.34103592,21.23176891,0.35038021,0.0088120856
16,1003,0.90351651,2.52338090,21.99385266,0.21452887,0.0013739643
16,1004,0.94207608,2.58084416,22.03408741,-0.05815105,0.0045762927
16,1005,0.79835556,2.90063944,21.80281217,0.37154800,0.0046135187
16,1006,0.85604474,2.58845144,20.41117725,0.03329050,0.0021691949
16,1007,0.88925431,2.28183472,22.37302679,0.05111900,0.0061365658
16,1008,0.86839131,2.63831631,22.49236925,-0.12584179,0.0102281069
16,1009,0.87554429,2.25204165,21.24673935,0.13401575,0.0103291244
16,1010,0.92357260,2.80242530,20.42947649,0.24032474,0.0079256198
16,1011,0.84597775,3.17523786,22.03600058,0.08902653,0.0030440678
16,1012,0.75935439,2.71125862,22.12583327,0.24211090,0.0106550334
16,1013,0.89586733,3.85526942,21.27897020,0.38639961,0.0028259162
16,1014,0.84361869,2.20704339,21.74047156,0.43728683,0.0044056452
16,1015,0.75393395,2.47908515,20.94056666,0.26550822,0.0023716061
16,1016,0.61030710,2.38152407,18.85839098,0.17997079,0.0091217060
16,1017,0.62352413,2.53306132,20.72243935,0.27568771,0.0025663199
16,1018,0.78106237,2.24604956,21.04571430,0.04856560,0.0077450727
16,1019,0.62653899,2.34729174,19.80067402,0.29854866,0.0048179672
16,1020,0.80576664,2.22901966,22.14597894,0.11704102,0.0025153820
16,1021,0.69346459,2.50261139,21.30783971,-0.35313437,0.0031458214
16,1022,0.79014933,3.21339555,20.76291725,-0.12348324,0.0143826341
16,1023,0.89760139,2.23724364,22.55958570,0.02699212,0.0030920984
32,0,0.69171981,2.40727922,21.94822170,0.32633143,0.0048173039
32,1,0.85118774,3.34325217,20.63572357,0.31280136,0.0016463913
32,2,0.69515050,3.80333382,21.75189180,0.25409545,0.0037125036
32,3,0.70361490,3.43146771,20.53744227,-0.06094595,0.0024834316
32,4,0.52086540,2.43652039,21.25239369,0.25064315,0.0040077519
32,5,0.80410390,2.27356762,24.48785537,-0.08937420,0.0017678805
32,6,0.68133024,2.69106583,22.26851107,0.15712538,0.0022623881
32,7,0.77742006,2.42287204,21.84978059,-0.09410762,0.0013289036
32,8,0.71992216,2.42024257,22.27764766,0.19136948,0.0022171560
32,9,0.73231327,3.71958637,19.17645618,-0.02481052,0.0009492576
32,10,0.86358051,3.14326640,23.61893782,0.21788583,0.0007252331
32,11,0.67989274,3.03472740,20.71546246,-0.49580541,0.0018864445
32,12,0.77381183,2.82286111,23.34865646,0.44649264,0.0011962251
32,13,0.64053109,2.59110011,21.96983897,-0.16159037,0.0045007510
32,14,0.55931849,2.45955570,21.82064388,0.29619931,0.0030664389
32,15,0.73155010,2.88835262,21.96884191,0.31510110,0.0020563651
32,16,0.90007589,3.64468411,20.87054072,0.05310899,0.0071098457
32,17,0.83328609,2.26085803,23.28356070,0.03288819,0.0134299500
32,18,0.76658710,2.58263960,22.25665758,0.21212335,0.0030781960
32,19,0.72161042,2.44881983,20.24684906,0.18020096,0.0043291960
32,20,0.78371852,2.41625951,21.78514715,0.22237243,0.0014419838
32,21,0.64274374,2.60172529,20.96912647,0.28953454,0.0005238455
32,22,0.54546334,3.56649675,21.46054405,0.23861052,0.0013293942
32,23,0.86162765,2.56624121,24.11170287,-0.31011351,0.0055237784
32,24,0.92802152,2.46628996,21.80111059,0.36001136,0.0020143299
32,25,0.71783462,2.44204178,21.11156385,0.29978981,0.0024416593
32,26,0.79480368,2.41608880,20.43758313,0.04786072,0.0032984111
32,27,0.78353267,2.37588093,23.24244876,-0.34028965,0.0010589766
32,28,0.81882747,2.63658749,21.03204345,0.17374815,0.0039599776
32,29,0.54823727,3.16631922,22.80637799,-0.01418894,0.0023223615
32,30,0.86950808,2.48195580,22.79489063,-0.34137562,0.0009003299
32,31,0.81856202,3.00109297,22.27602382,-0.04741275,0.0010956135
32,32,0.76606010,2.55501055,22.81257008,0.28082843,0.0016969174
32,33,0.71015038,2.96959254,23.19408778,0.07329124,0.0018024544
32,34,0.84739056,2.12854116,22.82126456,-0.17180844,0.0028361965
32,35,0.78330304,2.06747518,22.24258544,-0.28608124,0.0012941270
32,36,0.85179766,2.04164376,22.69762122,0.46836319,0.0057832567
32,37,0.75277146,3.16129454,20.88832380,0.16596754,0.0011817453
32,38,0.86295303,2.85910235,20.77673636,0.17481012,0.0020577709
32,39,0.76759451,3.25685030,21.52097198,-0.07451712,0.0039277313
32,40,0.77422024,2.60328761,22.92798575,0.09448887,0.0029591774
32,41,0.53758463,2.36910105,23.12378538,-0.00696981,0.0021749475
32,42,0.72453779,2.44126588,22.40285948,0.06311609,0.0015325709
32,43,0.76993325,2.49146413,22.94980040,0.01814908,0.0058930843
32,44,0.94505030,2.82612960,23.33202241,-0.00256789,0.0057378413
32,45,0.74304395,3.82184500,22.68490840,0.19725904,0.0009383729
32,46,0.80328119,2.93126791,21.27229180,-0.22513188,0.0054286085
32,47,0.77853254,2.52345557,23.42585447,0.35514435,0.0071652564
32,48,0.73639716,2.31391483,24.37904603,0.34351992,0.0009272416
32,49,0.72637392,2.78963912,24.82366367,0.15749471,0.0014036737
32,50,0.80480701,3.17031781,21.81417575,0.11513490,0.0050532007
32,51,0.67108713,2.39428586,21.38811040,0.12922486,0.0010833268
32,52,0.88906273,3.26757994,22.91826737,-0.34516647,0.0028286707
32,53,0.70909398,2.60339707,19.91355503,-0.39708097,0.0016276233
32,54,0.86188853,2.56257562,18.85332716,0.20854449,0.0022038782
32,55,0.85335746,2.37896494,23.70826505,-0.14703857,0.0025117606
32,56,0.73440029,2.10382221,22.35281821,0.30325978,0.0019398294
32,57,0.67350200,2.16354326,23.40212572,0.45209282,0.0038574327
32,58,0.88035864,2.14295790,21.83120785,0.17818663,0.0044317072
32,59,0.93589796,3.31219271,22.63237165,0.22460398,0.0022521068
32,60,0.79097820,2.38294511,20.70653930,0.16573019,0.0037005063
32,61,0.86228965,2.62649383,23.15200135,0.22616521,0.0051605848
32,62,0.97290548,2.24569934,24.14306357,0.38862249,0.0032260512
32,63,0.77559691,2.30322774,20.34188481,0.19115760,0.0087608520
32,64,0.71715229,2.72761444,22.92468826,-0.38377880,0.0034580222
32,65,0.88343395,2.49068328,20.99107669,0.36598883,0.0016573307
32,66,0.90164442,2.64615927,21.87101644,0.19434785,0.0020386408
32,67,0.67451258,3.96974424,20.24782927,0.47977967,0.0025797310
32,68,0.88779281,2.29635252,24.27606736,-0.02151822,0.0027527899
32,69,0.78249201,2.56563276,21.87199290,-0.03416588,0.0031551756
32,70,0.92582756,3.02915113,23.88208666,0.15742321,0.0013302679
32,71,0.84980769,3.08540085,22.01202261,-0.03009520,0.0027880021
32,72,0.83862459,3.18114719,18.89876694,0.21847380,0.0009001192
32,73,0.89953429,3.82151808,19.01851108,0.40442443,0.0064960942
32,74,0.70616915,2.99174765,22.20852852,-0.15460824,0.0030441541
32,75,0.88820724,2.17539656,21.44096978,0.41963935,0.0029782118
32,76,0.80743500,2.82310015,24.74625770,0.16913652,0.0010980849
32,77,0.92807991,2.77426301,23.05795180,0.08725692,0.0043668773
32,78,0.92284242,2.11583463,21.85385791,0.20840739,0.0023102303
32,79,0.63086172,2.46348593,24.38964684,0.29961109,0.0020048990
32,80,0.80476810,2.67610956,19.96289111,0.30446439,0.0011319995
32,81,0.79177593,2.54094666,20.39674141,0.05325218,0.0024353887
32,82,0.89257402,3.25084600,20.36633241,0.18622585,0.0020913211
32,83,0.76409697,2.32845203,19.77873254,0.28316063,0.0006321931
32,84,0.75106874,3.05540651,21.34697718,0.06554976,0.0019224981
32,85,0.87193594,2.10253804,22.72209778,0.12131063,0.0021758725
32,86,0.92740270,2.27952967,23.83696001,0.08878560,0.0036669940
32,87,0.55775733,2.43614669,22.64228855,0.10489872,0.0009835112
32,88,0.69131657,2.74286383,22.56845842,-0.12304384,0.0040413386
32,89,0.63792701,2.51236096,21.83904380,0.12530612,0.0030393170
32,90,0.94620040,3.21959991,21.94990517,0.31912768,0.0030897666
32,91,0.68635764,3.06683891,21.31208779,-0.01614679,0.0038018754
32,92,0.91830681,3.72405509,20.43836396,0.06635384,0.0021156887
32,93,0.66604809,2.47010264,20.74285783,0.27611890,0.0020742585
32,94,0.63088745,3.49640967,22.81672542,0.39124591,0.0016391249
32,95,0.71458207,3.72523876,22.13500548,0.13242631,0.0014272117
32,96,0.74844248,2.84625095,21.46399844,0.26695718,0.0020659041
32,97,0.70958604,3.62394531,20.89688045,0.27631670,0.0014537769
32,98,0.53858349,2.52767364,23.45509017,0.25389055,0.0010800467
32,99,0.97573390,2.50538738,22.11331365,0.08857115,0.0078957400
32,100,0.71665817,2.43266701,19.59888658,0.24991721,0.0017879646
32,101,0.77817214,2.42808183,22.53305007,0.26217792,0.0039394626
32,102,0.68325278,2.21702282,21.89758902,-0.49329286,0.0009303235
32,103,0.77377890,2.41847740,21.38496639,0.16762643,0.0017563162
32,104,0.50348672,2.26219455,22.10458645,-0.06842513,0.0023959382
32,105,0.93609579,2.13335630,20.51089305,-0.05595739,0.0007157024
32,106,0.84425799,2.61653036,22.30166447,0.18187948,0.0030419772
32,107,0.84653635,3.24100250,21.57661576,0.10409607,0.0021049978
32,108,0.70212133,3.11809094,23.50233297,0.42688869,0.0022231802
32,109,0.58837782,3.44847063,25.05893485,0.11808102,0.0030767136
32,110,0.74898321,2.80092055,22.04971690,0.06976773,0.0028896688
32,111,0.84071917,2.16059092,21.89691124,-0.22284007,0.0026985476
32,112,0.82415202,2.35848502,21.94864550,0.04643830,0.0039999470
32,113,0.76297627,2.35653702,22.57844483,0.42051205,0.0020215708
32,114,0.86715451,2.54912780,22.65260703,0.47676020,0.0027623289
32,115,0.81212848,2.31226800,21.80841424,0.29416635,0.0028062912
32,116,0.95294256,2.19824717,24.69625961,0.16313569,0.0009787860
32,117,0.69193271,2.53927653,23.13419404,0.23986506,0.0052156643
32,118,0.71280446,2.56168409,20.19155511,-0.05460694,0.0035409923
32,119,0.81967742,2.22873651,23.11984930,0.34632461,0.0051832804
32,120,0.96004254,3.15672051,23.54585546,-0.07279187,0.0018853018
32,121,0.94525199,2.48287725,21.51425780,0.27600878,0.0019163167
32,122,0.73141291,3.06324912,22.30570255,0.12628776,0.0026570310
32,123,0.76143302,2.43276237,19.98745559,0.20856407,0.0010522191
32,124,0.74588833,2.04205732,22.34584407,-0.18649943,0.0018454075
32,125,0.92969800,3.49870688,20.50067014,0.10801614,0.0019086997
32,126,0.64611919,2.66730215,24.04472854,-0.05814988,0.0013524817
32,127,0.56873558,2.29567369,22.92056841,0.16812569,0.0008080873
32,128,0.55168897,2.39446022,23.09431726,0.22781545,0.0019198437
32,129,0.77812719,2.59846576,22.83364024,0.08160967,0.0043528584
32,130,0.70675503,2.92798088,21.83536251,0.10120536,0.0030347546
32,131,0.50347152,3.04583924,23.18488104,-0.36022165,0.0044250252
32,132,0.75194410,2.62107896,20.67030117,0.40247237,0.0025608145
32,133,0.80209856,2.44860761,22.24746031,0.15658860,0.0033287149
32,134,0.83867869,2.87217964,23.41414766,0.30420012,0.0009139418
32,135,0.81267833,2.61412116,21.46237170,0.33216495,0.0013544278
32,136,0.68695716,2.78083932,22.23241507,0.42823998,0.0024307496
32,137,0.81643592,2.49222010,23.24823957,0.16105805,0.0032076455
32,138,0.67860212,2.31340504,24.14809920,0.16254821,0.0034189533
32,139,0.85051073,2.91854194,22.40223229,0.28392076,0.0031422334
32,140,0.76671054,2.56831815,20.66904121,0.27127265,0.0028273510
32,141,0.92587437,3.01723723,21.23316058,0.07985502,0.0065941222
32,142,0.66127119,2.64853010,21.80428031,0.07925344,0.0024844679
32,143,0.55449536,2.72625394,21.54338879,0.08917844,0.0011323047
32,144,0.66002234,3.64107835,21.31288251,-0.04750622,0.0012212929
32,145,0.77217438,2.28308493,22.83473417,-0.10780173,0.0047418925
32,146,0.81840494,2.53873225,21.97163966,0.31038303,0.0024938894
32,147,0.97522985,2.91823819,24.29961271,-0.00940016,0.0015326075
32,148,0.69939584,3.49182130,21.14172630,0.20559743,0.0022901938
32,149,0.91406416,3.30695518,22.24993930,0.18534693,0.0022992811
32,150,0.81263404,2.15028990,21.41366042,0.26669544,0.0023371457
32,151,0.74787123,3.93345969,21.77297502,-0.08685627,0.0016610624
32,152,0.85729405,3.23479484,22.53060730,-0.21608901,0.0081877117
32,153,0.66979330,2.72738445,21.29253331,0.38342166,0.0019463223
32,154,0.66763250,2.64838285,22.00809800,0.33738459,0.0048587409
32,155,0.83324072,2.85446341,22.97729466,-0.34094420,0.0039457341
32,156,0.74967435,2.49571556,22.80026343,-0.14073053,0.0018372311
32,157,0.84411962,2.70514580,20.77850442,-0.07798900,0.0103848870
32,158,0.74153472,3.49188571,22.85900144,0.36710933,0.0037001463
32,159,0.75161171,2.40234401,21.80689079,-0.40348237,0.0048191287
32,160,0.86493513,2.22393728,21.38659430,0.20169747,0.0014648603
32,161,0.72855052,2.22868417,22.67063158,0.44779282,0.0024200042
32,162,0.82505902,3.28172550,20.06622549,0.32578428,0.0040639237
32,163,0.96252810,3.88549089,20.92751412,0.01238275,0.0021237195
32,164,0.72219908,3.91801822,20.22397030,0.46254883,0.0039724447
32,165,0.87569784,2.82638332,24.26836995,0.42746026,0.0050380289
32,166,0.69062716,3.80732163,22.86257552,0.41719155,0.0025287589
32,167,0.91504341,2.72776390,21.84804088,0.42224070,0.0008106671
32,168,0.75850617,2.40194882,22.59373554,0.41605906,0.0010087199
32,169,0.62667564,2.48911206,21.77523471,0.47126977,0.0018394604
32,170,0.70379103,3.94397795,21.88603335,0.06848485,0.0026949641
32,171,0.69866223,2.34285390,21.65499083,0.17395399,0.0048074041
32,172,0.75198473,3.13358960,21.50746198,-0.45938155,0.0025378062
32,173,0.62499764,2.75365640,21.86358095,-0.25325259,0.0022387621
32,174,0.99356906,2.60107194,24.88796727,-0.21125449,0.0071519429
32,175,0.76548605,2.10121366,22.27729939,0.36701262,0.0036317092
32,176,0.76441098,2.91798700,21.44775560,0.03540141,0.0033493597
32,177,0.96533712,3.27827830,22.42134249,0.45084217,0.0031145587
32,178,0.71913172,2.75096634,23.48624390,0.16555440,0.0017948281
32,179,0.71152191,2.99960608,21.80951202,0.39455645,0.0017685349
32,180,0.86027000,3.11944684,20.77153737,0.09208268,0.0049340590
32,181,0.96421402,2.62656219,23.42756922,0.31547823,0.0016811513
32,182,0.93844772,2.53666250,22.42112723,0.28880072,0.0020531501
32,183,0.70335012,2.11087479,20.87920738,0.44591490,0.0034650482
32,184,0.97282724,2.43683104,21.88418434,-0.40858797,0.0036087755
32,185,0.88444238,2.82408055,20.61848951,0.26838222,0.0020047263
32,186,0.87156736,3.68802945,20.82383480,0.00146734,0.0021267033
32,187,0.82107668,2.04014607,21.54187226,-0.11866963,0.0031172932
32,188,0.71051233,2.41951051,23.73199354,0.15906028,0.0035377896
32,189,0.59553216,3.64529770,22.57152996,0.40594201,0.0005909166
32,190,0.78947465,2.14433423,23.17979177,0.25789007,0.0021879731
32,191,0.81166408,2.61426634,23.25764339,0.25868965,0.0045058136
32,192,0.68250755,2.30417903,21.47052879,0.28737368,0.0067129874
32,193,0.84792307,3.27846939,21.42646818,-0.01100997,0.0010329966
32,194,0.77778577,2.59215113,21.49498214,-0.21119006,0.0016829395
32,195,0.80040080,2.75777082,22.98965490,0.48858114,0.0015752631
32,196,0.90340020,2.19457269,21.96661553,0.09646684,0.0048590358
32,197,0.76300585,2.48565264,21.37551917,-0.20314309,0.0029238223
32,198,0.93663812,2.60271912,24.65914916,0.28643367,0.0023543828
32,199,0.64592462,2.32241843,21.51410862,0.37922009,0.0012254464
32,200,0.82818720,2.14035433,22.22585681,-0.18369574,0.0020888090
32,201,0.75183477,2.41422203,21.73689775,0.43386958,0.0033492257
32,202,0.83224990,2.38321441,21.34332363,0.26102479,0.0044022013
32,203,0.82735421,3.11152100,20.44011553,0.06881618,0.0052879368
32,204,0.85799155,3.50500547,21.74964633,-0.05331370,0.0058243124
32,205,0.81274712,2.94587494,21.32630783,0.32132961,0.0019489928
32,206,0.90859043,2.54506068,21.92448956,-0.27273556,0.0031170787
32,207,0.92025483,2.26793190,21.45720312,-0.08551427,0.0044474626
32,208,0.86115478,2.43996273,22.89145970,0.27201067,0.0053885375
32,209,0.91254260,2.58399417,22.24384095,0.07811086,0.0024016629
32,210,0.89587777,2.84140392,20.00647489,0.49603678,0.0059735914
32,211,0.94506952,2.58194350,24.31864871,0.20081919,0.0029832752
32,212,0.70044320,3.87259278,22.27682034,0.41327283,0.0026187033
32,213,0.77529170,3.16498813,21.97691838,-0.05645398,0.0037197979
32,214,0.86747808,2.59377257,21.57125164,-0.03434532,0.0016921588
32,215,0.64846264,3.50043027,22.44505495,0.06939984,0.0038927866
32,216,0.53855954,2.51342455,21.17662461,-0.05131663,0.0054728940
32,217,0.73450351,2.70346637,21.23677088,0.43061333,0.0017994666
32,218,0.89676279,2.73184142,21.30618908,0.25700337,0.0014033053
32,219,0.62343753,2.43027750,21.73151433,-0.04000698,0.0023636179
32,220,0.78865880,2.75480570,23.57331016,0.23094078,0.0031152615
32,221,0.76657693,2.69631861,21.05529811,0.18819945,0.0044156092
32,222,0.64328055,3.37767365,23.09762413,0.32098386,0.0010075769
32,223,0.81480109,2.80710922,21.86136218,0.35452665,0.0034835621
32,224,0.93941481,2.01067729,21.17608015,0.21306050,0.0003901154
32,225,0.91464373,3.03458164,22.45641966,0.12404333,0.0020497923
32,226,0.95699325,2.10488332,22.20988230,0.43833941,0.0074549351
32,227,0.70871155,2.04783301,22.95898056,0.11325864,0.0010303249
32,228,0.75023254,2.57773386,21.84377347,0.16295028,0.0040935647
32,229,0.86779641,2.21023556,24.42998703,0.13746229,0.0019750113
32,230,0.75537778,2.50773278,23.54911085,0.42323490,0.0018585501
32,231,0.82305203,3.79062124,22.91459462,0.04916475,0.0011967460
32,232,0.91099990,2.60882623,20.59686308,0.32138513,0.0070900549
32,233,0.88407527,2.49271788,20.57237659,0.31645495,0.0038679117
32,234,0.60368162,2.42609910,20.42596185,0.17107773,0.0042855909
32,235,0.83528032,2.84529613,21.78304847,-0.15385135,0.0021492776
32,236,0.86272433,2.14473148,22.36567493,0.04562806,0.0017442681
32,237,0.78891608,2.98543466,24.12850346,0.14870054,0.0024609239
32,238,0.68754782,3.62416251,22.78591596,-0.02331205,0.0010031987
32,239,0.91998375,2.63427438,20.90646519,0.05331747,0.0007954739
32,240,0.50210285,2.64264550,22.81162431,-0.09700521,0.0014197602
32,241,0.69694835,2.47315446,23.53448203,-0.31029714,0.0016085732
32,242,0.58193070,3.04635344,22.02099370,0.28788668,0.0019496131
32,243,0.93394483,3.49461733,23.06773772,0.14743503,0.0034622185
32,244,0.81445969,2.79264773,21.42065984,0.20922075,0.0008652718
32,245,0.72183035,2.67170584,20.78169388,0.13722143,0.0030888892
32,246,0.63004987,2.44444395,21.97353173,0.26066059,0.0039668628
32,247,0.72058912,2.53927972,22.41226879,0.04888310,0.0011969407
32,248,0.95067108,2.53869477,21.07115806,0.22692440,0.0030278670
32,249,0.82297409,2.56555051,22.46103700,-0.33202055,0.0026358344
32,250,0.88401824,2.72894248,24.89766191,0.38272837,0.0009096659
32,251,0.91256446,2.30137386,22.01130162,0.11192405,0.0034174566
32,252,0.86543721,2.79759259,23.39229916,0.37423255,0.0023126222
32,253,0.88562496,2.68056130,22.62678470,-0.11925178,0.0020765690
32,254,0.91093585,3.94506802,21.62746955,0.19674230,0.0026866947
32,255,0.56773844,2.17099439,21.58223941,0.35402025,0.0049123960
32,256,0.89981624,2.27815449,20.73162349,0.15006289,0.0034718523
32,257,0.79067672,3.80974646,22.97372536,-0.41387012,0.0025580225
32,258,0.87788601,2.19122050,21.66522724,0.11411793,0.0020383670
32,259,0.62913727,2.44602092,22.15788531,-0.12443497,0.0007271908
32,260,0.64373060,2.79019612,21.61915559,0.41814459,0.0013038615
32,261,0.83088226,2.89262020,21.85391508,0.31322765,0.0026140864
32,262,0.57113418,2.15375036,20.16747835,0.17441912,0.0045569292
32,263,0.92534383,2.32669720,22.41986479,0.11361900,0.0042850251
32,264,0.94464709,3.21125114,22.65573599,0.15550397,0.0017713404
32,265,0.77693492,2.78883197,22.89327984,0.39020954,0.0009376225
32,266,0.96309781,2.79660940,21.76477357,0.02904267,0.0067723971
32,267,0.81539305,2.49602106,22.64763539,0.01197763,0.0009224331
32,268,0.70520337,2.32647330,22.28652373,0.13341732,0.0013599936
32,269,0.96257217,2.55048562,21.43843731,0.27069955,0.0018125044
32,270,0.84627163,3.49554157,23.33969588,-0.26790924,0.0030198380
32,271,0.89900151,3.38173906,19.12778903,0.34435851,0.0012543163
32,272,0.81975287,2.95404045,22.75539747,0.31326166,0.0007639493
32,273,0.83631846,2.88440931,22.40509134,-0.08552696,0.0023160360
32,274,0.55371435,2.27008696,22.44092250,0.09854705,0.0032162255
32,275,0.75360998,2.58864009,24.70185117,-0.21691346,0.0021862179
32,276,0.87738138,3.35697623,22.45861385,-0.31388877,0.0028140398
32,277,0.79216635,2.75688911,21.72501943,0.01591473,0.0045136298
32,278,0.94301044,2.78800635,23.39820822,0.06651932,0.0044330469
32,279,0.71657162,2.68237836,21.72312848,0.42107499,0.0020868103
32,280,0.72514589,2.46478073,21.46227965,0.45168713,0.0010831090
32,281,0.95269755,2.10060686,20.17152400,-0.18781493,0.0022750031
32,282,0.58828594,2.34468299,22.68038845,0.32909822,0.0020030114
32,283,0.67384034,2.59889849,21.89242610,-0.08583501,0.0048705370
32,284,0.77442638,3.68863995,20.16588198,0.12883033,0.0007582356
32,285,0.77864984,2.65286683,22.36317194,-0.06531792,0.0028283819
32,286,0.82350350,2.44433255,20.79524245,-0.02206108,0.0016161342
32,287,0.71965959,2.24360283,24.04318951,0.23242995,0.0019379063
32,288,0.74703417,2.62693875,19.78015653,0.43938784,0.0060202374
32,289,0.96888735,3.19312144,20.93496944,0.12609020,0.0021842366
32,290,0.92713381,3.60437319,20.16292989,0.23477307,0.0022965434
32,291,0.56716517,3.16561175,22.33796667,0.14582195,0.0013392217
32,292,0.73659927,2.37380983,21.11785324,0.00205944,0.0038290521
32,293,0.83189952,2.20600261,22.22179956,-0.40708961,0.0016447469
32,294,0.56440243,3.17176576,19.46667807,0.08292342,0.0034685713
32,295,0.86064498,2.58876846,24.14126424,0.01811173,0.0024994566
32,296,0.76604357,3.55804175,22.93867950,0.14659106,0.0041636265
32,297,0.57548921,2.07296827,22.25664673,0.46139191,0.0030562290
32,298,0.85191366,2.88728565,21.33150774,-0.11585501,0.0023758891
32,299,0.62481673,2.09547844,19.08424784,0.33580295,0.0043146046
32,300,0.75084611,2.44352328,22.57676582,0.34969773,0.0015066560
32,301,0.98440363,3.33118520,22.87648900,0.37452403,0.0018396322
32,302,0.95077576,2.29096086,21.61349090,0.19043406,0.0043962742
32,303,0.75120021,3.16106440,20.85208146,-0.19047070,0.0019833291
32,304,0.69021319,2.40607795,21.22902762,0.36633677,0.0079682999
32,305,0.71030814,3.63505865,21.53285032,0.12958496,0.0014403701
32,306,0.82811410,2.62980388,24.45799845,-0.08110062,0.0043260799
32,307,0.91378449,2.38458272,21.35765973,0.24889588,0.0018762107
32,308,0.84459497,2.47196953,22.55914238,-0.28881386,0.0033774491
32,309,0.68771266,2.70158951,22.03579677,-0.46601047,0.0011776598
32,310,0.82711599,2.59914719,20.89605247,0.18030214,0.0015321743
32,311,0.91668384,3.87466944,19.14068370,0.05774522,0.0019120077
32,312,0.80466144,2.83483287,20.37961225,0.36743837,0.0060681707
32,313,0.87070470,2.67757620,21.69192073,0.04730987,0.0019661161
32,314,0.57175902,2.21483376,22.26271618,0.10650024,0.0024215684
32,315,0.78698548,2.56888419,21.11285780,0.16648310,0.0013323350
32,316,0.73539120,2.92683191,21.85335050,0.12970687,0.0037341892
32,317,0.73106874,2.67882991,21.57269849,-0.13520734,0.0010055896
32,318,0.80121572,2.23841889,20.65398741,-0.24293578,0.0056830452
32,319,0.79659551,3.22238822,20.87921523,0.24029298,0.0034773775
32,320,0.75970966,2.22706929,19.47977242,0.08310101,0.0064813427
32,321,0.89932786,2.72586085,23.87330522,0.32726089,0.0016731192
32,322,0.77852613,2.29477986,23.10362091,-0.17356545,0.0043482732
32,323,0.58730225,2.60164242,22.70102223,0.00255441,0.0048501493
32,324,0.84712672,2.08804980,22.50256737,0.27937535,0.0025706658
32,325,0.84351886,2.55422862,22.83585084,0.25097511,0.0081864492
32,326,0.85536081,2.53866924,22.09424739,0.25526917,0.0025380799
32,327,0.80073230,2.83623499,21.56201452,-0.25074299,0.0015924192
32,328,0.61026795,2.37005689,21.88406885,-0.21858470,0.0020819993
32,329,0.77925252,2.80872149,21.17307608,0.02199776,0.0013150341
32,330,0.63365582,2.37399555,22.42223571,-0.08361734,0.0022405140
32,331,0.79441503,3.91512935,24.31177666,0.14314028,0.0021983372
32,332,0.76818510,3.85610926,21.07615482,0.44702342,0.0026544906
32,333,0.90354789,2.14530846,23.37574306,0.12245250,0.0032750179
32,334,0.76603522,2.59848658,22.86776277,0.12930347,0.0028676986
32,335,0.87133476,2.34330581,20.39038095,0.41200025,0.0036700543
32,336,0.75275215,2.31269402,21.77409415,0.19086535,0.0075578173
32,337,0.68092130,2.16682330,23.00770747,-0.09997289,0.0046525757
32,338,0.94907699,2.38713683,21.48967830,0.23554663,0.0047874716
32,339,0.89568658,2.98953092,21.15366755,0.04539950,0.0032140850
32,340,0.84511680,2.73206397,22.05980706,-0.18330117,0.0034963563
32,341,0.86990899,2.36317206,19.59301007,0.15508419,0.0080219215
32,342,0.83996501,2.51017705,22.61081843,0.30068853,0.0045423995
32,343,0.67135524,2.50448998,20.78595084,0.16904397,0.0018327240
32,344,0.70875359,2.91252916,21.98666796,0.42043105,0.0027340970
32,345,0.89474581,2.07314774,22.86985044,0.04673574,0.0057901000
32,346,0.75611896,2.35672891,22.98817869,0.34293083,0.0026790079
32,347,0.95687655,2.44900809,22.76839905,-0.48529206,0.0014366683
32,348,0.92922842,2.61476724,21.71286270,-0.15096541,0.0018952971
32,349,0.92101784,2.85777021,21.22854470,-0.44758760,0.0020892963
32,350,0.85247367,2.87643803,23.54538831,0.34894415,0.0031627314
32,351,0.96319155,2.36575413,24.07875956,0.21735890,0.0015958216
32,352,0.82630527,2.96449400,21.93859246,0.24651185,0.0021333760
32,353,0.74189060,3.13718731,20.64973390,-0.21226217,0.0037460536
32,354,0.79564324,3.25221797,22.80187513,0.39787768,0.0022084041
32,355,0.58929456,2.26163706,20.25428234,0.30240057,0.0032690028
32,356,0.74056444,2.86711583,20.39568920,0.24807606,0.0009169039
32,357,0.81817557,2.13931827,23.28042634,0.36871484,0.0042982381
32,358,0.84994881,2.66389112,22.65959222,-0.17202878,0.0056771108
32,359,0.77057857,3.03997902,21.84787607,0.09719236,0.0061869557
32,360,0.95705592,2.72620898,22.27597885,0.29185963,0.0058097110
32,361,0.84336359,2.86797928,19.61169519,0.07065924,0.0029234540
32,362,0.99370160,2.17533612,19.52436943,-0.33569081,0.0017606404
32,363,0.63864880,3.03023760,24.14400921,0.36798635,0.0017077256
32,364,0.52308171,3.20731865,21.39628986,0.26586417,0.0015092807
32,365,0.72898634,2.60869086,21.61301929,0.38009755,0.0026714712
32,366,0.79365680,2.34211951,21.98195491,0.38966710,0.0027733143
32,367,0.70689532,2.06121135,23.28208845,0.33398691,0.0021569631
32,368,0.89163157,3.07348096,20.52003405,0.23800120,0.0017064380
32,369,0.57518513,2.39482625,20.38112952,0.02526915,0.0045811165
32,370,0.74987521,2.29619638,22.78022545,-0.14170410,0.0025592152
32,371,0.84140987,3.06317136,22.93807617,-0.12093091,0.0009020429
32,372,0.52465146,2.22906030,22.07407078,-0.17150963,0.0035743632
32,373,0.57018645,2.39322607,24.40742239,0.10753434,0.0015969373
32,374,0.59742662,2.92431800,20.98131731,0.29508538,0.0014379802
32,375,0.71433724,2.62633006,22.28539154,0.26519635,0.0010223728
32,376,0.57395465,2.60637442,22.76438268,-0.26920932,0.0042286901
32,377,0.87474233,2.75653498,20.69152304,0.09639141,0.0053986780
32,378,0.91864990,2.04815237,24.23117172,0.35215478,0.0021167697
32,379,0.79674783,2.22541369,21.38554150,0.23407767,0.0024946057
32,380,0.90338187,2.62893156,22.45881844,-0.12307895,0.0020477199
32,381,0.80463695,2.37504329,20.55407655,0.09347591,0.0019144495
32,382,0.90550856,2.32168963,22.97989080,0.20627630,0.0038436678
32,383,0.78590174,3.38250987,20.19163566,0.25434546,0.0041449842
32,384,0.84874165,2.48511841,24.66789143,-0.28223979,0.0031551827
32,385,0.80607127,3.09196609,25.12723894,0.34119549,0.0054715548
32,386,0.84329873,2.56992059,19.38222014,0.08623809,0.0038495260
32,387,0.78617277,3.06864244,22.51874889,-0.06890036,0.0075522037
32,388,0.96066541,3.17766280,21.74624246,-0.12446226,0.0019567190
32,389,0.86574162,2.94142118,21.77867750,0.11030925,0.0030992117
32,390,0.78546742,2.50860719,21.10320277,0.17803390,0.0025708072
32,391,0.70675389,2.65045419,21.19950092,0.42085077,0.0018220799
32,392,0.65361840,2.34405997,19.91485984,-0.22330400,0.0015901414
32,393,0.89979197,2.70308637,20.22746640,0.13361848,0.0007630669
32,394,0.85696151,2.91466947,18.91406841,-0.01465750,0.0008333797
32,395,0.82607408,3.03403482,23.19502440,0.20848714,0.0019112247
32,396,0.83918243,2.77730481,22.27885367,0.33379092,0.0034275863
32,397,0.88073286,2.78285397,22.22784799,0.45003074,0.0040595977
32,398,0.72517339,2.48535929,21.98919187,0.23368305,0.0014267992
32,399,0.88517785,2.62245263,19.99542181,0.21735216,0.0038000184
32,400,0.61762242,3.52337464,22.35243912,0.23686294,0.0027398578
32,401,0.66321474,2.85826659,22.73240367,-0.15183439,0.0011558436
32,402,0.87319100,3.42716132,20.21846091,0.46712552,0.0015804401
32,403,0.76747175,2.90491183,21.66026927,-0.15408314,0.0097770930
32,404,0.94700557,3.93532160,20.62471263,-0.40803659,0.0011676812
32,405,0.75133110,2.78696959,19.98977910,-0.07968484,0.0011225395
32,406,0.69190599,3.14060325,22.93701926,0.05031093,0.0020667825
32,407,0.68749033,3.21724100,21.74624456,-0.02649115,0.0031675664
32,408,0.60774031,2.17779412,22.18463567,-0.37900338,0.0015706432
32,409,0.72038730,2.48031572,22.03422473,0.02864157,0.0020796670
32,410,0.88388925,2.24054957,23.20874216,0.26349001,0.0055790115
32,411,0.88097612,3.08577935,22.45831388,0.23052309,0.0035369538
32,412,0.77388155,2.97306732,20.74215964,0.18975169,0.0038365428
32,413,0.80176206,3.07433051,21.70048445,0.11984671,0.0029516538
32,414,0.78077710,2.61291592,21.77729165,0.24089469,0.0017617245
32,415,0.80475760,3.37060816,22.49782375,0.00942656,0.0014059137
32,416,0.80340579,2.56423732,20.83176506,-0.05833976,0.0059617995
32,417,0.78266616,3.92402221,20.91923891,-0.49795285,0.0047377633
32,418,0.70659387,2.38929629,20.47805672,0.32632953,0.0024018701
32,419,0.81164380,2.88684137,23.00851406,0.22854357,0.0036794843
32,420,0.90595486,2.64296298,20.64395842,-0.23287998,0.0017397834
32,421,0.71931355,3.16571591,20.54132810,-0.20775941,0.0057254166
32,422,0.79934149,2.68132331,22.12711418,0.29624565,0.0034886388
32,423,0.83992418,2.70547415,21.04755678,0.24808094,0.0024285660
32,424,0.80220316,2.91407886,24.60227695,0.08826292,0.0018102820
32,425,0.73186589,2.33364218,23.81354773,0.17976495,0.0031513409
32,426,0.74557662,2.52815973,19.56943212,0.23394114,0.0014520046
32,427,0.90901657,2.61452522,24.74730549,0.13313802,0.0010922185
32,428,0.82424498,3.11247094,24.28687706,0.26834873,0.0041173633
32,429,0.70921095,2.28641638,21.08443468,-0.34077937,0.0048662763
32,430,0.76131164,2.10500965,22.90390329,-0.00682859,0.0038756016
32,431,0.74271388,2.33783421,22.64478254,-0.44216904,0.0023015633
32,432,0.85304935,2.24773431,22.89405299,-0.10777496,0.0049815055
32,433,0.85423586,2.48420871,22.48208795,-0.21304873,0.0142354929
32,434,0.53359911,2.47134004,22.21630323,-0.19041801,0.0040442023
32,435,0.83978259,2.03292205,23.44598639,-0.28514440,0.0017275277
32,436,0.77619461,2.62421502,20.75843613,-0.09812192,0.0031541857
32,437,0.72465169,2.44069016,22.37157225,0.34504093,0.0024965723
32,438,0.67859914,2.51812576,21.74537302,0.19654540,0.0021396973
32,439,0.75273996,2.54770458,24.58474691,0.05652868,0.0011004053
32,440,0.95818027,3.11278350,21.81242027,0.22186002,0.0022390968
32,441,0.71101831,2.85601016,22.03662691,-0.32360962,0.0046569521
32,442,0.76256364,2.42692916,21.51492936,-0.16090056,0.0008345959
32,443,0.74676388,2.42988821,21.97124905,-0.27936746,0.0063912799
32,444,0.80100135,2.68402490,18.91163795,0.15592044,0.0036177301
32,445,0.75762065,2.35618747,23.17287467,-0.23198191,0.0031513374
32,446,0.84326437,3.68983586,22.88734687,-0.38937160,0.0043090572
32,447,0.84875481,2.71502250,22.43582526,0.04312109,0.0036438690
32,448,0.90419818,2.62286095,24.57570352,0.11282591,0.0022044054
32,449,0.94295095,3.77251463,20.79455273,0.01100648,0.0023345825
32,450,0.59151378,2.83758075,21.17800697,-0.32567217,0.0025314087
32,451,0.85283489,2.78335974,21.71694434,0.23963635,0.0012521395
32,452,0.75505252,2.77166943,21.61441754,0.08817910,0.0016547847
32,453,0.87241373,2.67183807,20.59977563,0.40525278,0.0028685638
32,454,0.58995316,3.12352232,22.41922137,0.26063811,0.0016686854
32,455,0.63248135,2.58880412,19.71678890,0.04508975,0.0025556914
32,456,0.81933231,2.91007399,23.24183181,0.10917429,0.0022236386
32,457,0.80183861,2.24481902,23.28112256,0.38117555,0.0024713484
32,458,0.70951871,3.00149189,21.49315344,-0.15823022,0.0066980513
32,459,0.91951012,2.49739530,21.16968264,-0.14818865,0.0071164453
32,460,0.67802070,2.44564919,22.92142126,0.33770472,0.0025698497
32,461,0.97884633,2.79183527,21.07107982,0.25197163,0.0013364940
32,462,0.85428642,2.37533601,23.21178542,-0.02127646,0.0014148352
32,463,0.92272647,2.64061317,22.18701267,0.45036481,0.0020354388
32,464,0.68341951,3.12236898,21.77142761,0.26638612,0.0025408771
32,465,0.56971999,2.40166717,19.94642433,0.19383551,0.0024900341
32,466,0.87362506,2.49259204,20.78828531,0.32049796,0.0024739649
32,467,0.69521702,2.57953823,22.18500688,0.26743861,0.0023250320
32,468,0.56411172,2.40967969,22.31274294,0.18539212,0.0023081174
32,469,0.75914487,2.12061395,23.99028882,0.14654892,0.0011859924
32,470,0.90556565,3.33678337,20.94437260,-0.14951740,0.0015179394
32,471,0.62767589,3.22294518,24.90015305,0.23972619,0.0021095934
32,472,0.91707155,2.28509766,22.32202591,0.33137111,0.0018815318
32,473,0.73284285,2.24435775,22.19078126,0.45137001,0.0016874303
32,474,0.77081459,2.19727188,23.43408135,0.06229778,0.0010259072
32,475,0.91079152,3.11547929,22.05890793,-0.05445994,0.0022815452
32,476,0.88110146,2.70049602,21.97622578,-0.44879698,0.0049879984
32,477,0.81273757,2.43630109,22.66544595,-0.34080043,0.0043334408
32,478,0.74753122,2.31455605,20.29109108,0.31199566,0.0048134549
32,479,0.88684003,2.95881098,23.83282908,0.22427999,0.0032934867
32,480,0.81768501,2.50871464,22.51946522,-0.12425033,0.0017531051
32,481,0.77146295,2.34676775,23.94717337,0.42994235,0.0033253703
32,482,0.82702723,2.76079096,24.46457204,-0.42628069,0.0052703779
32,483,0.80331887,3.81011135,20.01788901,0.12720866,0.0034727784
32,484,0.86549480,3.82027789,23.11157002,0.25776243,0.0019932250
32,485,0.75450023,3.71232516,21.03396604,0.11378721,0.0013984495
32,486,0.85989741,2.52739959,21.62234707,0.31960338,0.0062858528
32,487,0.80883174,3.03270002,21.58190058,0.47707851,0.0094212672
32,488,0.78220835,3.01736443,21.08438581,0.04341504,0.0017117275
32,489,0.75117903,3.05078821,22.58707135,0.11702350,0.0023570069
32,490,0.69517308,2.76083626,20.54898000,0.07880899,0.0008356818
32,491,0.97448071,3.20877750,21.83339172,0.41539929,0.0037565202
32,492,0.97244804,2.13140091,19.51635048,0.39771556,0.0019317286
32,493,0.75104463,3.58746044,22.46535535,0.20332352,0.0044888329
32,494,0.80044387,2.38965937,22.55833525,-0.42437038,0.0010163635
32,495,0.96213462,3.40455950,22.67879130,0.21748645,0.0025028838
32,496,0.86116682,3.87283513,21.85536568,0.10124926,0.0038504979
32,497,0.70905126,3.53539479,20.87928270,-0.01692252,0.0017525722
32,498,0.50084049,2.58987093,22.69429664,-0.10353008,0.0010752819
32,499,0.79633234,2.05617080,21.92596804,0.12040976,0.0018124695
32,500,0.88691338,2.14174820,20.23127001,-0.12204441,0.0024793592
32,501,0.75253462,2.54901630,23.44446316,0.24151697,0.0033773814
32,502,0.79626157,2.60080529,22.59525376,0.14751885,0.0025265731
32,503,0.91131299,2.67877992,21.48719592,-0.02182277,0.0008864051
32,504,0.51632156,2.77233035,23.35100449,-0.06242573,0.0014633462
32,505,0.92599926,2.46945198,23.64279084,0.30580034,0.0023098568
32,506,0.60609613,2.99669741,22.06590938,-0.20316953,0.0027302629
32,507,0.82145739,2.69312866,23.08447856,0.27355262,0.0004876966
32,508,0.75141181,3.04781264,20.81607962,-0.16854475,0.0020348115
32,509,0.69502353,2.36811515,23.24706411,0.37473426,0.0024053871
32,510,0.88717455,3.31528593,22.68870802,0.38392606,0.0009675868
32,511,0.85525813,3.29124851,24.73903020,-0.13047722,0.0026906339
32,512,0.61143404,2.10559177,22.44275881,-0.09753828,0.0021843358
32,513,0.73317529,2.78729905,22.24883534,0.33286374,0.0034817837
32,514,0.81593293,3.20307769,20.87438104,0.10835556,0.0034520250
32,515,0.78418812,2.12483809,20.80017598,-0.39494388,0.0028591852
32,516,0.71016469,3.96646977,21.85150584,0.29659864,0.0062464135
32,517,0.97081288,3.04529789,22.54472029,0.46058929,0.0026076680
32,518,0.91661322,2.59994238,20.63269981,-0.27243913,0.0016256656
32,519,0.62161428,2.94587790,20.59618284,0.11221295,0.0009104273
32,520,0.88723542,2.21912650,21.15668693,-0.17933082,0.0024484012
32,521,0.74787458,2.56819515,22.05159194,0.08038711,0.0020729263
32,522,0.78823451,2.43157943,21.91471844,0.10708465,0.0031326558
32,523,0.66756756,2.52514256,22.76276664,0.26361725,0.0026490461
32,524,0.79686434,2.33689400,23.11245814,0.15807036,0.0049285269
32,525,0.91566207,3.66266656,23.42161200,-0.03819518,0.0015241272
32,526,0.70508267,2.75241849,21.44539411,0.16492963,0.0040581806
32,527,0.87797181,2.12739261,22.38925638,0.42810722,0.0023705253
32,528,0.85439690,2.52664156,20.91540077,0.15705753,0.0049088041
32,529,0.80122725,2.82934325,24.53974972,0.17024500,0.0009488475
32,530,0.88692033,2.60114454,22.16379595,0.05686322,0.0067727647
32,531,0.80643875,2.70315206,23.44998893,-0.39992389,0.0005829629
32,532,0.86028679,2.74603922,20.59397612,0.32977412,0.0022536631
32,533,0.85118356,2.12729729,23.74966237,-0.25736861,0.0016200828
32,534,0.70031222,2.72581420,21.33656157,0.32748180,0.0040648859
32,535,0.87538640,3.59104630,20.65480130,0.06313892,0.0019113480
32,536,0.99285737,2.16219496,24.61789645,-0.31193335,0.0009579948
32,537,0.76933736,2.51501276,22.07708347,-0.00838482,0.0078461927
32,538,0.52960306,3.43388879,19.52440881,0.13123661,0.0016009043
32,539,0.89668016,3.09313961,22.00782810,-0.03557466,0.0021788380
32,540,0.51733491,2.34472605,20.83073398,0.32109949,0.0006278527
32,541,0.81489569,3.13232189,20.31766208,-0.12632363,0.0014219122
32,542,0.84769734,3.13911408,21.56744982,0.24720509,0.0030878244
32,543,0.83395966,2.69224990,23.22461477,0.21963386,0.0088903942
32,544,0.74245637,3.08369333,23.47853582,0.26665383,0.0015530357
32,545,0.80228404,3.52572519,23.19993593,0.19820245,0.0015187122
32,546,0.82889730,2.09593374,20.14462783,0.45496830,0.0024906626
32,547,0.86080392,2.06972495,22.56913599,-0.19157918,0.0045631505
32,548,0.59994313,2.46453484,22.50250065,0.18976851,0.0034496491
32,549,0.85256975,2.77763587,23.12166435,0.14729493,0.0016711009
32,550,0.69431334,3.09567944,22.18050149,0.03032496,0.0029603300
32,551,0.77089167,3.33574851,23.22690265,0.09630901,0.0024361516
32,552,0.81033300,3.17986125,23.79570162,-0.03286375,0.0042027785
32,553,0.78642748,2.12133054,21.43201212,0.05460172,0.0029836776
32,554,0.81482214,3.20986092,21.43547244,0.09307675,0.0023613605
32,555,0.85512150,2.13644062,24.15427331,0.30062921,0.0015247417
32,556,0.86105496,2.30860264,24.11195204,0.12380375,0.0031206168
32,557,0.81234776,2.81274920,18.98529830,0.25077987,0.0030513134
32,558,0.78699273,3.98069062,22.91612029,0.14770161,0.0029254891
32,559,0.66649033,2.94989089,23.80363881,-0.15896939,0.0010458144
32,560,0.60619191,2.73845495,19.02703355,0.07886889,0.0042958579
32,561,0.75166837,2.59248695,22.29699798,0.01974271,0.0034068266
32,562,0.78709172,2.88825579,22.05779063,-0.13411858,0.0013054854
32,563,0.67401357,3.47452676,22.93194579,0.38764733,0.0010247017
32,564,0.73498828,3.78663275,23.33924856,0.46948229,0.0020031143
32,565,0.84250673,2.86432417,21.74661265,-0.10757286,0.0045217756
32,566,0.62618208,2.21593200,23.46611157,0.08226333,0.0012602555
32,567,0.68698131,2.74124697,21.88044562,-0.19124595,0.0014431991
32,568,0.86628934,3.09112716,21.42745031,-0.01393095,0.0015882968
32,569,0.74608810,2.02813407,20.74077644,0.41170809,0.0034138322
32,570,0.94212744,2.45413791,21.04585336,0.22465250,0.0036358927
32,571,0.90318352,2.96206015,22.50032846,0.34932738,0.0022397323
32,572,0.78304865,2.91846534,20.83594111,-0.04516566,0.0085449675
32,573,0.88293603,2.54578406,21.93226670,0.14617862,0.0018229500
32,574,0.68807842,2.52440803,23.05067526,-0.00822467,0.0022884041
32,575,0.70800704,2.50770121,23.03876755,0.41963431,0.0019723569
32,576,0.84662030,2.53619891,19.09893276,0.14609524,0.0039525571
32,577,0.85527404,2.60424724,22.48118059,0.23715636,0.0014352903
32,578,0.71563586,3.13060271,22.17741800,0.27068713,0.0021416049
32,579,0.77176125,3.59757105,22.25331586,0.06288596,0.0015776600
32,580,0.80931847,3.26250225,20.18887889,-0.17100043,0.0022291526
32,581,0.91111170,2.41595133,21.74202287,0.10822784,0.0013824051
32,582,0.83259353,3.27882142,21.41757891,0.30723781,0.0019831077
32,583,0.92906133,3.81069561,22.81886895,0.37157764,0.0011450916
32,584,0.85178721,2.33249866,21.85810201,0.34645483,0.0038878578
32,585,0.94735533,2.48812724,20.75599414,0.18004821,0.0018506318
32,586,0.85086352,2.76438412,21.39510583,0.00178683,0.0023612699
32,587,0.76805245,2.39283801,21.83163128,-0.34750958,0.0018774973
32,588,0.76792948,2.97584815,22.70813799,-0.12119513,0.0078123402
32,589,0.85768213,2.64140815,23.41876774,0.28762720,0.0031490191
32,590,0.75864957,3.20846692,22.21671148,-0.11964374,0.0031003088
32,591,0.70080111,2.91513079,22.63433220,0.34364431,0.0016374921
32,592,0.91408165,2.30729956,21.87290069,-0.07303243,0.0015944096
32,593,0.86114428,2.71001567,21.87146645,-0.37225954,0.0026722073
32,594,0.70284316,3.76270392,22.74839111,-0.39413786,0.0014665536
32,595,0.94422003,3.18694870,23.55962767,0.17743827,0.0036290176
32,596,0.71214327,2.18894901,20.73376501,0.18988266,0.0033083776
32,597,0.54518054,2.18720256,20.35460313,0.20707540,0.0032231607
32,598,0.81309787,2.64387592,21.53789135,-0.13943855,0.0026101925
32,599,0.88019022,2.43300580,22.94246587,0.05547800,0.0018973258
32,600,0.79276630,3.46040458,21.84007604,0.15731173,0.0040302539
32,601,0.72577939,2.70587878,22.69748490,0.02727285,0.0034253107
32,602,0.89668996,2.26672424,19.64402332,0.16922438,0.0032752253
32,603,0.83696549,2.49097745,22.27698448,-0.04522186,0.0017228410
32,604,0.82056033,2.50678859,22.76481006,0.07354590,0.0088753004
32,605,0.73450629,2.15181404,22.98703909,0.15844993,0.0019188864
32,606,0.77055882,2.09252524,21.85073084,0.30035239,0.0023285223
32,607,0.85668959,3.10826790,23.22982984,0.14361652,0.0019205060
32,608,0.56733598,2.57163664,21.91567336,-0.13876825,0.0023427145
32,609,0.76395854,2.87079085,22.54584231,0.20985321,0.0019356009
32,610,0.86185695,2.30680946,22.14193827,0.28948350,0.0016084914
32,611,0.62275179,2.92906358,20.06551741,0.24075638,0.0010576174
32,612,0.75152314,2.15939507,24.65880908,0.44463202,0.0017662307
32,613,0.90619833,2.44611483,23.09475953,-0.13819454,0.0016476050
32,614,0.85363465,2.26297248,22.27150225,0.35544245,0.0011366075
32,615,0.79314333,2.76818965,22.44661602,0.38866401,0.0029332412
32,616,0.89279275,3.33786332,23.24231767,0.19493129,0.0023569038
32,617,0.88954169,2.94940211,23.59172619,-0.04524675,0.0022550887
32,618,0.79696962,2.40075051,23.65956860,0.36545623,0.0041689174
32,619,0.90787863,2.45705904,20.52095996,0.14253816,0.0050259490
32,620,0.80622888,3.35183530,23.34330052,0.23179250,0.0041346219
32,621,0.96008486,2.48590308,21.61133179,-0.11890622,0.0045858392
32,622,0.72704424,2.56186338,20.58215906,0.04190758,0.0074252173
32,623,0.94354288,3.13432783,19.94683287,-0.40160827,0.0024797193
32,624,0.78350976,2.40132367,23.95561417,-0.09007117,0.0029282176
32,625,0.82328601,3.39570097,21.60624579,0.29879832,0.0088739787
32,626,0.85242082,2.89016976,22.88334647,0.05492538,0.0012081363
32,627,0.84104136,2.22146844,21.46296614,0.32004132,0.0010563729
32,628,0.85476373,2.49478452,21.37343364,-0.09483489,0.0014885820
32,629,0.70633594,3.99765994,25.11803618,-0.03576891,0.0024147772
32,630,0.74294628,2.46134743,21.00218215,0.26349791,0.0010269334
32,631,0.82757414,2.46895359,22.53296697,0.04657396,0.0023637432
32,632,0.80923452,2.88165709,20.63854701,-0.49259608,0.0025107222
32,633,0.96824077,2.32771927,21.50447492,0.31546724,0.0011268896
32,634,0.87740571,2.11848879,23.66443995,0.15583432,0.0015353832
32,635,0.64333352,2.76493075,23.45003214,0.13987513,0.0029074107
32,636,0.91586804,2.38145890,21.34662429,-0.01280293,0.0032323121
32,637,0.99592389,3.06487932,19.34371733,-0.09715335,0.0015733444
32,638,0.93300750,2.56139727,19.36406046,0.20193836,0.0034293128
32,639,0.95829382,2.36403865,22.19867933,0.07325919,0.0044507829
32,640,0.79123462,3.74072718,22.06470922,0.33525955,0.0009703528
32,641,0.70556746,3.01096365,22.21680139,-0.33899278,0.0022551394
32,642,0.80684216,2.30265133,24.29517764,-0.15685338,0.0018018063
32,643,0.79576854,2.66679145,21.94125353,0.20463302,0.0028491405
32,644,0.77905057,2.67079362,21.22502667,0.17980536,0.0035208088
32,645,0.66919529,2.52910244,21.97608753,0.07065465,0.0022107756
32,646,0.87144820,2.34061511,22.09340946,0.30174039,0.0027201339
32,647,0.92233010,2.70946677,22.03089516,0.41136176,0.0027079051
32,648,0.82747326,2.97092326,22.56835539,-0.45906643,0.0011725039
32,649,0.76936912,3.22913295,21.70379687,0.00544343,0.0029101877
32,650,0.64526639,2.86788384,22.74583234,-0.22012020,0.0013594070
32,651,0.66115968,2.90429381,19.25601816,0.32651605,0.0023096034
32,652,0.75685716,2.97228344,22.32062538,0.45103028,0.0027853421
32,653,0.75965916,2.10422604,22.06349266,0.33149115,0.0040538882
32,654,0.86692471,2.81141913,21.73107836,0.22038968,0.0015959564
32,655,0.77541214,2.52385104,23.22997747,0.21202472,0.0013305693
32,656,0.71096457,2.59684437,21.57341184,0.37080918,0.0043911961
32,657,0.72132541,2.69131527,24.40651357,-0.38906596,0.0020568563
32,658,0.82493085,3.15360471,22.52343463,0.17361955,0.0031399425
32,659,0.81751717,2.47516318,20.75478623,0.26934545,0.0016253692
32,660,0.74477898,2.11250853,20.85180011,0.49108399,0.0021819922
32,661,0.78110284,3.82839114,21.38271887,0.32845311,0.0018399283
32,662,0.89650505,2.23523534,22.09566446,0.29985502,0.0032146152
32,663,0.86810554,2.62511661,21.24953416,0.05272084,0.0017522359
32,664,0.82487796,2.82430735,21.61482466,0.10324589,0.0023260358
32,665,0.64645135,3.20509317,22.57741261,0.48492531,0.0022636323
32,666,0.80573170,2.79135517,21.65661904,0.08958991,0.0022814853
32,667,0.82441951,2.10820135,23.60249047,0.20231987,0.0019581081
32,668,0.79526019,2.25971528,25.06418948,-0.07253341,0.0044447038
32,669,0.70684578,3.18649627,25.09996039,-0.00100385,0.0029954486
32,670,0.71783049,2.69513438,21.80779358,0.08768229,0.0041350044
32,671,0.83391667,2.58842641,23.72052143,0.28200209,0.0038196867
32,672,0.92598328,2.70685134,19.08200217,-0.03892111,0.0055200105
32,673,0.75218147,2.42165550,20.24034994,0.36014785,0.0007907237
32,674,0.88033287,2.80846340,21.36212755,-0.14208207,0.0013061541
32,675,0.54590121,2.39203137,23.40548741,-0.14980230,0.0031099184
32,676,0.87128668,2.87581392,20.60458181,0.14790179,0.0008701528
32,677,0.76940673,3.06469412,20.49410491,0.06655345,0.0012205940
32,678,0.88104832,2.67379404,20.05829368,0.06118284,0.0032996290
32,679,0.86980296,3.14337600,23.06107647,0.13205635,0.0021533664
32,680,0.87261963,2.49063194,21.70708525,-0.36876012,0.0049998432
32,681,0.90720076,2.90798450,21.13284834,0.18601543,0.0038814347
32,682,0.59104043,3.55876216,21.80581418,-0.27829390,0.0031641396
32,683,0.60529229,2.77030204,22.06834997,0.15059734,0.0016681462
32,684,0.86679654,2.42808496,20.89463705,0.35351394,0.0021207848
32,685,0.79044453,3.21530701,19.26744848,0.24572511,0.0031235212
32,686,0.79784077,2.17593597,22.70764347,0.29056973,0.0048414522
32,687,0.72986833,2.44344377,22.41895930,0.11034794,0.0032920026
32,688,0.88931592,2.25439138,20.19157536,0.28739733,0.0021810289
32,689,0.70463373,3.08575084,19.60700786,0.27623104,0.0016867663
32,690,0.76825888,3.84948399,21.24400022,-0.25008997,0.0027839591
32,691,0.73215868,2.71258097,22.30436048,-0.30014886,0.0055493928
32,692,0.70131081,2.98423025,24.46833350,0.37178953,0.0027493120
32,693,0.84737098,2.18497177,21.54340036,0.36033605,0.0026100381
32,694,0.69533001,2.57912755,23.14697161,0.03548656,0.0024578793
32,695,0.78764120,2.30131566,21.37257361,0.42025222,0.0041764419
32,696,0.61130168,3.38601623,23.03404520,0.14039403,0.0025199081
32,697,0.69053509,2.64272154,20.58406712,0.27888085,0.0026431803
32,698,0.81090899,2.36478192,22.96266520,-0.15102247,0.0029317252
32,699,0.78249418,2.83271382,21.87683848,0.00471843,0.0032616264
32,700,0.76634287,3.46059775,21.59391500,-0.00840425,0.0040082410
32,701,0.84348635,3.08755479,20.71219459,0.09666236,0.0018255640
32,702,0.76948654,2.58167632,19.26432939,-0.03351497,0.0017537679
32,703,0.82883368,3.09851413,22.75943232,0.24430121,0.0010234167
32,704,0.78778965,3.78819399,24.53702890,0.14183246,0.0017484249
32,705,0.79659443,3.07173556,20.58977732,0.15150128,0.0060618569
32,706,0.86357796,2.76351194,19.16314093,0.19217711,0.0045454853
32,707,0.82281757,2.24660900,19.76986597,-0.33449620,0.0008789416
32,708,0.64003310,3.74160234,22.32775280,0.34725920,0.0027294515
32,709,0.75227948,2.33365436,21.43256954,0.48388860,0.0048699560
32,710,0.65797110,3.64016034,23.23032713,0.41989823,0.0010974238
32,711,0.78290549,2.48118127,23.73362750,0.20829365,0.0048212516
32,712,0.82764645,2.41129064,21.30193861,0.36935149,0.0016563290
32,713,0.95859934,2.84604883,21.12670135,0.24744930,0.0022664921
32,714,0.81551702,2.29890309,21.07998209,-0.40539999,0.0037559517
32,715,0.81936960,2.33380416,19.82216201,0.04503258,0.0021816485
32,716,0.63207447,3.13705159,22.49953744,-0.25428276,0.0041058944
32,717,0.62550970,2.35132611,22.78868441,-0.13141025,0.0029792712
32,718,0.83530260,3.08672478,22.36425354,-0.13701346,0.0022502561
32,719,0.79118851,2.25838177,22.67845761,0.08461628,0.0013415388
32,720,0.97241320,2.35893002,21.14140895,-0.22031892,0.0018967332
32,721,0.87764210,2.68284877,23.63238275,0.34449396,0.0043491035
32,722,0.87561708,3.14512109,21.35492837,0.42274634,0.0050674248
32,723,0.88008573,2.49580934,22.34473376,-0.06793161,0.0015272490
32,724,0.62292975,3.17025545,18.85127073,0.24607678,0.0021587781
32,725,0.74416129,2.29491845,22.99494947,0.29049638,0.0027867335
32,726,0.96804488,2.28611863,22.88068119,-0.43400478,0.0034923756
32,727,0.72874867,3.96133403,21.02625895,-0.08686623,0.0121822456
32,728,0.74333559,2.20215676,21.43032133,0.35037534,0.0074042611
32,729,0.87807788,3.96415797,21.47899688,0.05331306,0.0061192418
32,730,0.86219106,2.78182818,19.41983549,0.36034746,0.0037671581
32,731,0.84094817,2.41366208,22.83169949,-0.03580572,0.0053768308
32,732,0.88344471,3.22668820,21.56803127,0.27152669,0.0018579203
32,733,0.81282414,2.67817974,23.08077606,0.16549972,0.0028062171
32,734,0.87684914,3.87013179,22.54223985,0.07802670,0.0027070758
32,735,0.88075760,2.30861867,24.72256626,0.22564401,0.0021498919
32,736,0.79456631,2.79145075,23.17075427,0.08684269,0.0029768570
32,737,0.59343857,3.74193671,19.49525279,-0.12881641,0.0032872982
32,738,0.88800165,2.29042592,22.89015732,0.22599119,0.0048076201
32,739,0.75116023,3.92407432,20.83900668,0.11278897,0.0021576122
32,740,0.90300384,2.81530140,21.75070545,0.32237748,0.0017382582
32,741,0.89675387,2.34168558,22.37699783,-0.08420875,0.0019971953
32,742,0.58677188,2.15924843,23.32223817,0.20015841,0.0017785930
32,743,0.83671239,2.80733208,22.36524754,0.07081372,0.0018518221
32,744,0.80536629,2.48896227,23.87934848,0.14174423,0.0022556153
32,745,0.66777989,3.31274333,22.90039500,0.29832333,0.0021047117
32,746,0.86908966,2.59042951,21.12286357,-0.17286838,0.0087503915
32,747,0.83130078,2.53055674,24.69321458,-0.16195850,0.0019232919
32,748,0.94300161,2.23558922,20.11413488,-0.08835957,0.0012401423
32,749,0.63094926,2.69536605,20.59600913,-0.09360955,0.0022240946
32,750,0.84358608,2.76171067,24.26551879,0.45891542,0.0111518268
32,751,0.75817578,3.16221365,22.42278358,-0.20661588,0.0039247653
32,752,0.79563208,2.35795315,20.62904470,0.41116540,0.0022578905
32,753,0.82563376,2.54086081,20.10847528,0.16709382,0.0062412516
32,754,0.85913348,2.77026065,20.76650842,0.12978405,0.0010638842
32,755,0.85814901,2.29371863,21.25079756,-0.33127999,0.0006434996
32,756,0.79956330,2.63404510,21.87040631,-0.36979039,0.0030161402
32,757,0.70414207,2.47790109,20.19979222,0.26510756,0.0015954168
32,758,0.78879164,3.25459161,21.31013048,0.24099598,0.0021319823
32,759,0.96197168,2.28224538,21.25181838,0.17943207,0.0028107846
32,760,0.68004785,2.26571694,24.94260813,0.31694432,0.0018806243
32,761,0.61015057,2.83812385,21.63732953,0.31054802,0.0032057595
32,762,0.89189292,2.56703013,21.50993218,0.24027702,0.0019061709
32,763,0.77690621,2.27690722,22.19040835,-0.08115584,0.0015890585
32,764,0.81961888,2.16331678,21.05008018,-0.05176606,0.0008480710
32,765,0.68590670,2.55662943,22.43633856,0.15760722,0.0058544153
32,766,0.75734640,2.41867223,21.59992557,0.32939042,0.0038570732
32,767,0.75641982,3.16484836,20.84089377,-0.29331061,0.0012693252
32,768,0.70892573,2.65484530,21.27647257,0.38212127,0.0022791416
32,769,0.73929726,2.15093874,21.04895036,0.15200114,0.0017611303
32,770,0.91278438,2.07995612,21.50007354,0.21360337,0.0031255732
32,771,0.85662518,3.04478052,22.64541728,0.32357042,0.0009300651
32,772,0.82075885,2.79505332,21.59471694,0.30419351,0.0028522919
32,773,0.53224065,2.87288583,20.49217196,0.22726715,0.0055313636
32,774,0.87979329,2.80388790,21.88580216,0.35164263,0.0020897451
32,775,0.84933874,2.85298254,23.85398694,0.34602552,0.0068645794
32,776,0.81336433,2.64127138,22.48368471,0.20777766,0.0021239911
32,777,0.78383651,2.77015295,23.06711699,0.31583590,0.0078066840
32,778,0.72018090,2.48776408,22.59148610,0.10555663,0.0027378181
32,779,0.93604374,2.96236269,21.98092455,-0.20730025,0.0015799424
32,780,0.82662419,2.38947233,22.59506320,0.32685725,0.0023095618
32,781,0.82247591,2.95329594,21.13695508,0.19607483,0.0024426195
32,782,0.80700232,2.31003999,20.64395310,0.14942804,0.0020116465
32,783,0.79084956,2.74702552,21.70973459,0.23790439,0.0014050088
32,784,0.71243674,2.66131436,23.02771878,0.13078411,0.0031014896
32,785,0.88584494,2.39390738,22.15427723,0.29139122,0.0033513614
32,786,0.60441035,3.27631623,20.79114925,-0.01040003,0.0023480342
32,787,0.66538746,2.34089219,21.59473548,-0.22104777,0.0019700466
32,788,0.69237114,3.60396342,23.49803668,0.22941903,0.0021406547
32,789,0.63545110,2.71526355,22.02378525,0.07645555,0.0043694357
32,790,0.91182861,3.87256596,22.49618647,0.12701903,0.0052632616
32,791,0.90818313,2.59831136,20.70410256,-0.04991793,0.0032752844
32,792,0.95111187,2.73596046,22.41407738,0.28663688,0.0019597732
32,793,0.83484313,3.03124681,21.67024132,-0.33103184,0.0037225889
32,794,0.74230767,2.25793118,22.27474068,-0.10664368,0.0019208221
32,795,0.50721936,3.56275954,21.35358621,0.25099113,0.0066852221
32,796,0.80505262,2.21588409,22.56936926,0.12020041,0.0012252971
32,797,0.52679765,2.85612965,22.16033711,0.25629393,0.0029184048
32,798,0.88584079,2.89418642,23.23709558,0.11199249,0.0011219969
32,799,0.72781639,2.41224388,24.02506086,0.44984516,0.0032076532
32,800,0.84876530,2.18108404,19.84462554,-0.08947810,0.0019113484
32,801,0.78762083,3.73029566,21.51806117,0.31113956,0.0019257126
32,802,0.88899328,3.14465436,20.12394259,-0.08653398,0.0037624922
32,803,0.88473138,2.63392303,24.03001521,0.32982794,0.0081267649
32,804,0.85233630,2.68691784,21.48598980,0.33728598,0.0017425715
32,805,0.70456674,3.67534549,23.29472335,-0.05618276,0.0032931194
32,806,0.73821767,3.91441250,22.52784815,0.09012351,0.0024331900
32,807,0.52449360,2.46774637,22.18045799,-0.08884187,0.0013764982
32,808,0.83655471,2.85266215,21.01996691,0.17559107,0.0035723234
32,809,0.52653131,2.65933440,21.40739756,-0.01687403,0.0019172957
32,810,0.72038393,2.80748462,21.54357817,-0.06760454,0.0015193206
32,811,0.72420517,2.72273410,20.83654624,0.36874438,0.0035148337
32,812,0.79045680,2.32086073,23.67685736,-0.21852603,0.0031258724
32,813,0.79055963,2.85352033,19.64358762,-0.04075142,0.0015408006
32,814,0.72324096,2.31745541,20.06218556,0.43200800,0.0056985448
32,815,0.77624812,2.01489823,19.63353793,0.35068233,0.0027627513
32,816,0.76694649,3.65033797,19.84742342,-0.14299300,0.0034971398
32,817,0.63761523,2.53060745,22.31645016,-0.07828727,0.0010051283
32,818,0.90075438,2.10283680,18.95845827,0.19085173,0.0017255880
32,819,0.83199165,2.65752397,20.79002012,-0.28726510,0.0009948717
32,820,0.78881684,2.85035333,19.25006876,0.03617389,0.0030653812
32,821,0.81873190,2.59437593,22.08816332,0.11433377,0.0019664404
32,822,0.80476022,3.09349701,21.68218053,-0.01738178,0.0073874603
32,823,0.74653964,2.74051570,20.94425594,0.08127545,0.0027792408
32,824,0.77441150,2.68360864,21.43417312,0.13026456,0.0032094909
32,825,0.79646797,3.99807410,24.73027837,-0.05886781,0.0038137020
32,826,0.66738449,2.65261787,20.83265365,0.47813191,0.0008427802
32,827,0.76351322,2.54221404,19.85501662,0.22108211,0.0027015707
32,828,0.80061104,2.39059638,19.34699176,0.01860746,0.0016594115
32,829,0.88553049,3.15205532,24.55249966,0.15327951,0.0012242039
32,830,0.77998878,2.99346153,23.14185309,0.40342977,0.0023554570
32,831,0.52217180,2.54996871,20.66663969,0.07207452,0.0013013737
32,832,0.95461482,3.20186866,21.88967974,0.25689919,0.0040802059
32,833,0.92001771,2.48792512,23.35668008,0.22096830,0.0040859790
32,834,0.96994034,2.46317526,23.97011553,0.39210731,0.0020110234
32,835,0.71971801,2.31339960,24.98397929,0.27063503,0.0013099692
32,836,0.77487197,2.25194799,21.32289511,-0.41014547,0.0017606903
32,837,0.71886513,2.74559863,18.99401239,-0.01344991,0.0060899389
32,838,0.95732685,3.43194279,20.94670222,0.21453790,0.0032240109
32,839,0.76525942,2.43670025,23.11030691,0.19509575,0.0026169432
32,840,0.79871750,2.87089281,21.27724733,0.21032956,0.0051712060
32,841,0.72581915,3.77217410,20.35479596,-0.43320894,0.0019113264
32,842,0.76013249,2.33457803,22.95218059,0.15505180,0.0015645075
32,843,0.80948368,2.16620365,19.81923866,-0.38061667,0.0060774887
32,844,0.84124482,2.69119207,23.25574955,-0.19795249,0.0103692973
32,845,0.87538054,2.45899534,23.74665402,0.08434564,0.0027066587
32,846,0.83354359,3.69847626,21.23614184,-0.01707177,0.0022142364
32,847,0.86021168,2.39580619,21.95762449,0.22234841,0.0029376247
32,848,0.83600386,3.66888979,20.66350227,-0.04345559,0.0056133370
32,849,0.95824234,2.08707758,20.88760560,-0.21144607,0.0017761410
32,850,0.73142704,2.55553491,22.12907669,0.05914932,0.0011869958
32,851,0.72450285,2.38755816,20.03915840,0.14215302,0.0036183920
32,852,0.70346441,3.04781743,19.69590305,0.21625150,0.0020192280
32,853,0.68665550,3.98927932,23.45336513,0.25951266,0.0010943632
32,854,0.96029148,3.09603223,22.25379046,0.44621872,0.0009315567
32,855,0.76583649,2.27529467,21.01729390,0.37382337,0.0020381051
32,856,0.87123015,2.11939074,22.00360606,-0.16478101,0.0022259456
32,857,0.84747539,2.21065945,20.72596718,0.31406529,0.0051618449
32,858,0.89997616,3.34749258,21.27522699,0.08244063,0.0041589473
32,859,0.89219506,2.97500391,21.74018672,0.25759164,0.0014023382
32,860,0.89609267,2.28002904,23.43295270,0.00584917,0.0081480621
32,861,0.86498435,2.08711176,21.30263364,0.08827761,0.0015902496
32,862,0.82488146,2.32397437,22.78464997,-0.15532641,0.0024757587
32,863,0.77029560,3.04648224,23.92823359,0.22191042,0.0022600336
32,864,0.82248266,2.95513472,22.32107534,0.19983968,0.0010000001
32,865,0.84562199,2.82654492,21.50277566,0.16356858,0.0025464700
32,866,0.74310192,2.47796767,21.12947080,0.35423052,0.0014372587
32,867,0.71814543,2.56097031,22.06333401,0.22425763,0.0021901817
32,868,0.75852255,2.94439065,22.61435307,0.35166559,0.0057381609
32,869,0.92669990,3.14859243,22.64892152,-0.03393357,0.0049644687
32,870,0.76403348,2.45187518,21.31942253,0.08155367,0.0024582949
32,871,0.87489635,2.38494570,21.80480706,0.34495791,0.0032822796
32,872,0.73047091,2.07539609,24.05273255,0.17547027,0.0030454308
32,873,0.72315480,3.86463803,23.45946440,0.35085496,0.0013171652
32,874,0.81945204,2.64990418,20.82202263,0.00243747,0.0028645634
32,875,0.87235077,3.40994478,22.16722436,-0.36428930,0.0018326044
32,876,0.82137538,3.10781966,22.04926036,-0.12485290,0.0014987834
32,877,0.50500266,3.27887457,21.97506553,-0.30316470,0.0043639979
32,878,0.78476796,2.45523805,22.88426146,0.20212522,0.0028968569
32,879,0.80399320,2.03757554,21.67876257,0.00936831,0.0017647678
32,880,0.85572280,2.23284698,21.38318934,0.31853495,0.0018794452
32,881,0.89900063,2.32847429,21.38760697,0.00565604,0.0073129059
32,882,0.81763988,3.49216203,21.43041235,0.04286134,0.0027861773
32,883,0.72458979,3.26337056,22.13676626,-0.20097541,0.0037671725
32,884,0.81691801,2.22972950,22.48014624,0.33376324,0.0025265336
32,885,0.99455008,2.35106609,21.81700164,0.09154960,0.0049997269
32,886,0.83444506,2.21791493,24.10517452,0.30452269,0.0015233099
32,887,0.66844080,2.34838778,21.08050414,-0.28972618,0.0018071617
32,888,0.93481686,3.67822373,23.09414164,0.24428775,0.0018558313
32,889,0.89170017,2.32772875,23.63146605,0.29782389,0.0018744758
32,890,0.97799869,2.47738060,19.49459796,0.02948986,0.0060499160
32,891,0.76379972,3.26861120,21.21372274,0.25826521,0.0027773793
32,892,0.69207985,2.47376970,22.93846804,-0.16384946,0.0040962421
32,893,0.79953001,3.70292452,22.21113014,-0.08911142,0.0039833567
32,894,0.79314970,2.17112014,23.04898686,0.31312877,0.0033984027
32,895,0.96191119,3.09711244,21.08555909,0.18394517,0.0037240891
32,896,0.94884303,2.54951761,21.79611301,0.43200503,0.0026779908
32,897,0.72882905,2.70413284,23.35848309,0.30825434,0.0020070858
32,898,0.80723258,2.40127430,21.11499662,0.10901713,0.0043708580
32,899,0.89155945,2.98140548,22.85545287,-0.00500420,0.0013343878
32,900,0.61405211,2.84157553,24.52850411,0.03157842,0.0076627736
32,901,0.94701227,2.58832186,21.41700042,0.30677930,0.0024169798
32,902,0.81795611,2.49902221,23.54250194,0.40647267,0.0024557864
32,903,0.82711993,2.43848342,20.18735548,0.30591624,0.0024180366
32,904,0.68191374,2.28240043,20.91903075,0.24830377,0.0033762228
32,905,0.72555461,2.35121435,22.44060933,0.30844454,0.0102838067
32,906,0.69353012,2.40268059,20.16381607,0.02364372,0.0025673777
32,907,0.86985338,2.54321386,22.79414567,0.21426166,0.0031763865
32,908,0.85143049,2.21556989,23.12586049,0.04706139,0.0028814470
32,909,0.79506352,2.93670200,23.97355835,0.12808525,0.0018217032
32,910,0.73174943,3.09262603,20.30406701,0.16906890,0.0046184545
32,911,0.72642525,3.06572726,21.48346816,0.15620087,0.0034445096
32,912,0.95441631,3.05525068,21.16620424,0.41585451,0.0012404740
32,913,0.76411968,3.09067242,23.21365768,0.25871642,0.0044650629
32,914,0.78911676,2.40600066,23.98690412,-0.05853906,0.0021074629
32,915,0.76386884,3.60272540,21.25392895,0.42666300,0.0005090561
32,916,0.76450960,2.11247541,22.08582650,0.27307844,0.0035619215
32,917,0.90878502,2.66078541,21.26002059,0.47568795,0.0019752169
32,918,0.71627074,3.01864231,23.21733751,0.31271488,0.0046332833
32,919,0.80712942,2.90398932,22.65724123,0.28592457,0.0014138556
32,920,0.67432204,2.44376348,22.28370270,-0.33848972,0.0008077638
32,921,0.80465945,2.57662402,22.96166934,0.00556514,0.0047339518
32,922,0.79453132,2.10995136,24.04623560,-0.18809781,0.0026542241
32,923,0.93540120,2.28469799,24.04621632,0.09025102,0.0032938312
32,924,0.52356118,2.92527576,22.33063651,0.10993232,0.0014560487
32,925,0.76127141,2.73978255,24.33178555,0.17751072,0.0012426100
32,926,0.87696750,2.66473470,22.77191530,0.23710012,0.0036841999
32,927,0.96806041,2.70120480,22.55433603,0.21045548,0.0033813713
32,928,0.79929588,2.41322623,24.08397502,0.22917275,0.0056334642
32,929,0.83627263,2.29794562,20.97152396,0.02084443,0.0011351175
32,930,0.80647995,2.27175772,21.32374558,0.29540687,0.0026570531
32,931,0.77349194,2.70551625,22.65395814,0.15981937,0.0013139470
32,932,0.92717604,2.46288020,22.99664613,0.19020717,0.0025987374
32,933,0.83656149,2.91864262,24.76751305,0.01315972,0.0026048843
32,934,0.70957873,2.73524827,23.20694695,0.06335040,0.0036377108
32,935,0.82749935,2.05754410,22.27612694,0.25486934,0.0031529415
32,936,0.79059531,3.57812533,22.20901939,0.37885606,0.0021481155
32,937,0.75179017,2.61561490,22.16442671,0.35873389,0.0020869638
32,938,0.87143479,3.35508545,22.77496291,0.18093712,0.0018347383
32,939,0.59952874,2.69979660,23.15393465,0.16754225,0.0018327661
32,940,0.76995002,3.20368263,23.32089818,-0.14366222,0.0033161805
32,941,0.83262334,3.45787618,20.89686383,0.39193211,0.0022831015
32,942,0.65319598,2.98887987,23.14840984,0.26153937,0.0022253148
32,943,0.82665829,3.37009757,18.86996918,0.23981248,0.0008961003
32,944,0.61649353,2.64641842,21.74609388,0.09772497,0.0028608039
32,945,0.76925017,2.42874808,18.89869758,0.43637140,0.0023664726
32,946,0.99986797,3.89227595,24.20018485,-0.30009337,0.0065957161
32,947,0.92312326,2.36871226,22.78466714,0.26714798,0.0016960075
32,948,0.66628830,2.46350446,21.25811640,-0.07100348,0.0050360606
32,949,0.65612580,2.34408328,22.49719230,-0.43378760,0.0015992180
32,950,0.81573153,2.93888462,22.53963853,0.13746440,0.0043445598
32,951,0.90006009,3.66416890,24.00476968,-0.09458598,0.0027319126
32,952,0.59831045,3.98862717,22.66067833,-0.15811077,0.0027897529
32,953,0.93125393,2.55485398,20.06399891,0.29913542,0.0028565175
32,954,0.91631180,2.04780329,24.13879320,0.09357783,0.0010884209
32,955,0.78521193,3.75457916,22.82100672,0.19652764,0.0019853581
32,956,0.97670383,2.83987893,21.45120229,0.35880266,0.0041825933
32,957,0.70088770,2.50604353,23.61893191,0.05984128,0.0035609340
32,958,0.72595109,2.22858656,21.81183091,0.29791683,0.0021786639
32,959,0.84017819,3.24907182,21.25003829,0.38117439,0.0026132228
32,960,0.79016688,2.64201321,20.88408919,0.22156597,0.0021627695
32,961,0.77870530,2.98265713,23.70544507,0.44589187,0.0015827187
32,962,0.73713515,2.48440403,20.39777178,0.12732125,0.0019218458
32,963,0.69995353,2.51802192,21.22101257,-0.10846094,0.0027379680
32,964,0.82385682,2.50551293,21.88141777,-0.20024591,0.0044938911
32,965,0.80140694,3.09601213,23.32611810,-0.29118484,0.0012412312
32,966,0.73428954,2.47090936,22.68129815,0.35981485,0.0059043566
32,967,0.98935717,2.16871292,23.34120578,0.45095378,0.0014220681
32,968,0.70091881,2.65645045,20.61791911,0.25434044,0.0018434391
32,969,0.74802312,2.82765322,23.15248161,0.33681729,0.0019754878
32,970,0.85920876,3.20519943,21.79341320,0.38186725,0.0030585601
32,971,0.73741568,2.33771877,21.92704924,0.01014138,0.0073740620
32,972,0.93217555,2.08370951,19.73381642,0.37542711,0.0021420832
32,973,0.92738982,2.14565185,24.00565122,0.31647562,0.0037414106
32,974,0.71633661,2.22802711,19.98165283,-0.00227732,0.0042332990
32,975,0.68197566,2.83224444,20.64595840,0.18385369,0.0031526347
32,976,0.74660212,3.39554206,20.82430112,0.44172080,0.0037460983
32,977,0.84758284,2.59396166,21.74084153,0.29404266,0.0029476300
32,978,0.77836047,2.19560801,21.52213643,-0.38729479,0.0027187933
32,979,0.87385892,2.46014916,22.37936969,0.31610165,0.0058197471
32,980,0.76812087,2.98647986,21.48118669,0.20337936,0.0005171787
32,981,0.71900526,2.68587290,22.35166994,0.21250973,0.0092683169
32,982,0.98240748,2.39285161,22.37269821,-0.01095011,0.0014583326
32,983,0.86785963,2.18114333,23.80156038,0.19413200,0.0028465556
32,984,0.85712642,2.73372782,19.56350569,0.33027344,0.0074181012
32,985,0.73315469,2.38278110,19.55811354,0.44295919,0.0018065075
32,986,0.69221947,2.36293331,19.36891972,-0.31664913,0.0015263061
32,987,0.73722454,3.08409154,20.87540952,0.26606836,0.0046787814
32,988,0.90517515,2.16558504,20.38165176,-0.05490723,0.0034513242
32,989,0.79364422,2.93198889,24.31509969,-0.01982850,0.0042250250
32,990,0.69870662,2.57729556,21.56735616,-0.18375651,0.0039301941
32,991,0.92763417,3.47611190,22.55865472,0.43317919,0.0040567321
32,992,0.81568388,2.95915374,22.27414332,-0.10215156,0.0012477315
32,993,0.73161442,2.67305012,21.70485786,0.22587933,0.0028351202
32,994,0.89645213,2.72607711,21.19590410,0.09319874,0.0027437003
32,995,0.99358240,2.33132962,20.87535136,0.30647228,0.0015796748
32,996,0.90218011,2.44214749,21.03635859,-0.00765187,0.0023799794
32,997,0.88460423,2.34307242,22.30442862,-0.09184154,0.0033263246
32,998,0.79838998,2.57175015,20.80722627,0.08884558,0.0034076718
32,999,0.82425146,2.30082743,22.00057455,0.21240236,0.0034039121
32,1000,0.80913438,3.00088558,22.23344729,0.36393620,0.0027181305
32,1001,0.93430624,2.58056748,22.00760702,0.16269556,0.0011484299
32,1002,0.50422693,2.44211371,20.61567989,0.46783524,0.0054219098
32,1003,0.63561946,2.15805965,21.38196165,-0.33213143,0.0015644407
32,1004,0.88258056,2.70426063,22.50259299,0.19868315,0.0037505948
32,1005,0.88522180,2.63137806,22.04522670,0.34211251,0.0048614146
32,1006,0.73391083,2.38974231,19.67696397,0.30874333,0.0022643364
32,1007,0.81463644,2.96042693,21.97311027,0.24465967,0.0017217426
32,1008,0.90107162,2.86747198,21.32596232,-0.15400939,0.0033105492
32,1009,0.81768543,2.54452473,24.08710242,0.39802968,0.0038830475
32,1010,0.90695340,2.59037362,20.77457606,0.06914048,0.0020205792
32,1011,0.57344669,2.82942956,22.38165404,0.18011071,0.0031719108
32,1012,0.54634367,3.00400153,21.60792575,-0.39344715,0.0043521485
32,1013,0.84477866,2.96802889,22.28579218,0.39731329,0.0061948927
32,1014,0.84861256,3.04436206,20.49903835,0.21239339,0.0015314544
32,1015,0.91527287,2.70713025,20.60314479,0.12446104,0.0031398389
32,1016,0.78709654,2.48117619,21.29949254,0.12395657,0.0011479318
32,1017,0.63296312,2.74343157,22.01458514,-0.10000785,0.0048605568
32,1018,0.70261098,3.52802364,21.88361909,-0.27684580,0.0055767529
32,1019,0.71183391,3.16027482,22.53959480,0.00958132,0.0042481024
32,1020,0.79968441,2.93058420,22.49060531,-0.06046989,0.0039016462
32,1021,0.91372324,2.11641797,18.99378914,0.27836864,0.0056598936
32,1022,0.55726842,2.28132895,21.76586740,-0.00909278,0.0020024248
32,1023,0.88242333,2.40361457,21.69534838,0.01321036,0.0019347169
64,0,0.71605739,3.09688547,20.36260858,-0.05763754,0.0008947913
64,1,0.90665530,2.59624140,18.86544972,-0.35724037,0.0013295209
64,2,0.63081465,3.41634348,22.69641985,-0.48262307,0.0017697781
64,3,0.60973225,2.21671306,20.28165999,-0.20018087,0.0037921495
64,4,0.87446628,2.73578838,20.71981359,0.23358351,0.0010110129
64,5,0.84572438,2.90699722,21.19712914,0.13864096,0.0012218689
64,6,0.74480896,3.67099861,22.08390799,0.03758304,0.0013957450
64,7,0.70431635,3.78851716,21.45343646,0.34686431,0.0013795758
64,8,0.86894692,2.42029978,23.19132246,0.35709375,0.0015001706
64,9,0.79686409,2.63386957,22.75182012,0.31098327,0.0015540385
64,10,0.59804579,3.45385829,24.80022799,0.15825328,0.0016938963
64,11,0.77314094,2.84028636,22.80094763,0.03015965,0.0021940342
64,12,0.86667139,2.88309402,19.59414855,0.31818082,0.0008824088
64,13,0.81339648,3.68019649,21.93180321,0.10598072,0.0034491807
64,14,0.78798462,2.25133922,22.93224363,-0.08663785,0.0005361782
64,15,0.63613407,2.15340632,22.86426265,0.19010940,0.0010588914
64,16,0.81446585,2.13700754,24.06663775,0.32891620,0.0011599457
64,17,0.96155097,2.12670268,22.38484855,0.26629062,0.0010701386
64,18,0.80209298,3.04865530,19.39956630,-0.26060833,0.0005573941
64,19,0.99523147,3.72505562,22.55305420,0.13326572,0.0007307319
64,20,0.63441397,2.44296688,20.95744182,-0.00850892,0.0011326673
64,21,0.82441952,2.68376173,23.14478146,0.26557228,0.0015057132
64,22,0.55616967,2.62472310,23.18087857,0.08598746,0.0008722217
64,23,0.87128634,2.64239223,23.20593738,0.35279397,0.0017725827
64,24,0.74377554,2.45850862,21.61964060,-0.38332284,0.0008923131
64,25,0.95183823,2.69693416,20.22275149,0.22028901,0.0032542945
64,26,0.51577914,2.88787106,23.37025278,-0.13667499,0.0008433605
64,27,0.68802628,2.59582671,21.21588077,-0.29760205,0.0014072658
64,28,0.78506287,2.96040789,20.08543598,0.00354151,0.0032589040
64,29,0.95860685,2.65691750,24.34425076,-0.12164223,0.0012211609
64,30,0.87049804,2.35992120,19.64079790,0.04651630,0.0008883886
64,31,0.81475989,2.54211292,22.25648645,-0.31159224,0.0008304156
64,32,0.82208348,3.07376640,21.71774218,0.16887474,0.0022126531
64,33,0.88920669,3.18952344,19.65439733,0.20926794,0.0010106930
64,34,0.55817644,2.69734169,21.03886967,0.37733652,0.0008329907
64,35,0.88389724,3.80741450,21.82264735,-0.07727682,0.0009269067
64,36,0.81102123,2.47401160,23.01830830,0.17090980,0.0026035808
64,37,0.82101548,2.56018187,21.69296823,-0.30221858,0.0007640190
64,38,0.87221529,2.97489737,20.66710799,0.04263357,0.0008224479
64,39,0.93035456,2.94965544,20.51725973,-0.01304120,0.0008562124
64,40,0.72287783,2.26955691,22.18208046,0.39148600,0.0011163174
64,41,0.59845104,2.24199266,22.70435948,0.18320028,0.0010765233
64,42,0.85240439,3.09783772,22.23079514,0.31690541,0.0008404433
64,43,0.57641740,3.53430831,22.22590484,0.38685962,0.0004393568
64,44,0.65818578,2.80302775,23.03428644,0.06681640,0.0011697012
64,45,0.88213015,2.74324967,24.94139389,-0.09512482,0.0005955549
64,46,0.79173028,2.73258309,23.04115418,-0.05165434,0.0008214299
64,47,0.79926908,2.04243716,22.91022840,0.09933752,0.0011548934
64,48,0.76708935,2.84863743,22.06703186,0.43903582,0.0005534032
64,49,0.72671717,2.81096688,22.47356135,0.10497283,0.0004313908
64,50,0.93299867,3.81927709,23.29692497,0.18472731,0.0020624166
64,51,0.86034057,2.95309551,20.93476462,0.08428128,0.0012783503
64,52,0.66530816,2.45309984,24.58872725,-0.04686807,0.0040420330
64,53,0.90189281,2.10855370,24.54389339,0.00541718,0.0018616173
64,54,0.77224670,3.14827595,24.73520845,-0.38608679,0.0020720561
64,55,0.85162923,3.41729816,20.42551833,0.03582349,0.0005609300
64,56,0.91327142,2.61689530,21.95326724,0.26547927,0.0025328331
64,57,0.58464610,2.70066787,20.08132440,-0.17564566,0.0033367967
64,58,0.66945273,2.15482978,22.57025167,0.37331972,0.0012070160
64,59,0.88105038,2.90649431,21.56895658,-0.09760038,0.0008263797
64,60,0.58208228,2.54121329,22.20030307,0.22989945,0.0004686160
64,61,0.99005664,2.21399664,20.53516055,0.04368469,0.0004531100
64,62,0.84942466,2.40099563,20.36895660,0.42478197,0.0017088486
64,63,0.71121962,2.91648575,21.80347497,-0.37442962,0.0005225065
64,64,0.75368619,3.40318271,21.12345902,0.09758175,0.0009721915
64,65,0.66244901,2.37158325,21.85229919,-0.26279562,0.0021603846
64,66,0.94049208,2.06370770,23.44300187,0.24211916,0.0004149143
64,67,0.58617237,2.43334212,18.97094202,0.38530518,0.0005438102
64,68,0.70784932,2.32604817,19.72909359,0.02790290,0.0011547130
64,69,0.76542731,3.57827263,22.68319059,-0.05990429,0.0021958478
64,70,0.81175186,2.61920521,20.96311599,-0.23070028,0.0006465898
64,71,0.93856391,2.42264223,23.97866901,-0.15018539,0.0008626636
64,72,0.79967865,2.67480040,21.76715693,0.27862476,0.0007183264
64,73,0.77024187,2.16833531,20.58020916,0.35882824,0.0005513737
64,74,0.97587820,3.71178237,20.58477284,-0.08683439,0.0021074836
64,75,0.55605155,2.64064546,20.38072356,0.02367342,0.0011331280
64,76,0.79887088,3.16686063,24.03443331,0.41435212,0.0010318475
64,77,0.92069038,2.24056627,22.33335490,0.09260392,0.0014563663
64,78,0.72632118,3.47889349,20.80672321,0.46546888,0.0007558000
64,79,0.67255147,2.71214452,23.18454991,0.44565481,0.0008300671
64,80,0.88858028,2.29141198,23.98058672,-0.04955409,0.0015564910
64,81,0.78981107,3.19350609,22.33907189,0.00145282,0.0032248896
64,82,0.85400478,2.38546633,22.80891526,0.34596855,0.0003157059
64,83,0.78677474,2.97453736,19.71415088,0.11853407,0.0023459784
64,84,0.66123005,2.38213605,22.95519383,0.21641592,0.0006478944
64,85,0.64629140,2.09216300,19.80206309,0.29302474,0.0009053528
64,86,0.76599779,2.34341907,23.18562287,0.03471145,0.0006788362
64,87,0.92254022,2.13781165,22.35642530,0.16891456,0.0008275780
64,88,0.92205567,2.68872218,23.08139037,0.41466371,0.0005290720
64,89,0.84274124,2.83615394,24.31071619,-0.20890972,0.0023546328
64,90,0.92175452,3.95478904,22.15093653,0.36001345,0.0008829410
64,91,0.77415230,3.77613440,24.26972717,0.20307818,0.0016775411
64,92,0.87403846,2.05181943,22.48382902,-0.06823165,0.0011394025
64,93,0.94200878,2.38614170,22.26360894,0.05783622,0.0011729429
64,94,0.69601028,3.19084010,21.97500886,0.15978815,0.0013745672
64,95,0.72705936,2.50780094,20.62197078,-0.27601234,0.0011536666
64,96,0.55027178,3.31081162,21.85412149,-0.44890836,0.0009260903
64,97,0.51643514,2.32385368,21.68240327,0.43066811,0.0009981249
64,98,0.72055717,2.88134954,21.83856084,0.13055240,0.0015015072
64,99,0.65534988,2.35685710,22.15169266,0.18546315,0.0019394760
64,100,0.73423298,3.09476587,23.49903175,0.45664004,0.0010704639
64,101,0.90870499,3.19367969,23.75362622,0.30446026,0.0010269609
64,102,0.77352720,2.78656901,22.55171920,0.09774754,0.0010634421
64,103,0.50038676,2.69396666,21.86855115,-0.13912348,0.0006247627
64,104,0.83002297,2.15741518,22.13729943,-0.00401086,0.0007102865
64,105,0.92094162,3.13525627,20.39737207,0.26524029,0.0009755963
64,106,0.61788581,3.34429775,23.93657202,0.17351547,0.0006584271
64,107,0.54580423,3.40392447,21.87309557,-0.05899781,0.0013266696
64,108,0.76760891,2.56375229,20.76034771,0.36279069,0.0011406229
64,109,0.87343424,2.49851627,21.13461759,0.12753354,0.0013496193
64,110,0.67188603,3.58524329,21.12234078,0.31287561,0.0012773192
64,111,0.81086353,2.82360548,23.81273661,0.26002633,0.0008584049
64,112,0.54298782,2.96287251,21.74249396,0.11141694,0.0025353644
64,113,0.80301313,2.04441806,21.52364252,-0.47575113,0.0015167097
64,114,0.89539614,2.65865694,22.14279037,-0.10937185,0.0024581371
64,115,0.83420506,3.15641710,18.92177646,0.29698090,0.0021163322
64,116,0.83570014,2.47511903,24.94947095,-0.42183333,0.0010098527
64,117,0.52928069,2.83060212,23.64300900,-0.33382486,0.0012323920
64,118,0.87142356,2.07432866,23.83493914,0.37126268,0.0016238160
64,119,0.77904991,3.71915823,20.96934195,0.15610139,0.0015920662
64,120,0.76118888,2.96298689,20.13583646,0.25281719,0.0019521883
64,121,0.66408610,2.93820514,22.49226594,0.45162231,0.0003628437
64,122,0.69378470,2.87167012,22.71062420,0.18906324,0.0005716595
64,123,0.82717082,2.44541095,23.31191128,0.02678536,0.0006983198
64,124,0.89175129,2.89061826,19.12450778,0.40433288,0.0037923646
64,125,0.63152911,2.64221715,21.86118569,0.08344979,0.0031727554
64,126,0.78659157,2.95034723,21.79752636,0.27337763,0.0007891198
64,127,0.73308301,2.76188054,19.21616657,-0.28363422,0.0008118409
64,128,0.75714832,3.22421705,22.67713406,0.24361797,0.0020392806
64,129,0.94257846,2.54629538,22.55894480,-0.19870904,0.0004642667
64,130,0.71130111,3.29084153,21.65270122,0.38616087,0.0026750111
64,131,0.89606990,2.61363369,20.69611814,0.14799188,0.0010149613
64,132,0.65917890,2.14762228,21.48585598,0.15747849,0.0007363889
64,133,0.75132453,2.40685776,20.69270012,0.15654329,0.0007800643
64,134,0.97024362,2.97367499,22.94868962,-0.29249392,0.0012203555
64,135,0.66669206,2.49081850,21.92055170,-0.06788182,0.0017688461
64,136,0.73385108,2.26010742,24.32131036,-0.21695600,0.0019673962
64,137,0.86350210,2.83738568,23.39974834,0.38433588,0.0012967814
64,138,0.77364051,2.40126668,21.44321232,0.33075886,0.0005439052
64,139,0.78406472,2.48656737,21.09478977,0.34007349,0.0008430960
64,140,0.85814323,2.72683227,22.83977871,-0.01553833,0.0014808080
64,141,0.80820413,3.03956022,21.86161729,-0.32907644,0.0061241810
64,142,0.92647271,2.28862130,24.98290901,0.30720017,0.0015937404
64,143,0.97629071,2.22868040,24.40523951,-0.27033684,0.0041630230
64,144,0.92351004,2.60301923,21.28055984,0.25073915,0.0027840215
64,145,0.87222690,2.07785177,23.14107246,-0.06952110,0.0014509042
64,146,0.55681124,3.49357953,19.68499230,0.29767781,0.0012702329
64,147,0.71025471,2.43128579,22.09093742,0.12589368,0.0014950713
64,148,0.90931642,2.27877334,21.77206682,0.26297810,0.0027675005
64,149,0.92541108,2.39740800,21.58898307,0.32846016,0.0013394693
64,150,0.87991404,3.10872718,23.96176901,-0.06318149,0.0022574705
64,151,0.75081843,2.31677749,23.14330114,-0.05083812,0.0008765107
64,152,0.79611172,2.69637076,22.33701867,0.01236567,0.0009386900
64,153,0.81551598,2.38488112,24.21052888,0.34107440,0.0007165184
64,154,0.81586860,2.79771448,21.10116125,-0.48007496,0.0017352785
64,155,0.77752494,2.26687263,18.87517373,0.12304991,0.0048071208
64,156,0.92925637,2.60913769,20.57381466,-0.01069512,0.0008529430
64,157,0.96264539,2.27328155,22.06608811,-0.30284735,0.0014246286
64,158,0.62571777,2.95382991,21.71624376,0.04540868,0.0003263761
64,159,0.69903418,2.30562600,22.30133958,0.19797058,0.0024106077
64,160,0.51635164,2.97992022,23.27821540,0.22147971,0.0007544051
64,161,0.90052457,2.19835053,22.34217831,0.05109868,0.0010535747
64,162,0.88632651,2.42903028,22.77316023,-0.25202845,0.0007272465
64,163,0.97351878,3.67892805,20.67149741,-0.21917155,0.0006282888
64,164,0.87590223,3.89522430,20.61476038,0.27546267,0.0022157641
64,165,0.70547619,3.48573775,19.48331366,-0.41175880,0.0005210134
64,166,0.72355866,2.48448379,24.98776462,0.32347609,0.0014153059
64,167,0.81324982,2.44095105,18.96985680,0.46839352,0.0008624033
64,168,0.72147311,2.54594106,21.03861250,-0.02265088,0.0007084545
64,169,0.72026331,2.01104108,21.72453397,0.37005403,0.0013284958
64,170,0.64709703,3.15844997,23.04824756,0.18175086,0.0015531048
64,171,0.74799068,2.81692874,21.23278930,0.34459383,0.0026053119
64,172,0.84050693,3.04358958,24.16076643,-0.24128539,0.0015538397
64,173,0.61479074,2.17631002,24.38692125,-0.27753624,0.0015633170
64,174,0.95135488,3.30318890,20.27247449,0.41160017,0.0026152944
64,175,0.78479203,2.77808415,23.37263488,-0.15578103,0.0008764522
64,176,0.76922556,3.90258989,22.86917860,-0.02256330,0.0022399046
64,177,0.93229273,2.85868090,21.50441180,0.40077410,0.0012618426
64,178,0.73143652,2.84157873,24.33914223,0.22174881,0.0017433436
64,179,0.82231375,3.68266621,24.24909558,-0.02254169,0.0038929853
64,180,0.78286470,3.57055944,21.39656969,-0.09234060,0.0012618211
64,181,0.93145051,2.90170954,23.89984307,0.10709705,0.0022928570
64,182,0.55401013,2.74747850,21.91949849,0.34145332,0.0003908102
64,183,0.87838939,2.67581857,23.88180781,0.13063831,0.0008830174
64,184,0.76001694,2.66508236,24.15697741,-0.13654074,0.0034320888
64,185,0.81630976,3.19290802,20.58860945,0.18579790,0.0024274686
64,186,0.58857251,2.44496540,22.49707770,-0.48400155,0.0010569293
64,187,0.89622776,3.68313764,23.54106787,-0.37797016,0.0004515488
64,188,0.72391676,3.51442940,21.96790680,0.46624114,0.0025459349
64,189,0.65919925,2.36506104,20.61188426,0.48091426,0.0018609771
64,190,0.87640439,3.54572662,18.84982321,-0.02668621,0.0009123117
64,191,0.88099455,3.97372348,22.62284039,-0.31722397,0.0010466799
64,192,0.57909609,2.46617283,20.29682145,0.27357498,0.0012369231
64,193,0.73168251,3.88935816,21.61466791,0.13662102,0.0014527983
64,194,0.93597559,2.57905975,19.75602538,0.45637539,0.0003747876
64,195,0.87445978,3.83574174,24.57677097,-0.18908063,0.0031451785
64,196,0.65283721,3.96664554,21.44597915,0.24452541,0.0015539055
64,197,0.66450208,2.52659560,20.48324445,-0.36601964,0.0018639509
64,198,0.52502174,3.09297303,23.50782910,0.25280848,0.0015659340
64,199,0.80013774,3.76765403,22.91512115,0.10614968,0.0008735628
64,200,0.77322346,2.50413948,20.76043389,-0.12089500,0.0007656237
64,201,0.55197964,3.34695902,21.82063014,0.44721265,0.0008120970
64,202,0.54241822,2.59910184,22.29420976,0.32878065,0.0007266592
64,203,0.73025516,3.46063184,23.99172617,0.20657443,0.0006954630
64,204,0.72185232,2.80346636,21.79500248,0.11992512,0.0007222022
64,205,0.83706015,2.47019755,21.08377552,0.04501521,0.0015072445
64,206,0.82087792,3.04709677,21.71571601,-0.17217446,0.0020197049
64,207,0.83629332,2.86032130,24.95143043,0.02248099,0.0010064479
64,208,0.84495289,3.13831052,22.24637544,0.24015013,0.0015948341
64,209,0.65411181,3.49869455,24.25097891,-0.43124107,0.0016466865
64,210,0.68114780,2.85699093,22.77200900,0.43645997,0.0016162239
64,211,0.74553539,2.33351349,22.39802228,-0.18439405,0.0020694323
64,212,0.80140877,2.01398053,19.75573090,0.37286962,0.0013388033
64,213,0.55138886,3.37474348,23.34760450,0.29657655,0.0002049763
64,214,0.73082761,2.21410979,23.50622074,0.17679288,0.0014208861
64,215,0.67886812,2.64933680,22.82440321,-0.27583280,0.0006627351
64,216,0.69984438,2.42693033,22.47328078,0.25382734,0.0010166570
64,217,0.81701239,3.57230874,22.36821838,0.25134259,0.0019906680
64,218,0.82331729,3.32183571,21.90152158,-0.03196513,0.0004167536
64,219,0.83472237,3.89453552,24.76682029,0.18154067,0.0012808622
64,220,0.55714057,3.08739057,20.78061584,0.24218605,0.0016475719
64,221,0.68618856,2.63530140,20.97684221,0.27180160,0.0013924190
64,222,0.79792063,2.90714667,22.87225204,0.12650916,0.0010994178
64,223,0.54926969,2.85357102,21.89176437,-0.40840829,0.0011778904
64,224,0.88124839,2.33227665,20.69765472,-0.14044045,0.0019650891
64,225,0.87493784,2.50709994,22.10269447,0.33450075,0.0011716152
64,226,0.64408375,2.58883922,24.43825430,0.45312123,0.0010356979
64,227,0.56565869,2.80584716,24.00569695,0.17408975,0.0009987004
64,228,0.77188672,2.62941438,21.28232532,-0.12926570,0.0013039393
64,229,0.76338714,2.04493153,21.41324762,-0.01438032,0.0004795501
64,230,0.83127996,2.62097510,20.30521343,-0.42377366,0.0015292162
64,231,0.50944099,2.22453007,24.91319440,-0.00229316,0.0009594900
64,232,0.76198167,2.24759746,23.45313870,0.16718984,0.0016031495
64,233,0.71087301,2.04707142,22.66946228,0.14913894,0.0019826244
64,234,0.95305679,2.48074821,22.85951320,-0.09134738,0.0016882552
64,235,0.85488730,3.20153660,23.17054042,0.42446536,0.0019652873
64,236,0.87678775,2.19417469,23.57259058,-0.17714211,0.0003551444
64,237,0.75390654,2.40745017,22.97991098,-0.45303900,0.0006080507
64,238,0.79382707,2.59807360,20.85504658,-0.25144418,0.0016312721
64,239,0.53618340,3.99276459,22.69267956,0.03107598,0.0010063597
64,240,0.56143077,2.45749897,19.68198523,-0.33982950,0.0016364512
64,241,0.89432502,2.36501385,20.15947572,0.48528914,0.0010334316
64,242,0.98320333,2.34540674,23.24948838,0.30630599,0.0014359513
64,243,0.84224691,3.21120104,21.36072829,-0.03427361,0.0011032416
64,244,0.75197846,2.61273252,22.37653040,0.35013354,0.0014050538
64,245,0.92729984,2.58028849,22.10279218,0.08985753,0.0014290813
64,246,0.88990804,2.30949050,22.59809705,0.44496485,0.0014210114
64,247,0.56604867,2.98138832,19.92544715,0.27251899,0.0030442464
64,248,0.67727341,3.06355204,19.05327711,0.28942437,0.0032566983
64,249,0.89315727,3.93785390,25.01599896,0.39033553,0.0018752159
64,250,0.52373373,3.23619283,23.45282343,-0.01650272,0.0006346815
64,251,0.81293302,2.74516509,24.33550003,-0.06270594,0.0015569349
64,252,0.64536984,3.16484825,19.39645927,0.00167501,0.0007650604
64,253,0.76073176,3.07703282,20.57620597,0.48805536,0.0009255200
64,254,0.92627088,3.96734837,24.36717940,0.05955570,0.0012329905
64,255,0.56268825,2.44412499,20.38028499,0.25999318,0.0015389218
64,256,0.71391077,3.09060408,25.08091123,-0.33922450,0.0011916635
64,257,0.96849165,2.42026808,21.19828957,0.26915031,0.0014127321
64,258,0.67206140,2.31099230,21.75983167,0.17880750,0.0012922422
64,259,0.81385745,2.61447070,20.25812611,-0.06242405,0.0005791804
64,260,0.83182616,2.46263972,20.51857979,-0.06417460,0.0012339187
64,261,0.94645928,3.42811151,21.94849356,0.44941890,0.0011672799
64,262,0.72634726,3.98171890,21.33977036,0.26893878,0.0015203574
64,263,0.84737250,2.67848435,23.00276424,0.33206430,0.0041015509
64,264,0.63018627,2.09766420,22.98867912,0.25750645,0.0013924764
64,265,0.88337346,3.59842323,20.68886507,0.24462235,0.0016208182
64,266,0.68534487,2.19801171,22.03105870,-0.46085483,0.0012324990
64,267,0.75207225,3.98494850,18.85220037,0.14780047,0.0025920818
64,268,0.73487759,3.13071955,22.26684152,-0.17332836,0.0026602529
64,269,0.88791252,2.68424725,23.71255538,0.23796825,0.0005470656
64,270,0.85346896,3.20317900,21.28990071,0.34732138,0.0012844437
64,271,0.91982664,2.72283266,19.63102024,-0.38569306,0.0015157156
64,272,0.81517753,2.00419021,22.23102459,-0.06402174,0.0012063469
64,273,0.53476795,2.75285103,22.06064414,0.04807298,0.0004994486
64,274,0.56783531,3.43268019,24.37101079,0.33851880,0.0011606355
64,275,0.79938663,3.98972233,23.11761402,0.47231591,0.0008882161
64,276,0.82694062,3.00699088,21.23964301,-0.15953949,0.0004960704
64,277,0.82225922,3.15472352,20.90136319,-0.16041986,0.0011706428
64,278,0.77193520,2.20164911,18.94799220,-0.21078598,0.0018721195
64,279,0.81281101,3.05899403,23.85282740,0.25907264,0.0013978314
64,280,0.61819655,2.67680381,19.35845277,0.34697078,0.0015371487
64,281,0.76328761,2.17020325,23.08941780,0.17314363,0.0016459520
64,282,0.75459671,2.28419211,23.81793070,-0.16683323,0.0005059020
64,283,0.86889244,2.63145651,24.79746098,-0.05294607,0.0010056211
64,284,0.90104278,3.64990961,23.62637609,-0.14345936,0.0005127358
64,285,0.54627248,3.04233232,20.38415206,-0.41695628,0.0006683429
64,286,0.63325417,3.63811692,22.16427442,0.32406920,0.0005848600
64,287,0.94622531,2.58795759,21.53964233,0.17365162,0.0022104568
64,288,0.70055683,3.40343959,23.12452646,0.21649506,0.0014843346
64,289,0.77200372,3.09419786,22.34554017,-0.43470289,0.0016834272
64,290,0.80569612,2.51857021,24.59345305,-0.33995770,0.0043525275
64,291,0.86255214,2.77772184,19.87659293,-0.23298541,0.0010229368
64,292,0.50140416,3.17366566,22.28781700,-0.18131093,0.0006950126
64,293,0.88201706,3.41205268,20.95495850,-0.18939272,0.0020363323
64,294,0.86256128,2.44849307,19.54768140,0.09468186,0.0011372969
64,295,0.59575713,3.62767454,21.25472654,0.25562955,0.0010188498
64,296,0.70933804,2.51800881,21.36443358,-0.10440464,0.0009199256
64,297,0.99550682,3.80674907,22.37335428,-0.37556209,0.0004675751
64,298,0.89585622,2.19579636,22.27211424,-0.12004782,0.0034288988
64,299,0.85358146,2.00188519,22.11125070,0.05442906,0.0020823319
64,300,0.68591091,3.10899775,20.95181664,0.29880987,0.0014578876
64,301,0.73551951,2.21028923,21.80357825,0.13124078,0.0013884195
64,302,0.78686896,2.27629661,19.71565734,0.40434032,0.0014665229
64,303,0.97077120,2.29969655,20.19611045,-0.02591199,0.0006076184
64,304,0.78828105,2.59081116,23.02510631,-0.24215439,0.0011567043
64,305,0.68955875,2.38810595,19.97319428,0.44500016,0.0016900196
64,306,0.85901927,2.05702879,20.94512872,0.20688483,0.0013984414
64,307,0.78297514,2.94088280,19.65791954,0.25921834,0.0015164346
64,308,0.72652582,2.86486769,23.87573515,-0.32760361,0.0008083499
64,309,0.81739618,2.35186836,20.96773783,-0.48271442,0.0008589428
64,310,0.94769110,2.88056165,19.20864659,-0.28438645,0.0010153200
64,311,0.73425691,2.61035801,21.88461705,0.18855386,0.0010554220
64,312,0.93884244,2.71467070,21.77997507,-0.49628600,0.0012956899
64,313,0.78588886,3.11877319,21.44828090,-0.41686524,0.0006453711
64,314,0.88300125,2.33171962,22.67892186,0.44946435,0.0009958898
64,315,0.65306251,3.81067666,20.50735216,0.07231454,0.0024279282
64,316,0.89298138,2.92382866,21.48005153,0.38542732,0.0006007193
64,317,0.78957364,2.22297509,21.20912670,-0.06294409,0.0025781410
64,318,0.57037424,2.77578033,24.34711264,0.23176832,0.0020867339
64,319,0.83338561,3.17393727,24.30847752,0.32099159,0.0011253989
64,320,0.92377431,3.67585840,21.72333810,-0.01067638,0.0011790899
64,321,0.65876545,2.45083387,23.14961688,0.44339804,0.0017090474
64,322,0.67039393,2.70183620,23.36750405,0.30896011,0.0012000184
64,323,0.76362375,2.98340818,20.10925945,-0.00519814,0.0024563315
64,324,0.70832612,2.59595681,24.73149540,0.37101279,0.0010738457
64,325,0.87750392,2.43881960,22.19457929,0.04905385,0.0008509838
64,326,0.57293665,2.77092045,21.28251979,0.05440089,0.0016779600
64,327,0.90106092,2.70381046,19.96700292,-0.04897826,0.0008068359
64,328,0.70978630,2.81307867,21.63510890,0.33310163,0.0015262288
64,329,0.74044442,2.11281528,20.52894005,0.19533494,0.0008896641
64,330,0.86364794,2.17856481,24.42473221,-0.22859675,0.0023523433
64,331,0.71985875,3.56674269,20.28006268,0.29788823,0.0019140468
64,332,0.72470491,3.82973873,22.12736274,-0.04860464,0.0009954924
64,333,0.99157451,2.89019092,21.41910878,0.32631778,0.0007478452
64,334,0.68643852,2.41782860,22.38662467,0.20590718,0.0004226355
64,335,0.62714410,2.83118577,19.22526796,-0.46637443,0.0011394398
64,336,0.95265890,2.32074592,22.01917237,0.12690892,0.0011115257
64,337,0.83539528,2.63932054,21.88914923,-0.11071843,0.0020954055
64,338,0.88524384,3.30733496,20.54453578,0.29252522,0.0007268457
64,339,0.65641802,2.56034552,19.69712789,0.32463215,0.0012743644
64,340,0.87534689,2.79418271,21.88580387,0.45358676,0.0019598572
64,341,0.87042434,3.24877592,23.23350449,0.21309618,0.0038936042
64,342,0.70333995,2.51068778,19.05489989,-0.32480267,0.0018835826
64,343,0.82799395,3.45021156,21.80130628,0.24084979,0.0017178174
64,344,0.56034099,3.03908520,20.95184384,0.12940116,0.0006779158
64,345,0.84878298,3.60690058,19.26369579,0.35577911,0.0003447045
64,346,0.82190798,2.78862538,21.93891071,0.35193408,0.0045029307
64,347,0.85242131,2.32691293,24.15510106,-0.22401397,0.0010475890
64,348,0.70996172,3.13897619,22.79407129,-0.05662899,0.0015481934
64,349,0.88362863,2.10910573,20.06486986,-0.07376032,0.0014160659
64,350,0.69981670,3.44040283,19.62530029,-0.23930141,0.0009677053
64,351,0.69386057,2.92704380,23.58023103,0.27168795,0.0013696152
64,352,0.78820077,2.62246063,24.83824458,0.34563011,0.0018279568
64,353,0.85121827,2.79100015,23.37813929,0.22291574,0.0006613746
64,354,0.55213158,2.65810682,20.71135321,0.14116555,0.0004804890
64,355,0.86553625,2.49000523,24.12519573,0.15444395,0.0011200787
64,356,0.93435931,3.20367191,21.18428446,0.16428880,0.0011164335
64,357,0.83040860,2.11900141,23.76231352,-0.46634709,0.0043215974
64,358,0.88251713,2.23195122,24.06053189,-0.20169693,0.0039937953
64,359,0.87729298,2.14194708,21.89133025,-0.24100644,0.0013437435
64,360,0.61721170,2.83412120,19.52617566,-0.13118788,0.0025878057
64,361,0.90661020,3.92515538,22.52595598,0.01027531,0.0027094385
64,362,0.75994964,2.90568812,21.14256313,0.42919131,0.0007618008
64,363,0.84887410,3.64507350,20.73708308,0.37742939,0.0017856523
64,364,0.78240608,2.90688859,19.47339538,0.25033565,0.0003097079
64,365,0.65462933,3.74710419,23.17106404,-0.01147710,0.0016461542
64,366,0.60342211,2.63102907,21.44327845,0.35787098,0.0014779374
64,367,0.92310688,2.61479441,22.01314578,0.27572024,0.0014052740
64,368,0.94858735,2.08463055,24.88764494,0.28198309,0.0018306753
64,369,0.82874757,3.75114314,21.10213956,-0.03251842,0.0012637350
64,370,0.87307158,2.92981805,22.08054906,-0.00934277,0.0011997789
64,371,0.80362124,3.38971343,19.04515002,0.07945475,0.0020390310
64,372,0.64529921,3.62033605,22.78955786,-0.19914104,0.0009177720
64,373,0.87866216,2.25051945,22.08502655,-0.12074444,0.0009545396
64,374,0.89878742,2.14398259,22.40843558,-0.05328477,0.0020171315
64,375,0.81543460,3.60410822,19.09743855,0.13938238,0.0031866446
64,376,0.80939022,2.32528037,22.01528706,0.17269914,0.0014337161
64,377,0.92497941,3.72012385,18.89911249,-0.03625795,0.0009373577
64,378,0.89064962,3.10546050,22.40759932,0.14064501,0.0010304460
64,379,0.77328153,2.86812663,24.46334002,0.46530744,0.0020696366
64,380,0.89414472,2.77664170,23.04664871,0.15521516,0.0007681644
64,381,0.53667345,3.44713755,21.03530577,0.31533706,0.0010687709
64,382,0.77613989,3.74706455,22.80983584,0.05837026,0.0007838251
64,383,0.82426504,3.68668443,23.66200722,-0.01653047,0.0005256149
64,384,0.83656221,2.12874632,22.89202642,-0.07389960,0.0008683845
64,385,0.69499064,2.73669271,22.47273676,-0.35045871,0.0049424857
64,386,0.85098408,2.10963749,19.21088533,-0.44965865,0.0021085320
64,387,0.79746045,2.37900426,23.18513050,-0.19042095,0.0012092260
64,388,0.97754168,2.21449913,22.12124631,0.16915286,0.0020115810
64,389,0.53409636,3.71457112,19.64739495,-0.02099355,0.0019894382
64,390,0.80922803,2.75444934,20.64600515,0.02145912,0.0009632279
64,391,0.83465638,2.55215210,22.03669042,-0.21447106,0.0002314795
64,392,0.80669499,3.16965845,22.38998425,0.37789790,0.0018965234
64,393,0.92285901,2.75679353,23.43236274,0.33701835,0.0019464943
64,394,0.68708041,2.46842205,22.39913671,0.44117037,0.0007730130
64,395,0.76444896,3.84286508,21.91538194,-0.16028163,0.0016099702
64,396,0.77697653,2.41789142,23.48487891,-0.01515510,0.0008667497
64,397,0.87197300,2.79007782,21.38770857,0.30873013,0.0047485359
64,398,0.72745594,3.29520947,23.30838879,0.16073356,0.0012862071
64,399,0.74296004,3.18804746,22.50183439,0.09424295,0.0011956702
64,400,0.79290273,2.83514620,22.07896164,-0.17259495,0.0010670333
64,401,0.72615820,2.62882682,21.92077498,-0.01941864,0.0008769089
64,402,0.95241904,2.46190965,22.51931975,0.44129919,0.0028772472
64,403,0.91840191,2.72483599,24.17639337,0.21095115,0.0007042020
64,404,0.77868184,3.24842910,24.07045924,0.44880832,0.0015103414
64,405,0.84771686,3.08938706,22.41083504,0.14167388,0.0015635252
64,406,0.72713567,2.29220802,20.65141611,-0.49364861,0.0018821223
64,407,0.98046935,2.78308672,22.10793314,-0.34447081,0.0012153762
64,408,0.85376017,2.59171334,23.35339342,-0.07385179,0.0004058582
64,409,0.55839925,2.90015060,20.76167323,0.25369919,0.0005763897
64,410,0.82709188,2.33011203,19.45640337,-0.42790164,0.0006247731
64,411,0.94548179,2.94426784,21.13977661,0.28438261,0.0007759822
64,412,0.68713347,2.56327972,22.58336715,0.24513440,0.0023042741
64,413,0.75211425,2.57869561,22.74717617,-0.24275806,0.0012259119
64,414,0.82322019,2.65239105,21.63323503,0.42603085,0.0003493746
64,415,0.88678146,2.77759554,21.25243998,-0.31712122,0.0015407514
64,416,0.51121865,3.44520224,20.98825564,0.43368262,0.0018684094
64,417,0.80191169,2.61076654,20.71795350,0.16632291,0.0016392365
64,418,0.86768736,3.45350243,22.18452196,-0.49192281,0.0011614285
64,419,0.95509861,2.35760266,23.86497739,0.17925250,0.0014322576
64,420,0.85232676,3.23449962,21.56245542,0.26157948,0.0007898318
64,421,0.96760482,2.65394644,21.85141458,0.39630188,0.0012610085
64,422,0.84978548,3.10405731,23.14106298,0.32287751,0.0034093766
64,423,0.88883606,2.37221827,20.34962900,-0.19146104,0.0005888504
64,424,0.69033454,2.15120117,23.52955874,-0.05126688,0.0029251533
64,425,0.85049194,2.18813493,22.82490636,0.16170311,0.0019599767
64,426,0.88429863,3.16750956,23.17203618,0.02634131,0.0017141397
64,427,0.68941415,3.05623464,22.49445622,0.46960741,0.0012414891
64,428,0.70957501,3.12072195,21.87481065,0.41718784,0.0012715767
64,429,0.56569687,2.41678861,21.27319774,0.32443404,0.0022104490
64,430,0.56142583,2.72394997,22.33838158,0.40754330,0.0014778885
64,431,0.50686485,2.52225775,21.73387588,0.02374756,0.0031262237
64,432,0.87486447,2.23217639,18.92401868,0.42219374,0.0008309389
64,433,0.73971708,2.70526330,20.08756421,-0.06730474,0.0010785219
64,434,0.76490138,3.24540273,23.04448972,0.45625193,0.0017743843
64,435,0.71419573,2.90293962,19.56481925,0.48801945,0.0014784334
64,436,0.81329174,2.73140832,22.80671378,0.00924159,0.0022092114
64,437,0.68304876,2.96893780,23.30988732,-0.11065153,0.0005443235
64,438,0.63956018,2.03250207,21.01528433,-0.04827514,0.0009727979
64,439,0.65392817,2.32626467,21.64023639,0.17990810,0.0016304879
64,440,0.55598985,2.74810749,20.14252700,0.08834130,0.0014709733
64,441,0.78320415,3.70696287,20.94999740,0.23681368,0.0016001431
64,442,0.85263023,2.56782654,23.32869990,0.25693700,0.0007753746
64,443,0.90005202,3.39867126,22.82864736,0.26420856,0.0008463439
64,444,0.82333143,2.78912463,22.33812009,0.19528154,0.0004919008
64,445,0.83061340,2.71617487,22.83559156,0.25270383,0.0017899226
64,446,0.79315396,2.15123872,22.05290973,-0.05193288,0.0011783745
64,447,0.77860388,3.74203214,21.38964627,0.23876152,0.0012005191
64,448,0.86066972,2.48248516,19.32161636,0.07403296,0.0016352239
64,449,0.89589114,3.46773993,19.66953891,0.35707604,0.0009367532
64,450,0.76964451,2.88168870,22.58921965,-0.30168608,0.0018762230
64,451,0.71832739,3.85480320,21.89783600,0.38616578,0.0009273549
64,452,0.79780054,2.09250816,22.27907590,0.31239858,0.0009793371
64,453,0.58443454,2.80142925,23.56135003,0.37110635,0.0008997587
64,454,0.79237391,2.21543366,20.62846226,-0.07956402,0.0008458401
64,455,0.83064079,3.39657663,24.41096439,0.05286029,0.0004661589
64,456,0.74244053,2.41338152,22.98291803,0.05693146,0.0021794774
64,457,0.92927315,2.57708674,20.82012303,0.32202374,0.0014249382
64,458,0.78623727,2.76697838,20.51442076,0.13100686,0.0008161749
64,459,0.68749954,2.98808134,22.62620945,0.36950534,0.0015133026
64,460,0.95670129,2.05502212,19.94364896,-0.05603311,0.0015304648
64,461,0.81887396,2.39334209,22.91111042,-0.30276938,0.0011556532
64,462,0.71980515,2.56282859,20.95239238,0.18463917,0.0002013042
64,463,0.98115533,2.67766686,22.18689851,0.16708301,0.0020763124
64,464,0.75037206,2.84557057,21.45760602,0.02058471,0.0015365439
64,465,0.81224550,2.82418059,21.42688441,0.13004193,0.0010950415
64,466,0.84163127,2.83042341,21.52072535,0.20116485,0.0003308338
64,467,0.50752099,3.05478679,22.47579501,-0.00447575,0.0020435101
64,468,0.87259394,2.11498583,22.32936475,0.25351075,0.0017351918
64,469,0.66649143,3.20900189,20.89550049,0.09635393,0.0012858438
64,470,0.83825716,2.08492889,20.77510019,0.22288658,0.0013547200
64,471,0.94407955,2.20408467,20.88284078,-0.20937581,0.0017254280
64,472,0.68863541,2.35558658,24.60128038,0.27690518,0.0026029766
64,473,0.86427895,3.19842488,20.82084544,-0.19625867,0.0008128439
64,474,0.87052669,3.87039992,24.81355227,-0.38084518,0.0008953547
64,475,0.86777955,2.71961891,23.46797028,0.28193990,0.0010862079
64,476,0.53580011,2.09328107,22.67533681,-0.28235382,0.0019658156
64,477,0.59120151,2.58817372,19.51262780,0.42162016,0.0012432430
64,478,0.50138346,2.27270710,19.23567562,0.39597845,0.0013143669
64,479,0.50328342,2.32516012,22.25773211,0.09261264,0.0017769391
64,480,0.59285968,3.46997254,21.09565266,0.01779174,0.0008024110
64,481,0.74550462,2.56423184,24.94329076,0.41953095,0.0022300805
64,482,0.89482899,3.24408437,19.55497571,0.29034899,0.0010139794
64,483,0.63988857,3.28997419,22.51536576,0.42428720,0.0014788291
64,484,0.89223876,2.67837273,21.80134027,0.14600452,0.0011485540
64,485,0.68882740,3.51862757,22.07203095,0.17878639,0.0007916129
64,486,0.70412464,2.51799760,22.70029857,0.17709841,0.0013836342
64,487,0.76318675,3.73041947,20.16324077,0.15842059,0.0009748436
64,488,0.81939865,2.38985112,19.81601045,0.07208506,0.0017264053
64,489,0.70754933,2.56880826,22.51413185,-0.36263311,0.0040296063
64,490,0.75919662,2.42952287,22.09723213,0.29429959,0.0007568810
64,491,0.96647145,2.09640664,19.59365179,0.12889407,0.0024748749
64,492,0.72843334,2.70078625,20.02376760,0.19773025,0.0006228883
64,493,0.86946070,3.30734050,20.98821416,0.25012548,0.0017500867
64,494,0.88676800,2.23769907,20.79936592,0.31206312,0.0011575641
64,495,0.67192541,2.86155189,22.75355874,-0.21439946,0.0004426418
64,496,0.80878047,3.01562735,20.36520030,-0.33884182,0.0014731676
64,497,0.70740334,2.90527894,22.07692865,0.38720321,0.0007394116
64,498,0.92212978,2.35010995,19.39372370,0.23015934,0.0005034421
64,499,0.91718309,2.36662376,22.66447338,-0.22167127,0.0012921896
64,500,0.66900529,2.36604687,22.92913056,0.29622812,0.0019783144
64,501,0.62945959,2.29044970,22.94235842,0.19137337,0.0014051670
64,502,0.69248330,3.41250916,23.92372399,-0.16059658,0.0004378379
64,503,0.65686453,3.61759210,24.77285222,0.20260912,0.0012766203
64,504,0.53873905,2.45446952,19.09144308,-0.30540224,0.0023880947
64,505,0.73886031,3.35884735,20.30558044,-0.36372165,0.0010771852
64,506,0.71306771,2.43791801,23.85293972,0.06536647,0.0006586062
64,507,0.88570392,2.42146956,20.61415530,0.05595787,0.0008263046
64,508,0.69236796,3.34114954,21.61936848,-0.08456732,0.0031247096
64,509,0.59370020,2.69262491,24.70583784,0.08483243,0.0014475501
64,510,0.65874580,2.88395270,23.60721977,0.41243837,0.0011374591
64,511,0.77898761,2.72399340,21.84022608,0.38821456,0.0007215554
64,512,0.66310725,2.06892546,21.78715424,0.34738220,0.0004364021
64,513,0.52416032,2.28756481,23.89780966,0.41852659,0.0007330066
64,514,0.59914859,2.05291607,22.77633663,-0.03641506,0.0004463886
64,515,0.94213789,2.41113559,24.04285991,0.06629401,0.0019124641
64,516,0.56005674,2.44478679,20.78620243,-0.34748754,0.0008826854
64,517,0.56065362,2.20199172,21.70394510,0.39565923,0.0011026400
64,518,0.59570673,2.56397134,23.15211925,-0.36621794,0.0010044617
64,519,0.86381745,3.12063641,21.92728220,-0.46895350,0.0028772938
64,520,0.83041062,3.16241439,21.91501506,0.38861900,0.0013448816
64,521,0.52739389,2.02433274,22.01807586,-0.28998576,0.0020673638
64,522,0.75946257,2.39768439,22.88499253,0.26967908,0.0016399977
64,523,0.96247209,3.25926696,20.85872418,-0.06803290,0.0004703996
64,524,0.87374078,2.37318271,21.83435213,0.48968395,0.0032944286
64,525,0.82453102,3.01662710,21.13191508,0.04685326,0.0005297309
64,526,0.91672327,2.29457789,21.15689954,0.39828454,0.0010186488
64,527,0.93627498,2.78634602,25.12848929,0.11844824,0.0009337232
64,528,0.76668718,3.98330360,20.15794832,0.09860386,0.0006189324
64,529,0.80600172,2.47623114,21.38678183,0.18637642,0.0010689583
64,530,0.79095116,2.68497989,24.91202470,0.04178947,0.0016657689
64,531,0.94885394,2.62673492,23.00477045,0.16900395,0.0009449300
64,532,0.75594001,3.87525255,21.92327141,-0.16346015,0.0023615574
64,533,0.50540254,2.89062148,23.20591366,0.07727961,0.0010678155
64,534,0.93002233,2.15416559,20.08227925,-0.25962372,0.0009718629
64,535,0.53025790,2.50584738,21.42557386,-0.47362405,0.0008612720
64,536,0.74240699,2.44260710,21.14111422,-0.26626077,0.0015972703
64,537,0.98063042,3.00274795,20.64564340,-0.39386507,0.0010927763
64,538,0.93265841,3.73253384,19.26787693,-0.48975323,0.0008015807
64,539,0.90275944,2.66923502,23.96841706,0.11079429,0.0006587555
64,540,0.63620939,2.08827256,22.51200324,0.15967456,0.0008092741
64,541,0.80856577,2.94632816,22.10180619,-0.20033249,0.0031027693
64,542,0.76806331,2.57601204,22.24189229,0.18576130,0.0015732120
64,543,0.91897475,2.63202452,21.58465478,-0.34437812,0.0006870208
64,544,0.75976617,2.72430315,21.57682402,0.18763016,0.0010836229
64,545,0.71909753,2.84297606,21.62593451,0.37107772,0.0007769237
64,546,0.93507395,2.54092885,21.01244350,0.39739718,0.0024046993
64,547,0.86455257,2.84592782,22.48246230,-0.01641939,0.0023217549
64,548,0.73470539,2.35012017,23.37841404,0.34415851,0.0004736286
64,549,0.80987975,2.41109540,20.76703196,0.35073121,0.0011082380
64,550,0.64559014,2.73317422,21.96546822,0.40773898,0.0010809416
64,551,0.73108338,3.51946327,20.61758409,0.40414330,0.0013663261
64,552,0.91416881,2.22642837,23.93648110,0.06621847,0.0034768117
64,553,0.81097520,3.08572238,21.24287531,0.44360169,0.0007823949
64,554,0.67471552,2.82118730,22.02263812,0.08863452,0.0019706881
64,555,0.78605352,2.29534313,23.10022320,0.09712593,0.0009752067
64,556,0.61735115,3.63866761,20.83932556,0.39852875,0.0008361366
64,557,0.73517653,2.44994189,18.91661769,0.29262791,0.0004789665
64,558,0.58792444,3.71830583,21.12230258,0.19684913,0.0019523618
64,559,0.69239856,2.89356561,21.81308931,0.11890483,0.0005282604
64,560,0.91793818,3.74906429,23.16856422,0.38977268,0.0025480320
64,561,0.98311014,2.21698488,23.10525152,-0.41011425,0.0020796143
64,562,0.74576207,3.65774523,19.54051668,0.21226630,0.0010513962
64,563,0.72929153,3.74884662,21.20164002,-0.15006821,0.0007376472
64,564,0.83937196,2.28539607,21.19766083,-0.31438699,0.0011508484
64,565,0.80943875,2.18077611,20.93772285,-0.19210171,0.0011481437
64,566,0.91143491,2.31880516,22.02681000,-0.09908053,0.0026847784
64,567,0.80359717,3.30161892,21.31290287,0.11518098,0.0005184057
64,568,0.67087479,2.72014329,20.42305779,0.37696512,0.0004683420
64,569,0.72435919,2.68101250,21.83763982,0.20957964,0.0022185316
64,570,0.51311290,2.45512201,23.39047911,-0.13444651,0.0009722416
64,571,0.89929371,3.11595560,23.80595115,0.48101251,0.0019592823
64,572,0.83963962,2.85778499,20.82944785,0.31001161,0.0006127882
64,573,0.83788181,2.56180923,19.19417334,0.09672363,0.0070279855
64,574,0.90359682,2.73465953,22.95191175,0.31727350,0.0010827005
64,575,0.88576045,3.19255754,22.06814198,0.13316269,0.0012940401
64,576,0.67393449,2.90089720,19.50421296,0.43329166,0.0010218234
64,577,0.70219528,2.68655268,23.19058826,0.22561372,0.0007065459
64,578,0.53010078,2.13590305,19.15010886,0.05920857,0.0013995948
64,579,0.84640845,3.32665089,20.00765903,-0.14311239,0.0007849548
64,580,0.92870650,2.78496886,22.96545533,-0.17866603,0.0030636723
64,581,0.53340358,2.65362244,22.26011658,0.03247828,0.0013779156
64,582,0.84751781,2.32867012,21.34930940,0.23262499,0.0022945785
64,583,0.82667038,2.95907160,22.33671539,-0.31362120,0.0025962222
64,584,0.52473752,2.56458331,19.80253915,0.41008455,0.0033861896
64,585,0.67335173,2.14068826,20.89814626,-0.18965110,0.0056330496
64,586,0.78905950,2.76882543,21.28526128,0.11067420,0.0010336552
64,587,0.81943844,2.08547435,24.76650227,-0.27199008,0.0015652768
64,588,0.88405476,3.83379404,22.28124509,0.20131793,0.0014417703
64,589,0.73266063,2.06377556,21.62147234,-0.42278770,0.0024572509
64,590,0.71612768,2.46334144,24.79389797,0.12009692,0.0014186776
64,591,0.60472064,3.83159866,22.58999843,0.15672507,0.0035056606
64,592,0.93584550,2.56682365,21.20542721,-0.17573364,0.0008764950
64,593,0.82190706,3.10767741,21.68496785,-0.44079368,0.0018283743
64,594,0.89763006,2.46313348,20.70200751,0.08762908,0.0022832819
64,595,0.73664113,2.43973657,20.68123286,0.01731175,0.0025641354
64,596,0.86985736,3.40741809,22.36380957,0.19994221,0.0013763356
64,597,0.61099594,2.74323577,19.47913072,0.45960211,0.0017123061
64,598,0.73882289,2.88450886,20.88805803,-0.23793492,0.0003249051
64,599,0.68669160,2.81869657,22.54900701,0.04879932,0.0009049755
64,600,0.96188302,3.11379328,21.99843196,-0.28793252,0.0009180383
64,601,0.86358345,2.79400307,24.59129350,0.28850025,0.0005913447
64,602,0.71069815,2.24390675,18.98290324,0.29320884,0.0007125376
64,603,0.56236139,2.55657515,22.77376732,0.07230492,0.0010381646
64,604,0.92376083,3.14638207,23.06371416,0.06700941,0.0026403581
64,605,0.50878305,2.38157781,22.78235417,-0.07695327,0.0003979211
64,606,0.82865697,3.93217711,20.72307126,0.35876243,0.0005352312
64,607,0.86479919,2.80305440,20.21610236,0.09650692,0.0014419241
64,608,0.95570817,2.77785760,22.80762540,0.04776911,0.0008125496
64,609,0.83621617,3.01846364,20.16284845,0.12639312,0.0006421542
64,610,0.91413647,3.02510331,23.96060582,0.30775072,0.0007304831
64,611,0.54053337,2.83745841,23.83484575,-0.10559702,0.0010733525
64,612,0.66925296,2.44784920,20.86459407,-0.00469924,0.0024911090
64,613,0.54218611,3.13418701,22.48936018,0.17786851,0.0010173159
64,614,0.65844002,2.69766510,21.58445700,-0.11670256,0.0021884731
64,615,0.86631811,2.71047478,20.61561221,0.44364609,0.0016051170
64,616,0.99268640,2.11420506,24.79813320,0.11935892,0.0016694458
64,617,0.69646542,3.81944613,23.19733240,0.30825135,0.0015140897
64,618,0.63622542,3.60258632,23.83475824,0.12289351,0.0029216934
64,619,0.76872267,2.62183040,21.07252043,0.26950874,0.0022548208
64,620,0.69519254,3.08484484,21.22823865,0.39558628,0.0009462326
64,621,0.84961876,2.73931980,22.26773897,0.22615028,0.0014687033
64,622,0.89621925,3.31949208,21.95162133,0.41910804,0.0015325340
64,623,0.67377067,2.58440028,21.34283863,-0.30487379,0.0024096918
64,624,0.66252845,2.68205951,22.44270143,0.20204215,0.0011861201
64,625,0.78402386,2.98324334,20.96767269,-0.35210577,0.0014542743
64,626,0.74893130,2.79434058,21.97075058,0.44902727,0.0014930873
64,627,0.74037382,2.90393141,21.88720136,0.12893589,0.0010153587
64,628,0.69608528,2.23257861,24.47993362,-0.24083567,0.0006754586
64,629,0.57160675,3.33554899,21.81114109,0.37345504,0.0014597093
64,630,0.84577919,2.93446138,24.34112471,-0.15794458,0.0012355056
64,631,0.90856841,3.12643216,23.14283442,0.09044842,0.0008206318
64,632,0.89631615,3.64166015,20.17139346,0.14912092,0.0009239370
64,633,0.61712653,2.08962431,21.76751647,0.34994200,0.0004984762
64,634,0.80545291,2.87709735,24.74519467,0.30977992,0.0005260902
64,635,0.72796153,2.85800498,20.19835412,-0.01490428,0.0015090887
64,636,0.87044129,3.26084337,21.25151385,0.26839336,0.0011647484
64,637,0.83930061,2.74719823,23.19650098,0.44729942,0.0027798417
64,638,0.96415922,2.32212506,20.04722367,-0.43543876,0.0025140876
64,639,0.66233792,2.85620629,21.49243172,-0.05839888,0.0013771653
64,640,0.79297750,2.39722282,19.75964420,-0.10210264,0.0005075513
64,641,0.67134815,2.17103885,22.68865179,-0.06345460,0.0034280146
64,642,0.97388730,2.71693265,24.21059200,-0.12417699,0.0017344088
64,643,0.84212317,2.83748124,19.91361703,0.40736886,0.0005260437
64,644,0.75271824,3.42430901,22.63440394,0.17549372,0.0014064373
64,645,0.64198001,2.99672993,21.51013438,0.20015649,0.0008015613
64,646,0.99189041,3.78745346,24.96615544,0.14164817,0.0010420287
64,647,0.78091730,3.12014512,23.22338101,-0.43241241,0.0005962760
64,648,0.84310424,2.80540211,24.64244786,0.25215438,0.0056805596
64,649,0.83125681,2.20455142,20.61141268,0.04248876,0.0004243765
64,650,0.71732141,3.04565115,20.94703806,0.21061437,0.0006359478
64,651,0.84875147,2.39046049,22.51665810,0.14621281,0.0018013010
64,652,0.75243250,3.42633721,20.09438603,0.09249901,0.0003845815
64,653,0.85955796,3.74632249,19.34787324,0.01140311,0.0019976831
64,654,0.86755358,3.64782299,21.42261132,0.45286201,0.0004598062
64,655,0.90318470,2.66941332,21.02682118,0.43209838,0.0017807731
64,656,0.84211863,2.77392600,20.50399202,0.15356168,0.0008321706
64,657,0.74228834,2.31856409,22.17663317,0.06013513,0.0012782664
64,658,0.72283568,2.31528398,20.99303055,-0.19024576,0.0006505957
64,659,0.80580915,2.72126462,23.62939752,0.23517041,0.0007390637
64,660,0.88599327,2.61204927,20.98299060,0.10055103,0.0005518033
64,661,0.99108477,3.01348245,22.09178796,0.01654040,0.0017087471
64,662,0.51439493,2.35684195,22.76091700,0.09261699,0.0007854294
64,663,0.73910031,2.80497517,22.30166344,-0.19991665,0.0001298520
64,664,0.83621504,2.59767658,23.31847588,-0.16428451,0.0008301203
64,665,0.70432955,2.35636434,20.91600670,0.31747544,0.0013851388
64,666,0.80490932,3.13386816,21.58027689,-0.01935990,0.0020748822
64,667,0.75841765,2.49770429,21.46779299,0.45852396,0.0014368637
64,668,0.81647205,2.41964306,22.88392461,-0.16443171,0.0010604180
64,669,0.88725177,2.21663114,22.85048144,-0.35461025,0.0009627943
64,670,0.68435333,2.25288468,21.99883107,-0.45582062,0.0014026186
64,671,0.73909312,2.78211997,22.54960866,0.36765768,0.0015455925
64,672,0.71083074,3.27935944,23.54428476,-0.18579062,0.0009853488
64,673,0.69877068,2.32362494,22.39437179,-0.00369533,0.0008984809
64,674,0.73856719,3.82446196,24.62453848,0.28127188,0.0017713382
64,675,0.65722332,2.20048641,20.29824499,0.16715737,0.0020791340
64,676,0.85952505,3.90706871,25.00350914,-0.45885105,0.0013723934
64,677,0.72913416,2.88415568,20.19355567,0.23402275,0.0024474526
64,678,0.75073406,2.75927487,20.69399565,-0.37587054,0.0018047599
64,679,0.92855817,2.11533201,22.74300833,-0.46083472,0.0004606834
64,680,0.61650733,2.46254768,22.07105849,0.24699519,0.0011899965
64,681,0.91567720,2.65136575,21.54849283,0.20490152,0.0012947383
64,682,0.56184587,3.18865540,22.64802901,-0.13037547,0.0024629533
64,683,0.56390242,2.49570411,22.60726454,0.34677599,0.0007460774
64,684,0.73960961,2.53360613,23.12913842,-0.38103435,0.0004561841
64,685,0.57873602,3.68423284,19.90624269,-0.14027359,0.0023986246
64,686,0.84290397,2.81876795,21.45387981,0.44929492,0.0020542623
64,687,0.64287659,2.24135670,20.39168253,-0.47186674,0.0014035597
64,688,0.88570075,2.35654193,21.49259284,0.20578018,0.0017481832
64,689,0.58057201,2.23094404,21.17753786,-0.06607026,0.0006391626
64,690,0.73366573,3.39736970,21.57203972,0.06646164,0.0012562625
64,691,0.91766507,2.66288165,21.39318657,0.01992081,0.0014011773
64,692,0.67493162,2.64036281,23.18510979,0.31757125,0.0010302808
64,693,0.70889291,3.51578397,20.08040356,-0.07402341,0.0007314883
64,694,0.70533907,3.54982936,23.29158430,-0.41986728,0.0010389493
64,695,0.90839212,2.45929043,22.60730836,0.25568120,0.0009343301
64,696,0.77333450,2.66916116,20.60049323,0.35611736,0.0022972854
64,697,0.94073921,3.53757873,20.79792066,-0.13905331,0.0015504307
64,698,0.84370811,2.34782479,21.27902667,0.05872439,0.0012751646
64,699,0.87804577,2.38839805,22.67107162,0.33737818,0.0003603547
64,700,0.75258085,3.68337920,21.55091786,-0.16485500,0.0010150914
64,701,0.85094015,2.58951007,21.89323157,0.07632015,0.0022158580
64,702,0.78664487,2.52034897,21.98710357,0.03055072,0.0009852277
64,703,0.90621395,3.93214795,20.32694900,0.32449997,0.0012076134
64,704,0.82880864,2.83296633,20.79748876,-0.30227758,0.0022751846
64,705,0.97469323,2.28425201,22.01721340,0.28799374,0.0006248177
64,706,0.75818269,2.55048963,21.20035357,-0.20717641,0.0005355440
64,707,0.65919359,2.06604071,23.03273809,0.48682959,0.0014545716
64,708,0.71958826,2.33824935,21.61386601,-0.32368142,0.0019905092
64,709,0.73540101,2.27376409,20.20446862,0.18323263,0.0019538682
64,710,0.89894668,3.33367511,21.50797041,-0.39920776,0.0010553953
64,711,0.81351195,2.72829838,21.73289086,0.23323452,0.0007110875
64,712,0.80070277,2.72328706,22.08698334,-0.12172625,0.0043495321
64,713,0.74936390,2.15112304,21.81922049,0.14602884,0.0005857549
64,714,0.74526732,2.67589510,20.04655433,0.43262359,0.0014052616
64,715,0.90174086,2.38778208,22.81650281,0.10253786,0.0009336290
64,716,0.58589286,3.63341778,23.76610106,0.38571540,0.0055814404
64,717,0.73120399,3.25708434,24.08044528,-0.38129542,0.0022136665
64,718,0.73996845,2.79452183,24.63583719,0.14324654,0.0003913661
64,719,0.76400143,2.97000328,21.00221782,0.27359265,0.0017551148
64,720,0.77519369,2.53617997,23.76741245,0.03077935,0.0007895551
64,721,0.81592449,2.87121013,21.72274719,0.24445775,0.0024041965
64,722,0.70691716,2.75454602,22.82655832,0.40865996,0.0011982913
64,723,0.84887295,2.89058983,21.60078563,-0.09591820,0.0006364496
64,724,0.89710852,2.77681280,19.65922745,-0.09935503,0.0030491003
64,725,0.74804838,3.62283435,22.86343311,0.02083146,0.0021544196
64,726,0.90303214,2.03972460,19.40584282,0.09022159,0.0007272792
64,727,0.80283974,2.27351992,19.13576165,-0.29509608,0.0011468736
64,728,0.93092467,3.25863286,21.97522763,-0.29525988,0.0006847824
64,729,0.90090876,3.62290163,21.49333543,0.09737969,0.0019449361
64,730,0.79770467,3.10058875,21.93174630,0.21238788,0.0011241559
64,731,0.69825881,2.27484660,22.95951011,0.24472321,0.0008632966
64,732,0.72719089,2.85631083,22.01530575,0.32857493,0.0007141761
64,733,0.61352865,2.88164027,23.49973637,-0.09993273,0.0022175019
64,734,0.63177746,2.27036629,21.96371462,-0.15301400,0.0003470425
64,735,0.99762895,2.47294424,21.42372817,-0.03286567,0.0006180919
64,736,0.79453348,2.18574617,20.25872128,-0.37705654,0.0020258045
64,737,0.79405258,3.02233209,21.57660936,0.29234384,0.0016681692
64,738,0.82648554,3.76395783,21.90928221,-0.06888794,0.0007984244
64,739,0.81662801,2.83057615,20.21986859,0.27514464,0.0008024915
64,740,0.74255996,2.35360159,22.81670042,0.32921145,0.0018962336
64,741,0.79357072,2.57390598,22.35952371,-0.08301291,0.0005353479
64,742,0.82712188,2.43351437,21.67277568,0.45030774,0.0024315481
64,743,0.66142047,2.35777316,21.67424233,0.01473264,0.0011476617
64,744,0.84745074,3.11342380,24.03953115,0.37215258,0.0009470276
64,745,0.52787878,3.89367262,19.73163934,0.43153673,0.0011061029
64,746,0.94943625,2.71327761,23.24638859,0.22844247,0.0013990560
64,747,0.72398239,2.79800909,21.57010596,0.08259413,0.0013657470
64,748,0.88670222,2.61913270,23.47136317,0.32529506,0.0013448591
64,749,0.84780887,2.49821107,21.62370363,0.34576847,0.0008539754
64,750,0.97474245,3.45205759,24.17425762,-0.31745859,0.0013484392
64,751,0.84469991,2.16294231,21.95419983,0.06375928,0.0019322857
64,752,0.51137200,2.29174525,21.18953452,-0.30297118,0.0030120364
64,753,0.58953566,3.20346050,20.79579380,0.02607046,0.0008511102
64,754,0.62741906,2.48161247,22.62761172,-0.03571602,0.0027873453
64,755,0.65255411,3.11168440,21.26856581,0.34938325,0.0013132422
64,756,0.89278562,2.37471521,22.17432538,-0.07204416,0.0003390180
64,757,0.76637084,2.35738704,20.21249600,-0.09322531,0.0010207416
64,758,0.58203239,2.26293222,21.52532547,0.17157989,0.0062963714
64,759,0.87148702,3.01456864,24.21694424,-0.18037705,0.0004179324
64,760,0.78971043,3.76825404,20.11556398,-0.09478494,0.0010399003
64,761,0.78941488,3.91815155,21.54729536,-0.47671150,0.0009862784
64,762,0.74309814,2.26962949,22.69623241,-0.37527356,0.0004488385
64,763,0.75533324,3.84192928,24.48864313,0.22026940,0.0022192788
64,764,0.51149904,3.59264950,23.93521806,0.46204620,0.0012396553
64,765,0.80491547,2.66222692,23.74075316,-0.38264833,0.0006242547
64,766,0.73714998,2.24265968,22.61958347,-0.23037069,0.0019006227
64,767,0.71084478,2.49990659,19.58149030,0.30953384,0.0031409311
64,768,0.99628830,2.14559261,20.00626509,-0.10807132,0.0017269957
64,769,0.89500163,3.80741754,22.02859676,-0.03665839,0.0006544121
64,770,0.85561886,2.01402429,20.65329560,0.00238010,0.0013602675
64,771,0.65065190,2.17712777,22.26858810,0.19631635,0.0009280514
64,772,0.64216758,2.04903879,23.59574520,0.16384155,0.0007645563
64,773,0.72674946,3.17491484,22.21185604,0.24317881,0.0030713789
64,774,0.57003765,2.12704060,20.76395310,-0.03014671,0.0022328526
64,775,0.68996130,2.27704129,19.86921394,-0.26423701,0.0010264059
64,776,0.73814498,2.51236619,21.03272713,-0.14236373,0.0015346819
64,777,0.66581759,2.81917348,21.19986193,-0.31192763,0.0003996374
64,778,0.71624185,2.66403797,23.70293033,0.25121344,0.0017143085
64,779,0.80234283,2.88170296,22.79604080,0.09875562,0.0017664317
64,780,0.87347166,2.14586283,23.81042704,0.33425680,0.0007106998
64,781,0.92311731,3.81647812,21.52362843,-0.42491597,0.0008401949
64,782,0.78917130,3.27127065,22.14088318,0.16362665,0.0021301959
64,783,0.72751063,3.81615888,21.64338094,0.00356707,0.0033508764
64,784,0.89922001,3.29912561,20.65540111,0.05003584,0.0008893509
64,785,0.61274278,3.66114434,22.83255156,0.41999109,0.0002669143
64,786,0.77926369,2.44989569,21.98549166,0.18162571,0.0009338933
64,787,0.58203376,3.15968395,19.97254321,0.42557464,0.0030149510
64,788,0.82849467,3.23085439,22.59866167,0.04187728,0.0022459585
64,789,0.88533708,2.01084385,22.08200963,0.15042746,0.0021866668
64,790,0.76057949,2.12026186,19.00612730,-0.25183444,0.0009857873
64,791,0.97979621,3.21881631,20.15446039,0.28909204,0.0009293159
64,792,0.87869565,2.27784082,20.39090296,-0.08473004,0.0008111653
64,793,0.93785743,2.74586702,20.24998679,0.30619302,0.0010578348
64,794,0.73354126,3.47869920,20.54803787,-0.20753055,0.0004688643
64,795,0.80777448,3.32502612,21.84501797,0.33100060,0.0008414329
64,796,0.68591751,3.20799962,22.06114381,-0.35714246,0.0006728939
64,797,0.85350900,2.20452075,20.79698409,0.34456793,0.0006284687
64,798,0.65603345,3.12244554,23.53029748,0.07168069,0.0010367569
64,799,0.83200023,3.26117767,23.86052743,-0.29622258,0.0014207919
64,800,0.99186000,2.72141325,21.04967389,0.07384791,0.0007696360
64,801,0.82451577,2.21383182,22.09249680,-0.04165863,0.0005102633
64,802,0.57606550,2.40403302,21.14212970,0.24906275,0.0020144915
64,803,0.78980719,2.89094745,20.94567355,-0.10800072,0.0016706638
64,804,0.58728612,2.28676124,21.22586486,0.35658956,0.0012676292
64,805,0.87503622,2.64701245,20.78754277,0.32409710,0.0017327895
64,806,0.97597211,2.60119835,23.01117094,0.49786978,0.0007540754
64,807,0.95053015,2.24193349,22.42228455,-0.37642626,0.0018683564
64,808,0.79163793,2.41335349,23.06326555,0.17087869,0.0015309830
64,809,0.94649174,2.53208370,21.30585473,0.35875292,0.0017720440
64,810,0.60959523,2.00867413,21.99243616,0.00044155,0.0008906445
64,811,0.58882248,2.11328800,23.10226986,0.31620621,0.0016178388
64,812,0.91341507,2.66277993,21.96435923,-0.00713462,0.0011083301
64,813,0.73652057,2.48650268,21.54837679,0.07641146,0.0007423678
64,814,0.65745132,3.47978377,23.91212422,0.16471891,0.0010063267
64,815,0.83104268,2.81220757,23.82809858,0.07225905,0.0011352456
64,816,0.75388680,3.76063219,22.48323415,0.40405976,0.0004476645
64,817,0.69906253,2.85085798,23.05248602,-0.28232335,0.0009904830
64,818,0.87424084,2.64952691,24.43383599,0.16736061,0.0024279291
64,819,0.90752027,3.95486061,22.24626886,0.28551466,0.0013936166
64,820,0.69706029,3.21191383,20.83477979,0.34857969,0.0028876405
64,821,0.77706179,3.60699491,20.69855481,0.32131092,0.0006882735
64,822,0.64444804,2.27109424,22.31701015,-0.01410192,0.0007647216
64,823,0.88461046,2.42134193,23.39903325,0.42001219,0.0006467119
64,824,0.70140400,2.01053695,19.07279846,0.30860178,0.0018651954
64,825,0.68432201,2.78865493,18.90454307,-0.40398835,0.0004136790
64,826,0.93444764,2.60387156,19.16839326,0.25336548,0.0017537577
64,827,0.75527607,3.03264383,22.17051035,0.14100448,0.0015856045
64,828,0.54987556,2.13319580,22.68116040,0.23120841,0.0010914058
64,829,0.94704425,2.73548584,23.02065980,0.23300487,0.0017277732
64,830,0.95890229,2.23976313,21.82512220,0.23671891,0.0007849865
64,831,0.85134970,2.67945794,22.70699630,-0.40189075,0.0015306095
64,832,0.78527355,2.15015718,21.13492995,-0.43643587,0.0030425258
64,833,0.92906044,2.03807510,22.52628909,0.26161093,0.0023952189
64,834,0.78017836,2.43107436,19.83704591,-0.35619412,0.0021893188
64,835,0.75908978,2.07029835,19.83562350,-0.34921527,0.0012276915
64,836,0.57156420,2.15955395,24.11565500,-0.09921685,0.0033382239
64,837,0.83841118,2.68322038,22.85367548,0.20782835,0.0005251552
64,838,0.91631116,2.37986107,23.16466191,-0.34099205,0.0016617895
64,839,0.85888913,2.12937278,20.81094844,-0.43759924,0.0005382761
64,840,0.68874819,2.46586800,20.27771002,-0.05618038,0.0004059144
64,841,0.97835250,3.28221231,22.83704041,-0.04493192,0.0010744812
64,842,0.99014159,3.31001287,23.19158828,0.04063744,0.0014122699
64,843,0.78420983,2.27719882,23.59170191,-0.15004233,0.0008436616
64,844,0.90764591,2.84814257,22.16917774,-0.14139274,0.0014749886
64,845,0.91527388,3.06214873,22.51028762,-0.14484156,0.0011448926
64,846,0.80704474,2.65834942,22.56207501,0.10924518,0.0010878820
64,847,0.71706621,2.84818194,21.60403308,0.35098873,0.0019071779
64,848,0.87854024,2.54178653,20.16973846,0.02436327,0.0004827300
64,849,0.83273778,3.07761920,24.21738402,0.28562359,0.0016896702
64,850,0.62874524,3.07412324,21.19145748,0.25691702,0.0008651754
64,851,0.71009384,2.88897613,24.98833137,0.34890698,0.0002591447
64,852,0.65681662,3.97831952,22.21266768,0.45983744,0.0015026853
64,853,0.77523109,2.19981563,22.34515862,0.32567271,0.0009161447
64,854,0.65969396,2.35287082,19.88708695,-0.13494028,0.0006159018
64,855,0.71810840,2.84202503,19.95064398,0.00250598,0.0010987200
64,856,0.83232547,3.43147397,20.61198746,-0.32658134,0.0008494636
64,857,0.83329228,3.48440005,21.43694279,0.03540046,0.0047402797
64,858,0.79903713,3.90481368,21.17778143,0.27928619,0.0021532175
64,859,0.89500691,3.77457980,22.92620225,-0.47439504,0.0017441940
64,860,0.81479899,3.57110672,22.55048426,-0.19503484,0.0011512953
64,861,0.78760718,2.05010826,21.64705522,0.16482029,0.0007578045
64,862,0.73767761,2.86069587,24.81977208,0.18156845,0.0012593875
64,863,0.77320518,2.57701576,22.70689209,0.01008228,0.0016033745
64,864,0.97885858,2.73521260,22.14804598,0.13786707,0.0009380175
64,865,0.72465252,3.17968710,22.86042154,0.48073554,0.0003804938
64,866,0.89029177,2.80003509,24.10225590,0.26654633,0.0011582334
64,867,0.74256370,2.01407060,22.68689822,-0.25914135,0.0009834658
64,868,0.73636358,2.74276697,23.04511565,0.20309248,0.0018902746
64,869,0.62920819,2.83065949,21.05634774,-0.10623859,0.0015350678
64,870,0.97777087,2.47466248,19.26662505,0.08441339,0.0013307107
64,871,0.75380511,2.25084229,21.14391100,0.42680107,0.0007493077
64,872,0.67194361,3.55620694,22.78754040,0.19564281,0.0006933236
64,873,0.64199017,2.79133390,19.07025170,-0.29139968,0.0017274222
64,874,0.87312677,3.24843023,21.58536482,0.44798186,0.0009748991
64,875,0.86939272,3.06367046,21.94270131,0.09360304,0.0005458244
64,876,0.56218934,2.67341169,21.24027459,0.34256384,0.0014315843
64,877,0.64085731,2.49237875,22.17468224,0.18922511,0.0017238567
64,878,0.63275550,3.27740831,23.17423189,-0.09268453,0.0012910857
64,879,0.68214987,2.27129781,20.72178022,0.03307063,0.0020805363
64,880,0.69907178,2.84596537,22.49918737,0.40141065,0.0010019028
64,881,0.81401877,3.09251787,20.84376909,0.29344497,0.0017838465
64,882,0.79040135,3.52646062,20.33963018,0.42552131,0.0026429292
64,883,0.61005874,3.06368270,24.84813005,0.21722447,0.0011785672
64,884,0.86997943,2.43162793,21.34257505,0.21760268,0.0009870091
64,885,0.51307542,2.58335178,23.08232671,-0.00957295,0.0011654860
64,886,0.56826720,3.53865414,21.87768085,-0.48664156,0.0010698815
64,887,0.84144772,2.50073411,21.14643322,0.34341404,0.0007497919
64,888,0.73852136,2.91884889,24.95943722,0.14761695,0.0011474195
64,889,0.68989413,2.50590893,19.67384677,-0.31794897,0.0010260650
64,890,0.76981893,2.16349931,21.03294213,-0.00653702,0.0003804564
64,891,0.96476793,2.43013320,24.24329923,0.38628544,0.0013357639
64,892,0.95554953,2.20683866,20.53934788,0.29665788,0.0008007942
64,893,0.66060740,2.59025161,23.00774488,0.39848531,0.0016564929
64,894,0.90660911,3.92390210,19.68037059,0.17899287,0.0009184022
64,895,0.65347042,2.10567623,21.28452657,-0.03917389,0.0018247181
64,896,0.71826658,3.29535089,24.73678430,0.47869175,0.0011061688
64,897,0.57880248,2.15121702,21.99447833,-0.29917435,0.0027294073
64,898,0.94715734,2.57225330,23.85577118,-0.41466240,0.0009083569
64,899,0.85475152,2.89498357,21.87516800,0.15204280,0.0009899301
64,900,0.99381059,3.72543136,21.50523818,0.49034450,0.0013919092
64,901,0.69701203,2.47359335,21.41373270,-0.29318121,0.0009050453
64,902,0.73629155,3.18738763,19.04244780,0.34485286,0.0010941068
64,903,0.81047090,2.42411903,20.69953065,-0.13486918,0.0032214185
64,904,0.57652355,2.59913517,21.51370390,0.40543019,0.0019506958
64,905,0.87058893,3.47472897,19.00954370,0.44464542,0.0009703632
64,906,0.82301645,2.55204159,21.17227320,0.36622236,0.0009737772
64,907,0.84011570,2.29022087,24.48967808,-0.16476715,0.0038514628
64,908,0.75740203,2.61114307,23.20633756,-0.07739971,0.0009088997
64,909,0.99953857,3.10891175,21.88583211,-0.41528666,0.0013787802
64,910,0.94027437,2.99361146,22.29232538,0.18704027,0.0014463244
64,911,0.87229489,2.22791784,23.00991689,0.26658455,0.0009136936
64,912,0.89271460,3.42837003,21.22092522,0.15366447,0.0006637903
64,913,0.70386942,3.80846257,20.51272487,-0.01249206,0.0006815391
64,914,0.85982643,2.54334034,20.89326233,-0.14159398,0.0005924008
64,915,0.81408312,2.89344662,21.40764152,0.27565138,0.0018513931
64,916,0.78123604,3.75760339,21.19483735,-0.36114975,0.0015145910
64,917,0.80118109,3.36213159,22.87174590,-0.38049457,0.0013594268
64,918,0.96687663,2.68522109,23.47250524,0.35028050,0.0011172299
64,919,0.93865809,2.84814001,22.09765151,-0.06390634,0.0006491695
64,920,0.79124243,2.24455501,22.34290061,0.35327446,0.0022337797
64,921,0.88752230,2.22118677,21.90891685,0.21480103,0.0021519478
64,922,0.69041944,2.74677019,20.77854642,-0.15973353,0.0017266088
64,923,0.84993087,2.72202066,23.64282574,0.43289553,0.0009274820
64,924,0.93285277,2.72543991,22.98295174,0.02065234,0.0027015460
64,925,0.93853313,2.83804243,22.52354979,-0.03654860,0.0015286428
64,926,0.88345032,2.15805628,24.19614223,0.34785564,0.0016277149
64,927,0.80995069,3.94465297,22.44114004,-0.09790650,0.0004844288
64,928,0.93158022,2.27686345,23.96143348,0.14529841,0.0012136735
64,929,0.73161367,3.17598556,24.93008656,0.45847710,0.0011030704
64,930,0.83575481,2.14078689,23.64581876,0.40942901,0.0011279994
64,931,0.86857838,2.38652661,19.30481053,0.27342547,0.0013359023
64,932,0.94285097,3.10716900,23.00060597,0.06086791,0.0037154371
64,933,0.61219433,3.06502990,21.83082176,0.21742765,0.0013575876
64,934,0.77803768,2.69204601,18.90302553,-0.05360001,0.0018927664
64,935,0.79607932,3.01241321,19.45183106,-0.04697435,0.0011283656
64,936,0.60908240,2.43426479,23.23297853,0.36703600,0.0008289287
64,937,0.86832992,2.49519846,24.20982117,-0.13478326,0.0010846617
64,938,0.97690971,3.42067375,22.04597472,0.00660123,0.0008094880
64,939,0.62629581,2.89640536,21.63402981,0.38768486,0.0018135424
64,940,0.88432853,2.36018668,18.95266921,0.42993074,0.0017479826
64,941,0.62397957,2.40517476,21.51006437,0.09145335,0.0009874092
64,942,0.57298720,2.25579154,21.88428122,-0.29602471,0.0030766496
64,943,0.97818388,2.32042356,21.40395261,-0.48177689,0.0022741153
64,944,0.57550106,2.26503320,22.57298698,-0.04501968,0.0009871308
64,945,0.69018969,2.94604969,19.25155675,0.36158250,0.0008821969
64,946,0.50805678,2.84070849,22.67161250,-0.26757904,0.0017726520
64,947,0.68592634,2.62931304,21.86005998,-0.02003527,0.0062483669
64,948,0.65538424,3.85362870,19.86633656,-0.12673949,0.0011952898
64,949,0.67403729,3.44189078,20.50842290,0.10883045,0.0025318625
64,950,0.51028960,2.20142459,23.31870303,-0.33007296,0.0022182928
64,951,0.59604976,3.73153756,21.76742607,0.05312724,0.0007835463
64,952,0.52868611,3.33514804,19.90488777,0.18164362,0.0023016937
64,953,0.82079222,3.12227169,20.26747177,0.34002143,0.0009088828
64,954,0.99748199,3.15185019,19.23295469,0.27722900,0.0005758132
64,955,0.78302302,2.93625371,21.84265638,-0.48360220,0.0011614648
64,956,0.79524732,2.52139653,21.49370099,0.05596193,0.0020745372
64,957,0.64854538,2.93664079,20.82925655,0.13903228,0.0021388917
64,958,0.72407334,2.46985856,21.74103131,0.43853260,0.0017954796
64,959,0.76429269,2.10994727,20.96581373,0.34268031,0.0015598032
64,960,0.83528237,2.75455010,25.06868075,-0.49880625,0.0005961889
64,961,0.81495629,2.66790647,22.99774520,-0.01089249,0.0012521989
64,962,0.86422393,2.50800984,21.54630021,0.27754849,0.0015786860
64,963,0.75451910,2.60232268,21.22023667,-0.20949995,0.0004416427
64,964,0.54488157,2.60863674,22.51333193,0.06969224,0.0015165328
64,965,0.82442280,3.74173494,20.01859991,0.34698988,0.0006890533
64,966,0.84617393,3.50027382,23.62415561,-0.09014626,0.0010084595
64,967,0.84078155,2.10734475,21.81372528,0.07977174,0.0011082492
64,968,0.70912042,2.84241436,21.09798656,-0.08846437,0.0019332357
64,969,0.88112268,2.16208181,23.22407532,-0.20796489,0.0011122814
64,970,0.84099451,2.55015092,22.76607306,-0.13460106,0.0006175809
64,971,0.73540643,2.66259093,20.80281626,0.12983504,0.0024649402
64,972,0.89027005,2.99629708,19.29662304,-0.02491435,0.0032095266
64,973,0.62232482,3.04894124,22.19919393,-0.32432787,0.0019128781
64,974,0.50386570,3.12402051,20.86294201,0.47069624,0.0015954686
64,975,0.67338736,3.02107196,21.96620899,-0.04132321,0.0009930344
64,976,0.79306629,2.57741677,22.90279726,-0.04381478,0.0007886315
64,977,0.73854660,2.16522053,20.76694469,-0.03940160,0.0013455815
64,978,0.67002477,2.24481977,21.90895829,0.19961104,0.0011314116
64,979,0.79191998,2.71038364,22.74701001,-0.14790081,0.0013409530
64,980,0.80991938,2.24807501,21.26954228,-0.13912108,0.0014999239
64,981,0.69746309,3.59642925,23.75660210,-0.23786190,0.0004307493
64,982,0.90999764,2.56122773,21.83901739,0.05321393,0.0017843532
64,983,0.55626210,3.41043716,22.69975798,0.00228111,0.0005186549
64,984,0.86062408,3.22606218,20.72560871,-0.37377036,0.0013349378
64,985,0.78806852,2.41673875,22.88495699,-0.15477379,0.0027081358
64,986,0.96418348,2.43649236,22.21499724,-0.18291554,0.0021439304
64,987,0.76716868,2.36788117,21.81356644,-0.34488045,0.0011559736
64,988,0.81100363,3.87581934,20.03904209,0.10370973,0.0007905461
64,989,0.89884285,2.04652800,23.05189043,0.09430111,0.0007243486
64,990,0.74526472,2.46800741,21.11789294,0.14446973,0.0018659209
64,991,0.96275289,3.16028065,21.50055540,-0.04354053,0.0009007387
64,992,0.79405417,3.15234166,22.98314512,-0.44183068,0.0014641769
64,993,0.72112803,3.11694832,21.03337335,0.46531999,0.0014103850
64,994,0.96430893,2.78818261,20.83531338,-0.29591145,0.0025321431
64,995,0.72973376,2.23486444,19.44506497,0.23387241,0.0007018150
64,996,0.84273169,2.31610190,19.78129962,-0.29921074,0.0007984633
64,997,0.84901321,2.55361162,22.59562219,0.09678755,0.0008814631
64,998,0.79817996,2.93228296,20.99253534,-0.25624268,0.0028753478
64,999,0.80820438,2.21397991,22.76707913,0.38733338,0.0011337883
64,1000,0.78296701,2.34161237,22.27599138,-0.10796070,0.0005142427
64,1001,0.79524184,2.08005287,23.87675765,-0.02525548,0.0009952908
64,1002,0.75081403,2.96457680,22.11047672,-0.22337924,0.0018443054
64,1003,0.81401995,3.67893118,24.24262104,0.01465269,0.0011889519
64,1004,0.75548732,2.69832488,20.88894774,0.14438119,0.0009690920
64,1005,0.81060831,2.79562198,20.67433724,0.38463916,0.0004660572
64,1006,0.85222770,3.06627790,23.57220844,-0.13431369,0.0015111802
64,1007,0.89656270,2.39840215,24.71182988,0.35484425,0.0034035846
64,1008,0.95810175,2.56859964,20.74979615,-0.15346256,0.0011394144
64,1009,0.69657666,2.87243846,19.63862694,0.22243562,0.0003544954
64,1010,0.72340248,2.20174836,20.44717529,0.06937936,0.0013723897
64,1011,0.93156054,2.35553853,21.42963556,0.18828550,0.0019139465
64,1012,0.79200639,2.13900319,19.33824861,0.40589119,0.0008955075
64,1013,0.85266385,2.38686386,21.28473159,0.32166310,0.0002798248
64,1014,0.82289615,2.76296232,22.60604283,0.31650906,0.0014042997
64,1015,0.78581805,3.87524028,22.52074968,-0.09656514,0.0008612213
64,1016,0.97877413,2.08351703,22.67563256,0.14511501,0.0006448956
64,1017,0.91755819,2.55994520,19.42475769,-0.08673914,0.0006543050
64,1018,0.82911707,2.90763091,21.60073892,0.15864668,0.0016461367
64,1019,0.83418391,2.73884236,22.49622198,0.26686359,0.0026187380
64,1020,0.67672821,3.09685150,21.37167812,0.31122711,0.0009770163
64,1021,0.64811696,2.64399171,25.06395713,0.25838803,0.0003685611
64,1022,0.99683467,2.35733796,22.68453681,0.34503041,0.0024461569
64,1023,0.58640116,2.20027878,21.44167591,-0.41327449,0.0006754414
128,0,0.88535673,3.17348020,19.21981497,0.33161692,0.0004891266
128,1,0.81827636,2.57300123,19.97434170,-0.08641890,0.0006576599
128,2,0.88334692,2.53103542,24.24777111,0.23375254,0.0005294620
128,3,0.78473008,3.36771854,24.31016075,0.03535809,0.0013224489
128,4,0.84601168,3.85968169,18.96194309,-0.14511134,0.0005466547
128,5,0.88962834,2.63346942,20.82600625,0.08698417,0.0005349568
128,6,0.65523132,3.00361481,22.63886560,0.31526858,0.0009055001
128,7,0.81417998,2.42627727,22.37744262,0.02479359,0.0002827480
128,8,0.77116665,3.75331747,22.12410696,0.29554827,0.0006217948
128,9,0.80573731,2.40465119,23.72069752,-0.21983058,0.0004288648
128,10,0.89470575,2.40865965,21.17422164,-0.36123853,0.0008794747
128,11,0.94297016,2.79489073,22.75845277,-0.20209024,0.0002297732
128,12,0.86194467,2.53644094,22.21656994,0.09396612,0.0014320423
128,13,0.65380804,3.31377716,23.73166560,0.19579710,0.0008391669
128,14,0.56029059,3.62926005,20.60381966,0.39431596,0.0011996775
128,15,0.94181210,2.42145899,22.57887916,0.33298623,0.0008977522
128,16,0.82534096,3.43401239,23.95834959,-0.05525354,0.0007076708
128,17,0.66298099,3.98592213,21.21531772,0.19245599,0.0002301658
128,18,0.72952301,3.73493941,21.33769116,0.41860538,0.0004855595
128,19,0.82461941,2.37664744,23.65806030,0.13947450,0.0018783957
128,20,0.85064178,2.09689539,22.11536895,-0.10812053,0.0005828413
128,21,0.58794220,3.20328279,23.45437649,0.41872096,0.0002901656
128,22,0.68449115,3.41981932,20.79060397,0.27755658,0.0002801833
128,23,0.87865079,2.07909418,18.96053945,0.29253416,0.0007565133
128,24,0.81145522,2.54237021,22.44093027,-0.15890128,0.0005154210
128,25,0.58950789,3.43098409,19.21836753,-0.44501086,0.0005865607
128,26,0.84675405,2.48428284,22.89160383,-0.15480197,0.0004846911
128,27,0.62446227,2.34092285,21.71945582,0.02223171,0.0009604793
128,28,0.63976027,2.50354712,24.99599589,0.18399898,0.0008786328
128,29,0.69043656,2.19849615,24.14023838,-0.19770333,0.0005249575
128,30,0.77943929,2.91023553,21.35394692,0.09788137,0.0008206135
128,31,0.93583022,3.42901464,20.30247309,-0.34805947,0.0011363455
128,32,0.50810886,2.44220221,23.87572352,-0.23541445,0.0003574007
128,33,0.71710278,3.01163357,24.82822007,0.03637025,0.0012689196
128,34,0.92328666,2.92412733,20.11046982,-0.11513873,0.0002352661
128,35,0.63773304,3.97507180,21.87628812,-0.09721110,0.0002248421
128,36,0.98078806,3.78145719,22.48566766,-0.04321130,0.0011238738
128,37,0.86219493,3.02420473,19.28683993,0.13978509,0.0002188375
128,38,0.90119762,3.12957420,22.27350189,0.11261801,0.0002816653
128,39,0.91682641,2.27878006,20.74464728,0.47866381,0.0006199295
128,40,0.55319876,3.10167238,23.01042307,0.41395968,0.0010057283
128,41,0.69926736,2.21253525,24.38923772,-0.06465445,0.0002884979
128,42,0.78553990,3.55707235,23.71974984,0.37987829,0.0006969941
128,43,0.50831458,3.43457173,22.03925521,0.45515131,0.0004579393
128,44,0.92720166,2.71163500,22.81291795,-0.25349938,0.0008158794
128,45,0.99774695,3.30649134,22.25915075,0.14435819,0.0005747633
128,46,0.91283148,3.74170150,19.15807018,-0.14079927,0.0010784396
128,47,0.52771590,2.51246638,25.07278481,0.09822959,0.0009671536
128,48,0.77922383,2.11537433,21.39810491,0.16320834,0.0003331968
128,49,0.83165749,2.43792644,21.10601379,0.07973397,0.0003054732
128,50,0.84300382,2.41972146,19.35143972,0.26538545,0.0002799474
128,51,0.76859782,2.32981786,20.50226558,-0.12268065,0.0002346065
128,52,0.99818798,2.26338385,20.96748505,0.44335893,0.0009425740
128,53,0.92262139,2.93670964,21.20679998,0.40063889,0.0004116818
128,54,0.75770503,3.75668104,24.28559155,0.13567813,0.0005946193
128,55,0.75506022,2.13876448,22.06369165,0.35269675,0.0003728919
128,56,0.66534807,3.70815354,24.09884864,-0.21240837,0.0006818580
128,57,0.92539010,2.48927253,20.86460339,-0.26221851,0.0004443851
128,58,0.89127802,3.44943564,22.26952642,0.30500043,0.0013136717
128,59,0.94033852,2.90177956,23.42113872,0.34097156,0.0009026338
128,60,0.77036614,3.18582069,20.22326034,0.03070623,0.0003444669
128,61,0.78151678,3.37010353,22.31490770,0.39432681,0.0005957931
128,62,0.72552722,2.12018093,20.32435248,-0.19430034,0.0009155935
128,63,0.90256381,2.45150169,20.60187459,0.38382736,0.0005247678
128,64,0.84827604,3.06122075,19.54996929,0.48242887,0.0005686033
128,65,0.84852792,3.93020465,21.42495114,-0.42437195,0.0006566310
128,66,0.81253034,2.22638914,22.72081611,-0.02469463,0.0011285114
128,67,0.82934801,2.27252054,22.51709090,0.17585900,0.0007218924
128,68,0.67447693,3.75743856,19.34622245,-0.16180652,0.0010196778
128,69,0.73046456,2.84604687,21.49739829,0.37714001,0.0004592339
128,70,0.74894057,2.55069803,22.81024446,0.20953444,0.0003535605
128,71,0.74580290,3.30951113,24.91266780,-0.18510446,0.0010938724
128,72,0.82413804,2.91241085,22.26582056,-0.46967661,0.0007355800
128,73,0.86652300,3.56575476,23.24124062,-0.38016569,0.0013007033
128,74,0.86158844,2.55375789,24.71039626,-0.03707975,0.0011849726
128,75,0.83101804,3.87691196,22.92509723,0.00720237,0.0002872114
128,76,0.61167205,2.99256314,24.94344431,0.16477823,0.0007183455
128,77,0.79193723,3.37067024,23.61492010,0.30235888,0.0006299641
128,78,0.78569965,2.66123393,20.91278233,-0.01705279,0.0022738455
128,79,0.88602706,3.88392329,22.96394935,-0.13312838,0.0003549562
128,80,0.79226293,2.55511212,22.12811431,-0.45298947,0.0004551633
128,81,0.92749554,3.41412309,23.44352239,-0.44642240,0.0005337399
128,82,0.92809714,3.03405180,22.63454631,0.18860406,0.0010914818
128,83,0.57946882,3.78871244,22.58539961,-0.30977508,0.0003145896
128,84,0.79783737,3.32789597,24.66795655,-0.32379803,0.0008604592
128,85,0.50286172,2.56481799,19.45879120,0.19024152,0.0002904300
128,86,0.54528650,3.26675950,23.07095959,0.18702236,0.0012014813
128,87,0.53959164,3.97534727,19.50868995,-0.18742592,0.0007950446
128,88,0.81312593,2.58631801,21.74770530,-0.11934341,0.0006376766
128,89,0.64992365,2.81167565,19.46473423,-0.32798806,0.0008009896
128,90,0.90897364,2.74703098,20.09792967,0.18478027,0.0005691590
128,91,0.90722498,2.88844058,23.86698013,0.32612648,0.0007608980
128,92,0.72270622,2.99330036,18.95450022,0.39920240,0.0005180439
128,93,0.82432346,2.11061557,19.71660257,0.31539581,0.0012260185
128,94,0.60891472,3.62720308,23.51647355,0.32202803,0.0007110447
128,95,0.55433422,2.30108676,20.44999634,-0.24352090,0.0003163163
128,96,0.50963172,2.63690781,21.44245317,0.14225320,0.0004994604
128,97,0.55685436,2.19231226,21.16366565,0.03999038,0.0002406529
128,98,0.90003172,2.08448019,20.08836665,-0.25301350,0.0011106423
128,99,0.80104088,2.45928099,21.47366485,0.19932664,0.0010118721
128,100,0.60822576,2.53112400,23.24556683,-0.29047310,0.0002288194
128,101,0.94673179,3.69490584,23.88837047,0.22605707,0.0002526415
128,102,0.67221875,2.10611331,22.17375169,0.03722036,0.0006225902
128,103,0.73934647,3.96944818,22.55477255,-0.27842107,0.0012580381
128,104,0.85221728,2.67030484,23.37218762,-0.07412584,0.0012076110
128,105,0.94092336,2.57126842,24.45000302,0.40209582,0.0005137736
128,106,0.68433963,2.07704010,22.10874895,0.19502394,0.0003264254
128,107,0.93076533,3.72705943,21.13911725,-0.30071783,0.0006133869
128,108,0.74553183,2.02118365,19.35917083,-0.11390436,0.0001389498
128,109,0.79780482,3.00186211,22.42107202,-0.17115382,0.0011506570
128,110,0.71740263,2.11634647,23.27332214,-0.20582224,0.0003336702
128,111,0.79289233,2.94140476,19.31491014,-0.19363162,0.0026194143
128,112,0.83221818,2.43570501,19.33898725,0.34269300,0.0006629957
128,113,0.62620945,2.44803147,22.77669143,-0.11828145,0.0006409863
128,114,0.97644109,2.80798342,20.94084884,-0.27269175,0.0009126170
128,115,0.53513926,3.23759734,22.89921032,-0.05187936,0.0002141146
128,116,0.65377098,2.95131554,19.26207087,0.32829134,0.0003614748
128,117,0.77756156,2.73423383,22.68103853,0.44250575,0.0016541467
128,118,0.70299972,2.63237294,21.01986619,-0.16205455,0.0004397803
128,119,0.85201189,3.90538637,23.20814287,-0.34571777,0.0003128673
128,120,0.80424349,3.46704651,20.21623419,-0.44982313,0.0003333656
128,121,0.79654209,2.35086910,21.22436258,0.25698388,0.0002526632
128,122,0.83837763,3.66067042,23.62280477,-0.36047668,0.0001398421
128,123,0.64015829,2.68665635,21.84947288,0.39641080,0.0010179303
128,124,0.64930314,2.01970230,20.41829436,0.25762681,0.0015671247
128,125,0.58858781,2.01498205,21.38587537,-0.44693091,0.0013840114
128,126,0.94237727,2.37119603,24.66406664,-0.14142435,0.0011733602
128,127,0.79059963,3.27724326,21.84594608,0.18075151,0.0007242646
128,128,0.75019794,2.39148708,24.59512906,-0.27299335,0.0002797928
128,129,0.55014225,2.58013040,22.04578137,0.17074544,0.0012059259
128,130,0.97291999,3.56165303,21.27212994,0.47101547,0.0002633759
128,131,0.53344050,2.47373757,22.06604897,-0.21573054,0.0004278079
128,132,0.98548715,2.02725094,22.68673558,0.41321001,0.0005831638
128,133,0.91609716,3.48855047,23.31462355,-0.45299178,0.0007176309
128,134,0.74412699,3.20509231,19.90932877,0.36245532,0.0009749904
128,135,0.86696120,3.31915840,24.87097337,-0.01019769,0.0006902928
128,136,0.79280749,2.49151329,21.78650969,0.00275219,0.0007466690
128,137,0.54812508,3.45906821,22.96467955,0.11547245,0.0006000474
128,138,0.76339941,3.04097555,21.00544737,0.23546846,0.0006769429
128,139,0.80842866,2.21184143,20.83496975,0.47608802,0.0013525567
128,140,0.91021083,3.24402307,21.80645758,-0.13720719,0.0003863721
128,141,0.89538688,3.79571915,20.86134503,0.28296896,0.0014462505
128,142,0.59066367,2.86471263,25.03272804,0.12208859,0.0006703008
128,143,0.96595357,3.95958443,23.98016114,0.36878104,0.0004037779
128,144,0.98531476,2.26515919,23.39202286,0.05607905,0.0004846145
128,145,0.72117718,2.34930905,21.96336131,0.42172145,0.0007149566
128,146,0.82030600,3.92074206,22.77121078,-0.20483767,0.0007730025
128,147,0.52965011,3.68442947,24.00762789,0.41664829,0.0003362604
128,148,0.62711286,2.52705127,24.80788110,0.48243416,0.0003380195
128,149,0.51087074,2.04534110,23.10147248,0.35989945,0.0003565970
128,150,0.67091275,2.94615396,22.76980208,-0.43891077,0.0002912138
128,151,0.81839189,2.11062794,21.12695527,0.36987567,0.0009430170
128,152,0.62388494,3.52978109,24.67710631,0.20175151,0.0002596143
128,153,0.93924463,2.11193547,22.76342137,-0.07799462,0.0003906835
128,154,0.73445396,2.66308579,23.59247142,-0.08366865,0.0008137132
128,155,0.61466828,3.15000525,19.40866236,-0.11727659,0.0003060428
128,156,0.84660162,3.25056858,19.02508886,0.08834136,0.0007661905
128,157,0.62980142,2.97627789,22.16139119,0.43085638,0.0003812219
128,158,0.82306271,3.73231598,21.75217920,-0.11980670,0.0006623848
128,159,0.90405807,3.30012626,21.10256180,0.13360449,0.0003509647
128,160,0.94954154,3.32732859,22.10374090,-0.19343303,0.0012640737
128,161,0.90660388,3.45439344,20.10404701,-0.20452090,0.0011287238
128,162,0.69020243,2.33610364,24.38909752,-0.19109476,0.0003629975
128,163,0.76912780,2.05786601,22.94524236,-0.13265401,0.0004733878
128,164,0.61353352,2.27681161,22.40715982,-0.03043469,0.0005469431
128,165,0.54831679,2.93287111,23.87988427,-0.19623739,0.0003144061
128,166,0.70535361,2.44506281,24.50772483,0.36732423,0.0003910601
128,167,0.79695930,3.59408841,23.58948885,0.44592018,0.0003508243
128,168,0.93024997,2.84892176,22.85849217,-0.35811096,0.0010733822
128,169,0.82257340,3.12183858,21.72698038,0.42563123,0.0007948623
128,170,0.75501121,3.63826177,22.37724610,0.08587936,0.0004331200
128,171,0.63040352,2.87103909,21.00947183,0.21028603,0.0003722195
128,172,0.84218165,2.88865999,20.17644480,-0.09692138,0.0029205226
128,173,0.96797696,3.32343463,19.05790147,0.26296987,0.0018083265
128,174,0.91400992,3.17768992,22.82540773,-0.05868893,0.0003076163
128,175,0.58750683,3.10131883,21.31542590,0.46774554,0.0007739005
128,176,0.76714831,2.58397064,24.77894855,0.29446529,0.0008474624
128,177,0.85628407,2.63209608,20.11437582,0.17745513,0.0002669534
128,178,0.55259004,2.48878932,24.10420713,0.18639000,0.0006917008
128,179,0.56735311,2.72454658,20.00465496,0.03174764,0.0006572675
128,180,0.64062448,3.58759495,21.76378729,-0.38271190,0.0004936423
128,181,0.51037843,2.27542365,19.97769815,-0.40093816,0.0002124583
128,182,0.91469594,3.93584282,19.72755045,0.18404261,0.0003311143
128,183,0.57247081,3.23202747,19.24648638,-0.23949163,0.0004040399
128,184,0.85603865,2.42631847,23.81085980,0.20425794,0.0002226157
128,185,0.80562934,3.47035372,21.62097241,-0.46891668,0.0003926551
128,186,0.76362982,2.44364769,22.21106727,0.29149084,0.0008586551
128,187,0.62143402,2.07155710,24.99130375,0.29981937,0.0007927712
128,188,0.88233429,3.50946916,24.13397004,0.02709121,0.0007675395
128,189,0.93170458,2.88357069,18.95009743,-0.34996741,0.0002971285
128,190,0.83417480,3.34583548,23.48692949,0.23369000,0.0008794107
128,191,0.70531950,3.57555778,22.44442118,0.30277811,0.0003414843
128,192,0.90013457,2.51595964,22.49980260,-0.42843275,0.0011531665
128,193,0.70855405,2.37806336,22.36912939,-0.04581852,0.0005208349
128,194,0.83074659,2.47461353,19.81669890,0.31180187,0.0003614280
128,195,0.79892200,3.35163353,22.90654853,-0.29380398,0.0005610509
128,196,0.71125607,2.75402163,23.03120778,-0.33283293,0.0003200594
128,197,0.94793759,2.49273925,20.88560835,-0.27744654,0.0006145787
128,198,0.79744948,3.22910469,24.86853575,0.10683035,0.0002492517
128,199,0.80017488,2.40032949,23.93069965,-0.32542829,0.0007964582
128,200,0.88239593,3.79314813,20.99781345,-0.29766643,0.0005168847
128,201,0.68403178,2.49429778,22.45529832,0.25905544,0.0005258481
128,202,0.75625490,2.58631226,23.82921881,-0.26930805,0.0003746818
128,203,0.69332048,3.78406371,21.91084359,0.17427952,0.0002577349
128,204,0.89943887,2.29355625,21.91054275,0.41669516,0.0011478834
128,205,0.89245837,2.13707688,21.80596439,-0.12321674,0.0003791687
128,206,0.72972812,2.59488511,22.01339970,-0.05081455,0.0009990252
128,207,0.72003476,2.30049533,24.82781220,0.32121214,0.0003308877
128,208,0.92106332,2.50426843,20.47464289,0.22730652,0.0008806616
128,209,0.83896146,3.08586865,24.44568715,-0.09813224,0.0003604556
128,210,0.61040532,3.06116825,22.26517252,0.07403688,0.0003564765
128,211,0.99026683,2.32341952,21.86750706,0.38497967,0.0010074063
128,212,0.92595158,2.95553963,19.10419017,-0.11012974,0.0023217596
128,213,0.54474199,2.07823640,21.74200191,-0.12065021,0.0004717840
128,214,0.91389810,2.71695141,21.25589465,-0.05122048,0.0008397988
128,215,0.73538931,2.61188411,24.17346938,0.16315734,0.0005168821
128,216,0.98216445,2.64814674,24.96060401,0.44133182,0.0006543401
128,217,0.53392925,2.60084830,20.87765644,0.13121341,0.0015913697
128,218,0.86371146,2.03361472,19.69955155,0.42101953,0.0003064852
128,219,0.74579122,3.04074240,22.46613647,0.37214007,0.0005810795
128,220,0.86478158,2.19307383,19.45085944,-0.15602919,0.0006180650
128,221,0.73076578,2.70268775,23.75482200,-0.19843835,0.0003609471
128,222,0.55875326,2.47931211,21.91281206,-0.33446478,0.0003421388
128,223,0.86576759,3.01601998,21.45514699,0.32534078,0.0002589502
128,224,0.63084960,2.70040813,18.90553948,0.21053740,0.0004940937
128,225,0.71036941,2.05650266,21.54122712,-0.24563693,0.0009841319
128,226,0.97550718,2.56856601,21.66425659,-0.29094340,0.0004586327
128,227,0.92574299,2.66316085,21.81098137,0.23869132,0.0002490986
128,228,0.93222359,2.57290914,23.85979457,-0.21802005,0.0007703625
128,229,0.90817992,3.26459889,21.76553256,0.13908337,0.0006198568
128,230,0.53147150,2.32681917,21.71762053,0.17709585,0.0009429636
128,231,0.54639088,2.71473749,20.21983752,-0.06031606,0.0006245800
128,232,0.69436462,3.83385148,19.01959637,-0.28322546,0.0004593241
128,233,0.59292547,2.41247459,24.89247354,-0.26563728,0.0010460243
128,234,0.99634008,2.12174280,24.91065462,0.28930250,0.0003907244
128,235,0.59669486,2.99419360,24.84188360,0.40331609,0.0005430253
128,236,0.52852604,3.06959041,23.83564700,0.05476973,0.0005323698
128,237,0.84679130,2.31720975,24.07272072,-0.13033648,0.0003256365
128,238,0.80200830,3.56161926,22.28690552,0.21160284,0.0004549634
128,239,0.81688454,2.35503959,21.64777239,0.47174726,0.0003476615
128,240,0.91686596,2.49773437,21.92990310,0.22273037,0.0014940074
128,241,0.74307518,2.64310857,19.97724753,-0.02536476,0.0006307727
128,242,0.60530746,3.96619762,22.87499284,0.20885136,0.0004873369
128,243,0.85383655,2.47512086,23.06536734,0.31999396,0.0003887776
128,244,0.60929657,2.62992357,19.38553624,-0.01756996,0.0010790734
128,245,0.98222657,2.75328867,21.69279646,-0.36399458,0.0005918513
128,246,0.95482222,3.07675884,22.82498669,0.33205910,0.0004960914
128,247,0.59444419,2.38074758,24.66163825,-0.47327794,0.0001528324
128,248,0.74790578,3.11576442,24.50128092,0.45458386,0.0002793881
128,249,0.87237391,2.35481092,21.05481500,0.46476585,0.0004230968
128,250,0.80591376,3.47563506,24.03279989,0.46235583,0.0003223764
128,251,0.52108597,3.73994239,20.48222633,0.34451942,0.0006505191
128,252,0.79625401,2.94439986,20.26925419,-0.43992113,0.0004218891
128,253,0.86354990,2.76063475,22.30198759,0.01927437,0.0001768343
128,254,0.86404691,3.19468722,22.27634627,0.18007568,0.0003543281
128,255,0.84409237,2.53453109,19.09261942,-0.10236644,0.0006384904
128,256,0.62897655,2.17076669,22.73361380,0.25709648,0.0004456299
128,257,0.63172967,3.59539564,21.10810413,0.36404945,0.0003049330
128,258,0.72980399,2.68673129,23.87913615,-0.37986436,0.0007323667
128,259,0.71948869,3.96013086,20.46389884,-0.48521381,0.0013469030
128,260,0.79218610,2.15769838,21.43630084,-0.01149634,0.0012154284
128,261,0.96700914,3.55598016,23.27218402,0.06140559,0.0005846266
128,262,0.52608811,2.24951930,22.45896236,-0.29211781,0.0004779486
128,263,0.59580909,2.13584850,22.07784380,0.09357788,0.0003615951
128,264,0.62275793,2.22311512,21.87810297,0.29116122,0.0016210064
128,265,0.52156481,2.12800606,22.29046808,-0.31815198,0.0011447283
128,266,0.59728456,2.34053273,24.29211283,0.02257337,0.0010243991
128,267,0.79607397,3.95004289,22.41419055,0.00886182,0.0007217641
128,268,0.53449941,2.71122851,24.25586642,0.40925378,0.0003424109
128,269,0.96187364,3.64191112,23.82573104,-0.01555897,0.0010141506
128,270,0.88555412,2.67815478,21.88425062,0.23090485,0.0002768933
128,271,0.95698848,3.58502385,23.30280385,0.23425192,0.0004371794
128,272,0.81298068,2.16841526,22.41171187,-0.26195131,0.0007300486
128,273,0.73459768,3.69606969,22.28508457,0.32238735,0.0003959086
128,274,0.66112411,2.41510503,19.84510592,-0.49099831,0.0004298071
128,275,0.69164155,3.28915128,22.52619759,0.39791959,0.0007213136
128,276,0.77171769,2.71502838,23.86117064,0.30900285,0.0007898241
128,277,0.89508215,2.95864019,22.71062486,-0.16972193,0.0005900437
128,278,0.82913078,3.02115649,20.55040490,-0.02897661,0.0002766554
128,279,0.91623288,2.47625540,21.63298879,0.12005468,0.0003018527
128,280,0.86147298,2.55341950,19.50544678,-0.03415552,0.0004355860
128,281,0.70833552,2.69390749,21.39593431,0.00802918,0.0007064389
128,282,0.74609504,3.83501504,24.51217140,-0.22884907,0.0004400981
128,283,0.75125652,2.43234909,19.43878653,0.29873541,0.0002708301
128,284,0.68598439,2.39136621,20.50948700,0.25921637,0.0002648152
128,285,0.51464313,3.34899480,24.25135610,-0.38680965,0.0014624904
128,286,0.92482959,3.79708638,19.37737625,0.19497622,0.0012893734
128,287,0.85901022,3.08034654,19.94406722,0.22308719,0.0006980665
128,288,0.83453473,3.26698522,24.97972450,0.38839851,0.0002964624
128,289,0.68640399,2.20190353,24.47421096,0.39526519,0.0004343974
128,290,0.81673463,3.69120330,22.61466128,0.04953695,0.0003513716
128,291,0.88799419,2.85774420,20.87863189,0.46119591,0.0006430160
128,292,0.76250132,2.68062372,22.22887949,0.36949050,0.0007425391
128,293,0.57846366,2.59140069,23.14607777,-0.00956385,0.0003763074
128,294,0.77288161,3.28633256,21.45360712,-0.04472074,0.0007095361
128,295,0.98465303,2.26016126,21.21655534,-0.02665947,0.0008031570
128,296,0.82585599,2.07426515,24.80138214,0.23558826,0.0013073058
128,297,0.50737359,2.72498617,22.26369803,0.40786785,0.0005804403
128,298,0.66492708,2.74763598,22.23637795,0.44381358,0.0003766461
128,299,0.51165909,3.92057867,19.63704547,0.25140640,0.0004414506
128,300,0.92057163,3.70692490,21.15278052,0.41511937,0.0002356751
128,301,0.68992411,2.76897455,19.17515054,0.19021224,0.0002613000
128,302,0.74745156,2.91374673,23.83446722,0.40315015,0.0004380363
128,303,0.76816466,3.13428177,21.77247491,-0.15990967,0.0006361562
128,304,0.68510442,2.02987464,19.56051473,-0.11124326,0.0002380848
128,305,0.73232700,3.19452919,21.66976188,0.18621090,0.0007624431
128,306,0.60055574,2.53765787,22.61274631,-0.08321539,0.0006655355
128,307,0.88665219,2.95133413,22.19614270,-0.36249176,0.0003872981
128,308,0.60795380,2.82880410,19.60062868,0.32814072,0.0007475989
128,309,0.67729501,3.81754710,23.52239319,-0.05720049,0.0010361494
128,310,0.83407454,2.86635386,21.40364571,-0.32502049,0.0002752945
128,311,0.90525292,3.72016257,21.85208507,0.44139942,0.0005135399
128,312,0.94043640,2.74816344,24.14443947,-0.01393578,0.0021012455
128,313,0.65135859,2.75492895,19.35810219,0.30783556,0.0002330850
128,314,0.92804326,2.35444460,21.86633299,0.33013796,0.0007656936
128,315,0.87054834,3.82660654,22.54713572,-0.47347657,0.0005201962
128,316,0.99879359,3.05467156,19.13399348,0.44793763,0.0005140404
128,317,0.89012276,2.29718716,22.69907301,-0.03651938,0.0003093890
128,318,0.73568635,3.78560866,24.76534745,0.13726433,0.0009033702
128,319,0.52214932,3.04728612,24.48226306,0.22861053,0.0005109803
128,320,0.78059447,2.70363904,21.31377383,0.22782072,0.0007681413
128,321,0.74058949,3.37644350,19.60863182,0.28915621,0.0006472253
128,322,0.89085105,3.07473629,22.03897709,-0.19324595,0.0008250140
128,323,0.80978427,3.81611770,19.43726826,-0.22970278,0.0004453001
128,324,0.55567519,2.34727265,19.50756478,0.02162021,0.0006140575
128,325,0.80356955,2.71881348,21.70311127,0.42036395,0.0004807360
128,326,0.75050665,2.96787769,22.17848319,-0.33700313,0.0004615759
128,327,0.85947816,2.53471776,22.39671253,-0.17143380,0.0012069078
128,328,0.78303551,3.41326367,22.20782773,0.30050006,0.0006030932
128,329,0.65269737,2.31915989,22.04200960,0.26360728,0.0005451800
128,330,0.65886228,3.84934130,20.27711011,-0.27688775,0.0002478514
128,331,0.58646193,3.63227952,22.26242581,0.41915964,0.0004544274
128,332,0.72864023,3.87022849,22.95533918,0.26793422,0.0005775289
128,333,0.76386042,2.51952431,20.48593968,-0.04230148,0.0006353629
128,334,0.90000968,2.64249845,21.22248373,-0.21601463,0.0013435621
128,335,0.97180598,2.36934759,19.44465024,0.41737878,0.0001911758
128,336,0.67325425,2.71868839,20.81977010,0.33810641,0.0003840512
128,337,0.76668932,2.81480628,19.08854460,-0.20832824,0.0005696362
128,338,0.68552518,2.21269936,23.82735994,-0.27604805,0.0006176997
128,339,0.73780117,2.08144962,19.93595359,0.00842827,0.0010375741
128,340,0.81193194,3.10385537,22.03994011,0.04873158,0.0005788299
128,341,0.83068641,2.48584122,19.75362279,0.07081391,0.0016192520
128,342,0.57559597,2.05904929,20.97784570,-0.28627128,0.0002990677
128,343,0.87611103,3.51106254,22.02034904,0.09197290,0.0006348577
128,344,0.89533764,2.09650728,23.17556962,-0.24842716,0.0001522865
128,345,0.96524122,2.47876368,20.67094045,0.47855593,0.0004150091
128,346,0.94431742,2.65272283,19.35461317,0.43027837,0.0007252110
128,347,0.88756984,2.69584964,22.96152250,0.11510012,0.0009355934
128,348,0.75887851,2.53426956,20.69739148,0.34236456,0.0003113480
128,349,0.89339709,2.14008695,22.89630602,0.26704917,0.0006745496
128,350,0.88092908,2.27516060,24.14521855,-0.35283677,0.0003414298
128,351,0.74692456,2.07580656,20.38971498,0.25413519,0.0005345718
128,352,0.84336041,2.53829750,23.11221587,0.38351165,0.0009513864
128,353,0.75884918,3.37970509,21.73240879,-0.28218403,0.0004387575
128,354,0.91034516,2.52932619,19.20265853,-0.14717896,0.0014000765
128,355,0.92423606,3.23902477,18.86669921,-0.10132789,0.0005515560
128,356,0.84547446,3.53132867,18.95681939,0.00350879,0.0008621897
128,357,0.78573568,3.43872931,19.32143188,-0.01751746,0.0004993649
128,358,0.51318074,2.06892994,21.43635936,0.27638421,0.0011897154
128,359,0.70338397,3.49042997,19.58092001,0.00349393,0.0005713305
128,360,0.73679758,3.44724604,24.05463010,-0.36120744,0.0005473831
128,361,0.81237053,2.66760406,21.16191444,-0.26473163,0.0014745199
128,362,0.81355673,2.94739617,22.61054879,0.44619304,0.0011193170
128,363,0.71761132,2.88555124,25.08179193,-0.34381659,0.0003015333
128,364,0.67061679,2.83928847,18.94457451,0.18443704,0.0001718481
128,365,0.73529572,3.03106577,24.39811534,0.28170510,0.0006822905
128,366,0.86397686,2.27464356,21.12558247,-0.02015727,0.0008122306
128,367,0.58895055,2.73697424,20.01463518,0.25773362,0.0001645548
128,368,0.70776833,3.10363665,21.47878889,-0.46882114,0.0009041927
128,369,0.51765540,2.94070155,24.38194665,0.40183334,0.0006663736
128,370,0.61392081,2.40269555,20.81035920,0.24749186,0.0005117244
128,371,0.72176782,2.38580228,23.13772665,0.15604768,0.0002180610
128,372,0.82789993,2.16634876,21.59706453,-0.17422459,0.0006007695
128,373,0.60444072,2.01654797,19.86067074,-0.20678459,0.0006421544
128,374,0.97800279,3.03433737,23.02629538,-0.10634380,0.0003851121
128,375,0.99546975,2.70086406,21.58757437,0.05966294,0.0002978430
128,376,0.66551913,2.22767292,23.89793716,-0.03659763,0.0005890547
128,377,0.83543918,2.43262807,20.76449542,0.06411226,0.0007725948
128,378,0.94912625,3.76329398,23.47851936,-0.48501025,0.0006674594
128,379,0.64579669,3.87178769,22.08408815,0.25817498,0.0005234361
128,380,0.81830453,2.53147586,20.42097455,0.31921705,0.0012612994
128,381,0.71473049,2.15368391,23.89363626,0.31242773,0.0005461729
128,382,0.95420645,2.44054162,18.89183616,-0.13129815,0.0002564088
128,383,0.82973641,3.38999576,22.18613393,-0.38110046,0.0004286614
128,384,0.62616670,2.82632375,21.71556589,-0.16777837,0.0011500276
128,385,0.96138749,2.26394218,22.46498138,-0.11502503,0.0008697890
128,386,0.94659188,2.35329951,20.99396734,0.20762151,0.0009519067
128,387,0.99984353,2.70976152,20.06726150,0.37881824,0.0015626628
128,388,0.62265220,2.34573475,19.17321620,-0.05076081,0.0008936875
128,389,0.73828864,2.58166238,24.52238821,0.33491922,0.0012184196
128,390,0.60462374,3.03024854,19.06189300,-0.29398352,0.0008572076
128,391,0.84269169,2.24447539,21.64390806,-0.00054646,0.0010597270
128,392,0.71531335,3.06191331,23.30231693,-0.47355378,0.0003870321
128,393,0.87256806,2.16617928,23.46024361,0.02969734,0.0002924927
128,394,0.81932003,3.87313063,24.44449530,0.45850761,0.0003547315
128,395,0.90477115,3.04874465,21.39954626,0.47610068,0.0002458230
128,396,0.73159293,2.87400085,24.47236527,0.41617412,0.0003879230
128,397,0.67730906,3.32107507,21.49701088,0.32613462,0.0005769958
128,398,0.99567541,3.57478241,24.76134445,-0.33829872,0.0004340098
128,399,0.61768211,3.89104357,21.11848189,0.01232349,0.0018150643
128,400,0.87713118,3.34408780,22.35233590,-0.27859523,0.0006625832
128,401,0.65508421,3.24793925,20.68684873,-0.01461069,0.0006281746
128,402,0.84490757,2.88976778,20.94038403,0.09810134,0.0003841104
128,403,0.86978274,3.30712898,23.64658190,0.40655613,0.0009371066
128,404,0.59733326,2.14604800,22.10029540,0.40086618,0.0005193422
128,405,0.62367246,2.36163658,22.35082297,0.05709172,0.0003136109
128,406,0.76181425,3.23139346,23.03749649,0.19126158,0.0007772038
128,407,0.93499452,2.37656038,22.86933603,0.34258583,0.0004658380
128,408,0.90881874,3.52475583,22.12479919,0.44107121,0.0014125170
128,409,0.51249726,3.78353730,22.11378245,0.00435621,0.0004203865
128,410,0.65225399,2.52429908,22.57919171,0.40098438,0.0003675237
128,411,0.52121839,3.20941496,19.00103940,0.19558900,0.0002366145
128,412,0.89118162,2.59881978,22.92846897,0.26199999,0.0000995144
128,413,0.60702942,2.57961351,22.46788093,0.22537933,0.0004967819
128,414,0.54566056,3.60776410,23.49245130,0.08219812,0.0004405256
128,415,0.79786088,2.61461805,20.75743589,-0.17904331,0.0017637771
128,416,0.83378046,2.09014992,20.49637637,-0.41201004,0.0005429376
128,417,0.50059680,2.94942296,22.54768645,-0.24389616,0.0012021824
128,418,0.67761370,2.92717580,23.28501791,-0.26967851,0.0003510340
128,419,0.63984355,3.17769232,22.46719683,0.23068512,0.0001728325
128,420,0.50159901,3.01758295,22.31677999,0.43962360,0.0008901739
128,421,0.80938328,2.58671506,22.51370217,0.31849225,0.0005703409
128,422,0.77299211,2.29196981,24.34600426,-0.00804375,0.0003632467
128,423,0.81380763,3.39919611,21.99496746,0.11210782,0.0004214420
128,424,0.91825311,3.13084768,19.37671888,0.08767253,0.0004453725
128,425,0.74996753,3.97233809,23.48835317,0.06643801,0.0007404995
128,426,0.58266325,2.50864520,21.51597800,0.11703499,0.0011358504
128,427,0.83407634,2.92233355,24.68949428,-0.11219200,0.0016034861
128,428,0.77112076,3.30933911,20.95539858,0.15445277,0.0004497151
128,429,0.85602268,3.20916969,22.57497709,-0.00460524,0.0001638919
128,430,0.79606394,3.15385734,23.56925095,-0.11981396,0.0001800519
128,431,0.59455745,3.28515739,19.34184470,0.38440124,0.0005905934
128,432,0.73038834,3.49597964,23.63054316,-0.34413150,0.0003356332
128,433,0.73055491,3.31272141,22.88950933,-0.48082268,0.0006529559
128,434,0.74398606,3.91546168,22.04264374,-0.29417209,0.0010331547
128,435,0.72650398,2.09785599,23.91633700,0.45989375,0.0006920416
128,436,0.97185861,3.98354422,22.35648191,-0.42806668,0.0008407466
128,437,0.71394222,2.15519353,21.54041133,0.43786442,0.0008574461
128,438,0.54956250,3.29853743,21.66802325,0.05031357,0.0007254460
128,439,0.59822570,3.37762351,24.14401445,-0.48636357,0.0005089565
128,440,0.79128034,3.48530314,23.90189879,-0.20869363,0.0002283655
128,441,0.81177535,2.17925491,19.42180772,-0.48661466,0.0006384643
128,442,0.76629058,3.75352286,24.36707993,-0.05187542,0.0002851953
128,443,0.84091700,3.93224661,22.86993333,-0.14919007,0.0002302242
128,444,0.79179055,2.80475501,23.46194646,0.14472873,0.0004654768
128,445,0.89526843,2.62601689,21.05774781,-0.02178086,0.0006317725
128,446,0.55136085,3.72268594,20.55502654,0.29681132,0.0004033541
128,447,0.95178507,2.48082499,24.80193318,0.33824807,0.0004309029
128,448,0.69794015,3.71818220,21.15038029,-0.13580089,0.0008525719
128,449,0.50946294,3.05859926,22.00717573,0.47651624,0.0004367507
128,450,0.58952722,3.62795949,20.28833698,-0.44975485,0.0013682345
128,451,0.56224019,2.20302716,22.22310505,0.37752549,0.0013170690
128,452,0.89345469,3.48335176,20.03969130,0.14734309,0.0005907121
128,453,0.94853293,2.88857046,22.27249010,0.01943680,0.0002458875
128,454,0.78577972,2.44720532,21.86372200,-0.02679168,0.0006885540
128,455,0.74216066,2.71933510,19.59761025,-0.39502437,0.0006438387
128,456,0.86906216,3.79830982,23.52325813,0.02035544,0.0006657873
128,457,0.80874103,3.07998409,21.02409931,-0.04202736,0.0017975548
128,458,0.90653047,3.83478700,21.29858299,0.20026476,0.0009908175
128,459,0.72857968,3.57940674,21.51100478,0.42339956,0.0003890493
128,460,0.77921842,2.27665837,19.49589285,-0.01127167,0.0007307552
128,461,0.89021300,3.52711437,19.25131827,0.40858941,0.0002919220
128,462,0.78874841,2.60570882,19.11729169,-0.21755662,0.0012305950
128,463,0.53517186,2.87636381,23.40104730,0.08711393,0.0002325569
128,464,0.54775679,2.02782173,19.35963910,0.48870016,0.0006225020
128,465,0.89753412,3.71090205,23.11858664,0.34823400,0.0008981561
128,466,0.56081023,3.47434993,18.97966475,0.17828766,0.0007128271
128,467,0.52721141,3.58323280,20.38029846,-0.17661854,0.0003955777
128,468,0.79781254,2.96558930,25.11354028,-0.26389996,0.0007145305
128,469,0.56712873,3.70200218,21.67000546,0.29452422,0.0003894124
128,470,0.69965620,2.04618187,20.36859411,-0.01408377,0.0007940814
128,471,0.57117308,3.23522567,22.98094587,0.15918826,0.0007818834
128,472,0.88436279,3.16667725,20.99042701,0.16275860,0.0007698842
128,473,0.84934386,2.14486170,21.48620199,-0.47458023,0.0003584407
128,474,0.90778131,2.85186682,22.81551773,0.35609133,0.0005029217
128,475,0.83393982,2.24445856,22.99826331,0.26559300,0.0002634400
128,476,0.56813828,2.36001791,22.35945288,0.27164215,0.0004433843
128,477,0.64914203,2.71941165,24.40798016,0.35958274,0.0006104750
128,478,0.82160279,3.26629335,25.01415860,-0.28886666,0.0004181326
128,479,0.74747321,3.04083520,24.93113289,0.01926275,0.0004212940
128,480,0.56696395,2.34174236,19.93236640,0.21140861,0.0005449221
128,481,0.91740141,2.66927936,20.45262308,-0.35243058,0.0003943522
128,482,0.80387280,2.78034745,21.67807297,0.12995692,0.0001793520
128,483,0.82937959,2.99948803,23.37150116,-0.03005828,0.0009263177
128,484,0.74793764,3.49518912,20.53205127,-0.25924513,0.0003088283
128,485,0.55970713,2.92736527,20.93037331,0.08471461,0.0002830800
128,486,0.60125119,2.63424630,23.02523488,-0.45353171,0.0020057129
128,487,0.63288652,2.08692303,20.94139421,-0.15662130,0.0003995705
128,488,0.92954239,2.29194195,18.93753757,-0.13349089,0.0006148828
128,489,0.50160361,2.72320962,24.85111471,0.26090223,0.0005090527
128,490,0.75472394,2.50090995,19.87398494,0.07213127,0.0007138556
128,491,0.53400314,2.57341433,25.12638498,0.10856038,0.0017248877
128,492,0.62268230,3.72188074,21.14651237,0.08129820,0.0003665694
128,493,0.79491815,2.63649151,21.55017417,0.20323515,0.0007678426
128,494,0.63920536,3.87370142,22.44115272,-0.03328151,0.0004695612
128,495,0.84687496,2.76449350,22.21683967,-0.24894714,0.0005113973
128,496,0.54119835,2.96126194,22.94560419,0.13028484,0.0004349223
128,497,0.80743918,2.85333206,25.12463362,0.04404559,0.0003474367
128,498,0.76125420,2.85507491,24.92676270,0.40424369,0.0011819548
128,499,0.53319037,3.80792410,19.35192062,-0.21657010,0.0003080216
128,500,0.83382101,3.20146252,22.38521291,0.14355404,0.0005163346
128,501,0.94083890,2.58090404,21.87751032,0.31199239,0.0006642098
128,502,0.66972498,3.33716285,20.40027009,-0.01680254,0.0002669542
128,503,0.81543965,3.34756878,23.60427777,0.27333961,0.0005185953
128,504,0.85704932,2.61653017,20.05164373,0.29861731,0.0001390230
128,505,0.78884601,3.99006491,24.50408657,0.38075970,0.0015516878
128,506,0.91152256,2.42708679,22.11746775,-0.16424710,0.0005840892
128,507,0.72343248,2.33135215,20.98711814,0.33349193,0.0007019372
128,508,0.74515999,3.87709188,20.30458147,0.12575654,0.0003015877
128,509,0.54794563,2.41075643,24.04425309,-0.34709712,0.0009514649
128,510,0.91664374,2.76744111,23.09223492,0.42945425,0.0011963613
128,511,0.63553945,2.78724779,22.01115167,-0.18903499,0.0005304847
128,512,0.85162132,3.66357405,19.80102508,0.42149323,0.0006606020
128,513,0.85450424,2.51089680,20.89015005,0.16180223,0.0001877266
128,514,0.55744800,2.16523547,21.61650544,-0.34586512,0.0007307090
128,515,0.89591095,3.04346597,19.13563989,0.28782676,0.0009166296
128,516,0.80508967,2.96422084,23.32090095,-0.28108067,0.0004057989
128,517,0.71303584,3.60212711,22.68603066,0.43583142,0.0011196204
128,518,0.74497315,2.74551170,21.41301818,-0.07982402,0.0003626451
128,519,0.72515595,2.48514160,22.33205873,-0.07408723,0.0016268857
128,520,0.64176512,2.92740270,22.17835333,-0.44280404,0.0004616867
128,521,0.83361683,2.29817840,22.19938567,-0.29917002,0.0001687042
128,522,0.86119582,3.51926548,22.02282244,0.16255055,0.0002772729
128,523,0.64861525,2.23738943,18.91056873,-0.09348938,0.0009235151
128,524,0.73022172,2.62164378,24.80489014,0.28352986,0.0010489120
128,525,0.83356736,2.65425350,23.17608090,0.08438356,0.0002879023
128,526,0.74761547,3.41323808,24.29121357,-0.44683953,0.0006657582
128,527,0.60563478,3.84150489,22.88123488,-0.19510259,0.0004815803
128,528,0.65522475,2.00315879,24.70834055,0.14498933,0.0002707552
128,529,0.65079890,3.04157869,19.42547849,-0.29494065,0.0006566049
128,530,0.76597632,2.77634888,24.28335996,0.27748875,0.0003908656
128,531,0.67080301,3.15963766,19.48172250,0.49712842,0.0008638507
128,532,0.69532106,3.43376334,22.14085959,0.29586495,0.0001851347
128,533,0.95590596,2.65430808,22.18863551,-0.47073452,0.0005099611
128,534,0.82381725,2.17220667,23.24951948,0.43823004,0.0008234763
128,535,0.84388229,2.52891967,19.96479219,-0.20847873,0.0003800803
128,536,0.85439944,2.79390618,25.12764810,-0.36589986,0.0004991927
128,537,0.53752129,3.34086693,23.71562290,0.30923510,0.0015214501
128,538,0.87057149,3.40199670,19.92238005,-0.31039212,0.0009432606
128,539,0.51934853,3.40629267,23.38728721,-0.09221873,0.0003022737
128,540,0.99842085,3.09494213,22.80413690,-0.07439465,0.0007865831
128,541,0.71028029,3.38699599,24.38597366,-0.01837937,0.0005877948
128,542,0.53079742,3.00207159,23.95524027,-0.37626549,0.0002689399
128,543,0.71542798,2.75104645,19.37022562,0.40401419,0.0004684469
128,544,0.82454214,2.89926435,22.59416612,-0.24842395,0.0011061203
128,545,0.67239610,3.67380994,21.07320507,0.21985011,0.0015043998
128,546,0.62120656,3.28474830,20.49075428,0.23777343,0.0006133539
128,547,0.64600155,2.83065093,23.38931996,-0.40245579,0.0009260978
128,548,0.65819395,2.51930750,21.67534237,0.39818912,0.0004515914
128,549,0.54860880,2.13864177,23.40841499,0.19790966,0.0003323136
128,550,0.54875322,2.75855363,22.59241797,0.09350222,0.0004776400
128,551,0.82866730,3.40335933,21.81295046,0.07124708,0.0008659261
128,552,0.70583518,2.15085453,20.52084460,0.48308227,0.0007916872
128,553,0.66030563,2.98765508,21.09844825,0.04907523,0.0007674418
128,554,0.80854317,3.73257863,24.91066534,0.47808814,0.0010705148
128,555,0.54957350,3.85067755,24.87687603,0.11869772,0.0014641238
128,556,0.58801635,2.45612086,23.81095542,0.20768165,0.0010842803
128,557,0.77312243,3.71628348,19.95325260,0.28192296,0.0013485496
128,558,0.72109170,3.16788618,22.98475831,0.46799748,0.0005480022
128,559,0.97758313,2.82689449,19.83187740,0.12021388,0.0006197923
128,560,0.99407324,2.06542547,21.99365700,0.11098490,0.0006358121
128,561,0.85171103,3.35456912,22.65643919,0.21761598,0.0013333795
128,562,0.90492198,2.03223330,21.60771852,-0.11303324,0.0004094093
128,563,0.69836735,2.19953046,23.24235772,-0.12686641,0.0010283107
128,564,0.88539239,2.04795102,19.40106567,-0.11901781,0.0012819573
128,565,0.89515029,2.73197457,22.47670043,0.32808482,0.0011805977
128,566,0.84378028,3.64130207,19.12142450,0.36071198,0.0004978575
128,567,0.88434730,3.23024828,22.10685772,0.19108279,0.0005834316
128,568,0.86054233,2.29404887,24.82497283,-0.01088111,0.0004536332
128,569,0.59608431,3.66898368,19.49507168,-0.48471171,0.0015956459
128,570,0.66564781,2.54300175,22.52360434,0.37606004,0.0004098729
128,571,0.68533695,2.36663039,22.22190590,-0.25616915,0.0008089192
128,572,0.68873779,2.41318216,24.26633381,-0.20294682,0.0006193005
128,573,0.57572880,2.88462572,20.90040604,0.36700486,0.0003360251
128,574,0.95605101,3.25842910,22.40231329,0.40959007,0.0007080239
128,575,0.67094905,2.47718774,21.95705226,0.12648111,0.0006594875
128,576,0.73448844,2.06043990,20.68971443,0.29756030,0.0009985908
128,577,0.77702263,2.77105779,22.94347308,0.03940793,0.0004726600
128,578,0.89573437,2.98445996,20.47583695,0.26564587,0.0007533101
128,579,0.70280999,2.88115145,23.47384041,0.46471991,0.0010127737
128,580,0.60490821,2.67822980,24.03267504,0.28142488,0.0004981976
128,581,0.80641495,3.73758764,21.28739343,-0.15623185,0.0001106248
128,582,0.84901206,3.04259425,21.76900592,0.31443729,0.0005821255
128,583,0.66180460,3.00248132,24.25312510,-0.36565155,0.0006318785
128,584,0.82462474,2.91023606,22.88432943,0.45233650,0.0003134461
128,585,0.93762585,2.17148467,24.96451036,0.35508382,0.0011228183
128,586,0.74484471,2.35650200,22.15054441,-0.07472805,0.0005585265
128,587,0.50225932,3.90577792,20.46692831,0.20006724,0.0009768082
128,588,0.67713466,2.70052404,23.46368251,0.27630469,0.0006913635
128,589,0.75332961,2.56534158,22.61847531,-0.25997992,0.0006195173
128,590,0.75886458,2.33029399,22.23717299,-0.17323818,0.0008049099
128,591,0.79663595,3.60126982,22.11519027,-0.32208017,0.0014529793
128,592,0.59509415,3.78729913,20.32066658,0.48123881,0.0011211018
128,593,0.77133431,3.13219493,19.75597832,0.32295646,0.0008453248
128,594,0.51835981,3.14324491,19.50776478,-0.03540647,0.0007211717
128,595,0.73404368,2.26016637,20.45263063,0.28111873,0.0007959379
128,596,0.84423054,3.75411741,24.63456505,0.05690293,0.0008423903
128,597,0.90643063,2.96263419,21.50457130,-0.04602797,0.0002171846
128,598,0.73664347,3.77658662,20.67180198,0.14957921,0.0002613904
128,599,0.98686193,2.16526868,20.66123923,-0.11593543,0.0002766674
128,600,0.89260605,2.65996882,22.79506880,0.28516280,0.0006855902
128,601,0.61973417,3.15781745,24.20546263,-0.17688291,0.0003534103
128,602,0.66840255,2.70428622,21.32480250,0.24498967,0.0002215411
128,603,0.79781046,3.81096473,24.52271201,-0.46033615,0.0006630972
128,604,0.80480584,2.25029841,20.82819502,-0.19335646,0.0005209898
128,605,0.87601248,2.66537941,24.51406268,0.46414628,0.0009516190
128,606,0.54373474,2.55821470,21.36183580,0.30944840,0.0003442152
128,607,0.65192302,3.84226970,19.35845582,0.02422456,0.0002091794
128,608,0.96926641,3.54380688,20.89936396,-0.25129534,0.0002793385
128,609,0.52291531,3.48213533,20.51211756,0.10644529,0.0003767020
128,610,0.88698531,2.49187193,20.70895570,0.15583502,0.0004802839
128,611,0.70366426,3.94272343,20.84963009,0.39295298,0.0006829587
128,612,0.90645914,3.17819284,21.93727499,0.44673758,0.0012830215
128,613,0.96286288,2.61718127,23.87005676,-0.48685131,0.0011308859
128,614,0.92373997,3.05277138,20.72486678,-0.26715182,0.0005006066
128,615,0.73052936,3.14827368,20.28603607,0.29244144,0.0004513566
128,616,0.54109139,3.82788920,21.04315751,0.43530771,0.0010723752
128,617,0.55862587,3.88182526,20.39030718,0.12943709,0.0003515299
128,618,0.97639755,2.13697919,19.38936079,0.37707839,0.0004935816
128,619,0.78602069,2.02931835,21.28359256,-0.29204861,0.0006391136
128,620,0.89876738,2.37597467,22.30053083,0.05204983,0.0005470135
128,621,0.86338329,3.65349716,23.31693658,-0.39442649,0.0002061931
128,622,0.64248659,2.18270123,21.21278867,0.49368009,0.0007564302
128,623,0.91533981,2.29611367,23.04560890,0.00704168,0.0006835622
128,624,0.86441704,2.38525024,19.75111662,0.13540060,0.0003432118
128,625,0.81743834,3.32530425,24.67661826,0.35258452,0.0004033990
128,626,0.67154254,2.83197204,20.60637885,0.25859988,0.0005962365
128,627,0.66574576,3.55584936,21.86832444,-0.28278793,0.0012850915
128,628,0.65069045,3.66539280,22.09524250,0.41001807,0.0004042049
128,629,0.93920958,2.38043723,24.08358189,0.16303726,0.0009597844
128,630,0.94562882,3.73822935,23.37456831,0.05894825,0.0012096437
128,631,0.98948333,3.95883948,23.88095019,-0.45986474,0.0004443170
128,632,0.56425270,3.92477793,24.11683712,0.24622866,0.0011598176
128,633,0.82382950,3.47180221,24.77475770,-0.16141575,0.0004954491
128,634,0.69521537,3.73666305,22.66188314,0.44370020,0.0001900072
128,635,0.58575702,2.09370278,18.86867675,0.27315621,0.0001933739
128,636,0.61376698,2.06837332,19.83759488,0.16673363,0.0003639132
128,637,0.96089659,2.13648136,21.79816540,-0.03882757,0.0007882390
128,638,0.54628272,2.16508599,19.14272268,0.30642341,0.0004137503
128,639,0.57971130,2.37060402,24.40454411,0.24608245,0.0007919836
128,640,0.84007198,2.24637054,19.33609169,-0.09492058,0.0004361764
128,641,0.82999596,3.00781503,22.72089373,0.18943392,0.0015894885
128,642,0.86265090,3.74969215,20.14455625,0.27557297,0.0005367670
128,643,0.52912339,3.33161248,23.33685159,-0.21511178,0.0004595995
128,644,0.85865378,3.69356185,20.75539840,-0.36370737,0.0010244324
128,645,0.94442261,2.04515395,23.31350100,0.17009653,0.0006701226
128,646,0.63562725,2.39067438,19.64842892,0.31109619,0.0007484736
128,647,0.78906238,2.92216865,21.00684127,0.29636281,0.0009103871
128,648,0.76838965,3.17784752,22.53116317,0.41976259,0.0001646092
128,649,0.53898904,3.85997164,23.31547501,0.25863716,0.0005044254
128,650,0.55400501,3.07240905,22.44309872,0.48321180,0.0011014162
128,651,0.99477328,2.30632090,19.89597981,-0.26859636,0.0006114359
128,652,0.86994613,2.75784320,21.15643099,0.19908066,0.0007528949
128,653,0.75937706,3.98940149,22.86413512,0.06790906,0.0005492931
128,654,0.81395644,3.67183571,23.50015097,0.11512517,0.0008446615
128,655,0.52219133,3.33150067,19.51784419,-0.33439465,0.0004231403
128,656,0.85531311,2.23744679,20.36401480,0.46403026,0.0010564624
128,657,0.84273372,2.50047226,20.57307710,0.39669716,0.0009876978
128,658,0.83516340,2.23737787,21.41656241,-0.06993423,0.0006567001
128,659,0.90272654,3.17735661,22.60912923,-0.28462228,0.0005034086
128,660,0.52532305,2.32704029,22.78333882,-0.05145424,0.0002924095
128,661,0.85512944,3.73746225,24.96308891,0.39381252,0.0001709608
128,662,0.91825451,2.76154042,22.80748836,0.37654689,0.0007148683
128,663,0.52332408,3.59241953,22.38322543,0.05748591,0.0007381537
128,664,0.82459139,3.57011378,19.76672383,0.38349290,0.0007318296
128,665,0.73119168,3.03651464,22.63354152,-0.16447582,0.0005862043
128,666,0.75367990,3.99256243,24.38694332,-0.39827818,0.0006761889
128,667,0.89799031,3.03896588,19.03258134,0.31191482,0.0004600800
128,668,0.98034163,3.80521307,19.78097011,0.36581164,0.0002571584
128,669,0.96318244,2.39850656,22.15761174,0.25150992,0.0003473166
128,670,0.76677737,2.54125784,22.15455998,0.25016323,0.0004796791
128,671,0.75830910,2.70514721,24.00082085,-0.02727188,0.0007043174
128,672,0.70986779,2.60863498,21.48118524,0.01281381,0.0003318032
128,673,0.90631645,2.30473703,19.02428146,0.08086228,0.0005423914
128,674,0.98000061,2.69003374,23.32523007,-0.17567088,0.0004449699
128,675,0.65832607,3.81430224,20.59695654,0.18343197,0.0006730964
128,676,0.83511789,2.64860202,23.91106262,0.07707022,0.0003741850
128,677,0.90513849,3.84890191,21.33308938,-0.40972869,0.0010511094
128,678,0.53695456,2.66028609,22.79572919,0.37527033,0.0008880793
128,679,0.84620478,2.64871934,21.01711274,0.19115580,0.0009385099
128,680,0.87574752,3.33316497,22.04466251,0.10468454,0.0002714898
128,681,0.52999499,2.66076359,23.67301049,0.48879557,0.0009370810
128,682,0.60443946,3.75220348,23.76747589,0.24501285,0.0003685042
128,683,0.85603684,3.25805884,21.31158365,-0.03555726,0.0008747044
128,684,0.77071239,3.13667158,22.24754213,-0.42485025,0.0008347052
128,685,0.69449654,3.23360893,20.11513948,-0.12634290,0.0002842149
128,686,0.50421863,2.47607404,24.56813352,0.28138312,0.0007798673
128,687,0.92680542,3.15438670,21.97581741,-0.00334418,0.0004586455
128,688,0.54033867,2.46505683,24.30586223,0.26176955,0.0012411310
128,689,0.96813657,2.07733314,21.01867926,0.44292509,0.0004249086
128,690,0.79000578,3.77603687,19.67239071,-0.26109151,0.0005381766
128,691,0.58934385,3.15430162,25.08037183,-0.25674737,0.0004694798
128,692,0.75259570,2.40631818,23.65931560,-0.46006155,0.0008598984
128,693,0.85557555,3.76384042,23.50713787,0.34653523,0.0006836893
128,694,0.73850281,2.37912129,22.56471813,-0.13271389,0.0003314026
128,695,0.74703350,3.89341671,22.13295116,0.20321384,0.0009354515
128,696,0.91659693,2.34936581,23.14730409,0.29993582,0.0006125290
128,697,0.56010785,2.45775303,19.70575056,0.13932683,0.0002897140
128,698,0.67544311,3.69995534,23.02883268,-0.30880188,0.0007103192
128,699,0.93079735,3.92770456,25.10724285,0.09181959,0.0014750647
128,700,0.70495402,3.45524502,23.52296775,0.34101959,0.0003573809
128,701,0.71647428,3.32881251,20.74326828,-0.37616018,0.0004312893
128,702,0.76638912,3.00213717,23.23536922,0.43311870,0.0006821729
128,703,0.85837222,2.05659895,22.45261190,-0.17609311,0.0007925027
128,704,0.54913454,3.72628840,21.68989888,0.16359360,0.0002437673
128,705,0.82688067,2.88846940,21.81690117,-0.26134517,0.0005129183
128,706,0.60437556,2.61095638,22.66956153,-0.35456633,0.0005394736
128,707,0.89677060,2.99957772,24.73652854,0.37185021,0.0003630046
128,708,0.62830918,2.90639155,24.34889118,0.09137452,0.0004997477
128,709,0.65521063,3.20732685,20.48674316,0.26196497,0.0004309433
128,710,0.88569262,2.71068414,20.97033588,0.37016777,0.0005801436
128,711,0.93666880,2.41738972,19.24203181,0.33734669,0.0001482328
128,712,0.69563107,2.96706067,21.82714908,0.40377804,0.0002584046
128,713,0.68389384,3.51905932,23.84657649,0.44683734,0.0005964688
128,714,0.83548655,2.21480228,23.64157434,-0.18610826,0.0008256369
128,715,0.86919704,3.80114580,21.77524833,-0.01905487,0.0003705163
128,716,0.86249331,2.75827165,21.61416290,0.47955492,0.0003054445
128,717,0.74679124,2.07334210,19.52630381,0.08050602,0.0004490439
128,718,0.76571280,3.12169461,23.09493632,0.10032362,0.0008825847
128,719,0.61592641,3.42682284,20.23665108,0.36452857,0.0010051955
128,720,0.99710302,3.74955110,23.63527185,0.15046823,0.0001662383
128,721,0.98600817,2.31640257,24.88713014,-0.12326022,0.0003384730
128,722,0.82523154,2.42909458,24.29001816,-0.16822096,0.0002060921
128,723,0.93532565,2.57128089,25.04652239,0.16577164,0.0015312903
128,724,0.99036750,3.19245295,23.20124069,-0.21774839,0.0007167288
128,725,0.81609328,2.27349088,20.62623868,-0.34158956,0.0006810790
128,726,0.95888208,2.29943910,22.66488173,0.40620678,0.0007055166
128,727,0.92486778,3.92838888,21.28477981,0.21771174,0.0004533209
128,728,0.95482836,2.66762251,22.26770250,0.07862009,0.0004425022
128,729,0.96072989,2.59946433,21.40046501,0.01469277,0.0010857838
128,730,0.80914951,3.44361821,23.77965793,-0.04607044,0.0002622686
128,731,0.66138048,2.46237026,19.82738053,0.44716031,0.0007438873
128,732,0.82825230,2.84365140,21.18589919,0.12881848,0.0004688042
128,733,0.53107278,3.53561022,19.66106576,-0.21909284,0.0002531662
128,734,0.50539369,2.28776148,19.90561447,0.34558979,0.0006028452
128,735,0.60388542,3.61954026,22.65700896,0.25715485,0.0003850385
128,736,0.55221419,3.49321013,21.09293701,-0.25677409,0.0004889916
128,737,0.90772253,3.04396599,20.77013360,-0.10308589,0.0010174237
128,738,0.70077442,3.03626172,21.87166974,0.03119073,0.0012747861
128,739,0.96097995,2.46470989,20.86706687,-0.21800975,0.0016751412
128,740,0.83423658,2.31703015,24.23658613,-0.31765090,0.0005864104
128,741,0.77371281,3.57127107,18.93532723,-0.23914600,0.0006321725
128,742,0.68481896,2.04546930,24.77733119,0.38481775,0.0005126123
128,743,0.70121065,2.40267327,22.85522108,-0.30338747,0.0006164769
128,744,0.97007731,3.40340984,20.46430264,0.39204919,0.0014823259
128,745,0.72728875,3.84155609,21.01223534,-0.27425978,0.0010975923
128,746,0.55556863,3.13424848,23.94216886,-0.16559186,0.0005172687
128,747,0.85050203,2.75311219,19.26784715,-0.06746822,0.0008490649
128,748,0.94050465,3.34195277,24.33422063,0.43616506,0.0005156951
128,749,0.86782959,2.78269334,23.14432907,-0.24332337,0.0004652955
128,750,0.50238000,3.37041464,20.45276897,0.08747041,0.0013005151
128,751,0.87009648,3.86617950,20.71767534,0.38542737,0.0006339575
128,752,0.61351536,2.72170132,21.63443516,-0.16988715,0.0009522555
128,753,0.81367758,3.89055457,19.90887043,-0.33435813,0.0006255871
128,754,0.70627844,3.09844552,19.77495444,0.03549101,0.0010395321
128,755,0.70541757,3.21613838,20.80835416,-0.45267667,0.0019410695
128,756,0.93203722,2.94316243,22.61984396,-0.14716531,0.0013671191
128,757,0.62211972,3.10134101,20.26601561,0.18319223,0.0010224546
128,758,0.72225770,2.73207188,21.18977792,0.33647584,0.0003580080
128,759,0.96794746,2.54378486,24.64018943,-0.45323079,0.0003246025
128,760,0.59008317,2.89518489,24.16971771,-0.20149281,0.0008713286
128,761,0.94426107,3.09611171,23.40252461,0.25578641,0.0008919318
128,762,0.61150856,3.26139901,22.79771745,-0.43180733,0.0004216724
128,763,0.52902782,2.39243589,21.90557205,-0.34406591,0.0007230267
128,764,0.70773658,3.85198779,22.62936991,0.16509551,0.0005179594
128,765,0.71041050,3.06509028,23.93792410,-0.00071781,0.0004184996
128,766,0.57287422,3.26025292,19.76601786,-0.34141838,0.0005319014
128,767,0.70597942,2.31118690,23.25828358,0.07384875,0.0007147700
128,768,0.85467064,3.78874086,22.88716110,-0.35035736,0.0012221949
128,769,0.75850788,3.23532468,21.82653742,-0.00384613,0.0004129824
128,770,0.68686550,3.11518445,22.55235390,0.08922692,0.0006888799
128,771,0.68810574,2.12258238,22.77951877,0.07831795,0.0007939463
128,772,0.79002413,3.02550753,24.72231575,0.17046787,0.0003483726
128,773,0.75628430,2.52413065,20.70119680,-0.33600321,0.0005911014
128,774,0.80000978,3.75029323,19.09016124,0.17155486,0.0004306960
128,775,0.70777672,2.05102009,22.90962642,-0.18219492,0.0004312626
128,776,0.55533884,3.33308364,23.47930200,0.42761542,0.0005108538
128,777,0.59456971,2.84642811,21.16662972,0.26408345,0.0005933899
128,778,0.50736411,2.75786589,19.41542397,-0.25456780,0.0001918509
128,779,0.66146049,3.71822624,22.29216664,-0.06382675,0.0006199982
128,780,0.94257236,2.57224272,22.91658459,0.08206266,0.0010877668
128,781,0.96384299,3.22619899,19.21207630,0.33178506,0.0008641433
128,782,0.70297577,2.70479744,23.19936728,-0.15775525,0.0001235382
128,783,0.69564000,2.62631566,21.60909893,0.30155077,0.0004206165
128,784,0.82517921,3.43763507,23.30314751,0.20321834,0.0005932910
128,785,0.69843457,3.08913959,21.89772127,-0.22478029,0.0007775741
128,786,0.55575939,2.94412196,21.26390655,0.31378863,0.0011563169
128,787,0.62898381,2.65131748,20.29259287,-0.37822536,0.0009151724
128,788,0.85267543,2.16510684,22.56316076,0.00029380,0.0008690150
128,789,0.82630382,2.73689756,22.18301211,0.22506789,0.0004838423
128,790,0.84050239,3.50239251,24.02551849,-0.35137203,0.0012058285
128,791,0.89777399,3.41821370,19.60775738,-0.30561457,0.0003915693
128,792,0.74334361,3.70114441,22.74533852,-0.12902920,0.0006147363
128,793,0.66101803,2.48663216,21.60710640,-0.18507344,0.0006138256
128,794,0.94610344,2.68521653,19.29703508,0.25612830,0.0001979779
128,795,0.71296972,3.13953093,19.39287711,0.23622005,0.0015729464
128,796,0.78722249,2.01984514,20.74861106,-0.15615835,0.0005168514
128,797,0.87551855,3.22170918,22.67072259,0.38366901,0.0006045073
128,798,0.61743429,2.68312341,23.25468518,0.35815325,0.0010603973
128,799,0.92998217,2.80825995,24.19458384,0.26048637,0.0005295615
128,800,0.97164666,2.75000025,20.47796940,-0.22761874,0.0007544096
128,801,0.69452149,3.61039587,22.39034845,0.13611658,0.0005241286
128,802,0.75874657,3.56848286,22.01691829,0.31217532,0.0006023826
128,803,0.75774906,2.26252547,19.65983929,-0.03366613,0.0002686918
128,804,0.71141930,2.97322793,22.75189464,0.36388681,0.0010722391
128,805,0.54965972,2.24038096,18.88762455,0.34143476,0.0002729917
128,806,0.51234621,2.99252492,21.15657722,0.11033310,0.0015669643
128,807,0.92149733,2.43738146,20.88128531,-0.20169124,0.0004809455
128,808,0.86061651,2.24259244,24.11563912,-0.48364880,0.0005506648
128,809,0.71990287,2.83007427,24.76798416,0.39458727,0.0006761510
128,810,0.52335825,3.05994047,24.04720425,-0.28483018,0.0006020662
128,811,0.75578010,2.16351705,22.19880488,0.26172607,0.0006361723
128,812,0.56420785,2.62840391,23.00797235,-0.44321491,0.0003433138
128,813,0.86520684,2.77248541,22.02729404,0.14050525,0.0006915638
128,814,0.87673624,2.49818964,20.17396242,-0.18005667,0.0004484094
128,815,0.63070598,3.07782202,22.04614044,-0.26763807,0.0003719649
128,816,0.91490031,2.50332094,21.41031789,-0.40083140,0.0007809112
128,817,0.92601623,2.61419833,20.80797173,0.11755856,0.0005713912
128,818,0.71689829,2.62684125,22.74661411,-0.02251879,0.0003331841
128,819,0.63095342,2.78315353,19.86488764,0.15291739,0.0003352845
128,820,0.58360626,2.49963299,19.09464188,0.42052291,0.0007171912
128,821,0.91214968,2.28677889,20.69540485,0.35643721,0.0004708221
128,822,0.78750734,2.85398624,19.47590629,0.46562800,0.0016528867
128,823,0.77889415,2.78921505,21.64160220,0.35815970,0.0005786007
128,824,0.83422280,2.29984581,18.99882863,-0.36700576,0.0003454601
128,825,0.81791622,3.82717530,22.12910632,-0.05213416,0.0003525263
128,826,0.62185143,2.49001512,22.02487049,0.11192815,0.0003769460
128,827,0.67571321,3.49048553,20.74847866,-0.21727727,0.0003928273
128,828,0.64947223,2.81654299,21.87704977,0.16458337,0.0007981537
128,829,0.66182556,2.56494311,24.10233524,-0.18875573,0.0004262345
128,830,0.87777171,2.59891779,23.07412740,-0.07076912,0.0003055128
128,831,0.98300165,2.19208708,19.35764628,0.38124420,0.0002487193
128,832,0.58899918,2.55047808,20.15538508,-0.08000276,0.0011200117
128,833,0.86170877,3.18170266,22.47810743,0.06568413,0.0002673131
128,834,0.63387812,2.09588977,19.26705459,0.11827610,0.0017364513
128,835,0.62361490,2.21396726,22.42081748,0.41632886,0.0016349374
128,836,0.57942117,2.28884022,22.53727898,0.08690723,0.0004298245
128,837,0.87593666,3.50281287,21.30841237,-0.23920314,0.0003267356
128,838,0.89039574,2.22191846,20.46076163,0.26645210,0.0004004346
128,839,0.87000343,2.86291697,24.17410630,-0.40432743,0.0019092189
128,840,0.60867352,3.69235963,20.03019157,0.43889135,0.0003099425
128,841,0.70402808,2.46304541,21.17233809,0.31033340,0.0009659018
128,842,0.70826218,3.49013153,19.12264712,0.26851730,0.0002768724
128,843,0.52231201,2.92805960,22.95595643,0.12687237,0.0006785219
128,844,0.77433512,2.21177446,23.42152411,-0.14079415,0.0001917997
128,845,0.67501814,2.39156987,22.12241785,-0.41605388,0.0002464437
128,846,0.85993244,2.18670769,21.51849062,0.29706655,0.0007461221
128,847,0.75787173,3.01455311,19.16606078,0.38007013,0.0008284218
128,848,0.96357799,3.18554620,23.54180816,0.05016182,0.0005023318
128,849,0.82300962,2.47205559,20.44897784,-0.35919162,0.0007992144
128,850,0.87828953,2.30886193,24.51073388,-0.43646656,0.0003989182
128,851,0.71249227,2.23285711,22.33941769,0.17890830,0.0006203014
128,852,0.98676600,3.02868001,23.75899334,0.40101638,0.0004617942
128,853,0.72396464,3.39919328,21.30278380,-0.37805937,0.0004541227
128,854,0.87555416,2.75011493,21.28367543,0.14015557,0.0006140054
128,855,0.85492332,3.94780675,22.71091104,-0.46470377,0.0006206515
128,856,0.65196502,2.24198246,20.91883957,0.07796663,0.0005524120
128,857,0.75203924,2.89962173,21.45432883,0.31280808,0.0006230525
128,858,0.91476604,3.81021347,23.34730065,0.05549566,0.0008278484
128,859,0.84443527,3.21779603,19.15340226,-0.45192155,0.0007813827
128,860,0.91907335,2.99641997,25.03646004,-0.01685326,0.0005146633
128,861,0.53946135,3.24617728,21.67661372,-0.11752563,0.0003656801
128,862,0.89409793,2.59207817,21.57268184,0.37227434,0.0009540477
128,863,0.73286209,2.50149371,19.35991765,0.08646258,0.0009780737
128,864,0.60911690,2.92383140,21.81417093,0.19266213,0.0009494060
128,865,0.82302720,2.75728642,22.94442314,-0.02323068,0.0005227518
128,866,0.89108149,2.12012774,19.41860045,-0.49656949,0.0004962875
128,867,0.84401468,2.77628291,19.43609578,0.48299300,0.0002016633
128,868,0.87330155,3.24926641,24.57342048,0.04458131,0.0005433112
128,869,0.85962816,2.23165548,21.33777412,0.09896991,0.0008804680
128,870,0.92648449,2.63528666,24.46402594,0.32321185,0.0005852253
128,871,0.65310327,2.84140801,25.03997187,0.05842423,0.0002775196
128,872,0.91848052,2.16489286,25.05227818,0.49875995,0.0004199298
128,873,0.66646311,3.42387873,21.21408351,0.20831191,0.0001918144
128,874,0.93520879,2.32521486,19.21641289,0.44659049,0.0002199851
128,875,0.63119421,3.07368013,24.41004816,-0.34096194,0.0009246042
128,876,0.85410231,3.61875159,24.36785985,0.21671595,0.0006298706
128,877,0.71187937,3.39754817,21.64019452,0.47967835,0.0002437871
128,878,0.72844925,3.21070544,24.81357762,-0.10456165,0.0011893115
128,879,0.82668210,2.90229877,20.53875514,0.22156045,0.0005522025
128,880,0.78266039,2.65271694,22.30561189,-0.25831867,0.0003739781
128,881,0.83011352,3.85200607,22.48058743,-0.21211891,0.0014079010
128,882,0.64998086,2.52569158,20.73102249,0.28220044,0.0008590297
128,883,0.96016249,3.34773929,23.21802806,0.38139807,0.0005972870
128,884,0.91668155,2.29542913,23.99573166,-0.22434423,0.0014349562
128,885,0.86273420,3.75731880,19.30152794,0.26796093,0.0003877908
128,886,0.71522006,2.65623425,22.28106676,-0.47464196,0.0002160050
128,887,0.68046612,3.72939307,23.52660322,0.25539499,0.0004230393
128,888,0.88538154,2.74857875,22.45368741,-0.19014524,0.0008861083
128,889,0.86645143,3.45031529,22.46882193,0.40091457,0.0015296834
128,890,0.76433046,2.14775581,21.84896045,0.11985378,0.0006365861
128,891,0.68090736,2.03401721,23.54353791,-0.00407774,0.0016235766
128,892,0.69801673,2.33932812,19.84754738,0.45001282,0.0003625717
128,893,0.53584553,2.23437895,23.82296697,-0.13186655,0.0006964119
128,894,0.83216228,2.62690015,24.54063190,0.28362446,0.0002601603
128,895,0.91385405,3.09313322,21.98684224,0.05923436,0.0007320716
128,896,0.64509585,3.06170752,19.06451654,-0.13597895,0.0004190111
128,897,0.88338826,3.08498969,19.67207318,0.47435062,0.0005790751
128,898,0.77677288,3.43648119,23.61409929,0.10900677,0.0011148060
128,899,0.97285925,2.86252761,22.00392596,0.34021732,0.0008758718
128,900,0.95767026,3.91346378,20.43151935,0.13473052,0.0004470971
128,901,0.78181089,3.09895216,21.70818368,0.22814519,0.0003398784
128,902,0.53975490,3.10423257,21.56738491,0.10458869,0.0002651949
128,903,0.78638248,2.52224707,20.81024652,-0.04016168,0.0004368753
128,904,0.64965519,2.86504190,21.10115519,0.10934600,0.0010417086
128,905,0.81768723,2.80120383,24.39488863,-0.25562869,0.0009011345
128,906,0.54162114,3.69732276,21.47643477,-0.01111795,0.0002176072
128,907,0.89079837,2.99671722,24.82839604,-0.48349711,0.0004946253
128,908,0.67198088,3.17146125,21.47943857,0.14466459,0.0006240338
128,909,0.64535162,2.65607931,24.72666505,-0.02798522,0.0003852769
128,910,0.80052611,2.29379940,22.90648705,0.49167116,0.0004409967
128,911,0.95850744,3.66042307,22.32184387,-0.36654201,0.0006633588
128,912,0.99984861,2.88601868,21.84619865,0.20690050,0.0004271617
128,913,0.80320029,2.58194939,23.47061606,0.03621728,0.0005707067
128,914,0.81987421,2.92188997,22.91926616,0.34983419,0.0006382014
128,915,0.74520260,2.85721992,21.27032163,0.35992362,0.0010314389
128,916,0.55095224,3.85757756,21.40049073,-0.16490628,0.0007537533
128,917,0.77055518,2.45485495,21.46909356,-0.24912560,0.0003601174
128,918,0.73181094,2.93862367,20.84331010,0.31191683,0.0005571693
128,919,0.77749783,2.26416973,22.56513084,-0.33723615,0.0002301088
128,920,0.54888924,3.94796718,22.02958324,0.04004821,0.0006835275
128,921,0.54280822,2.20455142,21.12882197,0.09426274,0.0006408171
128,922,0.97142086,3.29543165,22.06429730,-0.27007119,0.0005697709
128,923,0.77088530,2.87243353,21.41833095,0.03721800,0.0008149485
128,924,0.68439192,2.58216607,22.79466188,0.35720647,0.0002652742
128,925,0.67632591,2.27117340,24.70078529,-0.35741349,0.0008611322
128,926,0.77922988,3.34408272,23.21737574,0.15009381,0.0003828992
128,927,0.93996685,3.08616780,24.95228282,-0.20684742,0.0004323096
128,928,0.50460887,2.50317349,20.21159290,-0.39133214,0.0004235169
128,929,0.72963336,2.74782924,23.18187027,-0.34474625,0.0003945409
128,930,0.97335609,3.05564710,23.36396779,-0.32318302,0.0007360460
128,931,0.71048431,2.48803313,24.35197892,0.26224419,0.0013417294
128,932,0.58809918,3.30467682,20.79893234,-0.44602434,0.0003370638
128,933,0.93585537,2.83332212,21.50186907,0.08473009,0.0005341649
128,934,0.64120704,2.69003091,24.59082136,0.37078679,0.0005386070
128,935,0.78900792,3.96710451,22.81723265,0.47073211,0.0006999693
128,936,0.76521879,3.57869101,22.13003418,-0.29344166,0.0001760437
128,937,0.51453194,2.24583388,24.02217816,0.41549142,0.0003403958
128,938,0.85833020,2.93256653,20.23715164,0.13344864,0.0003398222
128,939,0.94463122,3.55014863,22.17467693,0.01499884,0.0006226174
128,940,0.91831706,2.63810346,25.04767268,-0.39521481,0.0013615723
128,941,0.66559081,2.76867965,19.62582954,0.33011482,0.0002183349
128,942,0.73188052,2.78825834,25.06558322,0.02172659,0.0006091314
128,943,0.92181830,2.69029370,23.55375791,0.09777625,0.0003901850
128,944,0.58296079,2.47027984,24.83597832,-0.46232397,0.0006303938
128,945,0.84170965,3.22754057,21.67802934,-0.08672226,0.0007097514
128,946,0.77893651,3.94277098,23.76625160,-0.33362424,0.0006055400
128,947,0.81240065,2.33979547,19.79775717,0.02902548,0.0010794073
128,948,0.86474236,2.36056897,21.20428946,0.16473189,0.0005528086
128,949,0.87848685,3.62294957,19.13435027,0.46370278,0.0008534626
128,950,0.64192004,2.71071954,24.91617593,0.14964798,0.0005312586
128,951,0.78091038,3.92058349,23.94122166,0.42225560,0.0003938302
128,952,0.95382043,2.58622565,19.49086005,0.29387969,0.0006458315
128,953,0.85743468,2.63168970,22.79809783,0.30486986,0.0004239361
128,954,0.85054100,2.16493044,24.74118574,0.25761336,0.0007533480
128,955,0.96989069,2.40280838,22.95585358,-0.29999458,0.0010401805
128,956,0.87929785,2.91903324,19.08341782,0.09276401,0.0001971057
128,957,0.87758243,2.93919334,21.85955771,-0.41431127,0.0003106227
128,958,0.84631896,2.16191481,20.57436754,0.21202699,0.0007658671
128,959,0.80919444,2.84392408,23.11248160,-0.07424469,0.0014381894
128,960,0.66961247,2.05593360,20.87127905,0.02893640,0.0004275800
128,961,0.90286851,2.21045525,23.83753563,-0.29248836,0.0011552261
128,962,0.50400243,2.84224830,19.12396146,-0.01345623,0.0004507601
128,963,0.78185817,2.18050011,24.86194625,-0.09783679,0.0002182822
128,964,0.83023441,2.12253405,20.87609774,0.40786920,0.0003762709
128,965,0.81059186,3.21620278,23.88997160,0.38922028,0.0006536167
128,966,0.59268813,3.18889660,24.20516470,-0.41208330,0.0010461940
128,967,0.51016154,2.69552641,19.59510663,-0.29460308,0.0004796864
128,968,0.86666613,2.26931793,23.63346828,0.05399343,0.0006360168
128,969,0.75447886,3.68251546,23.64394766,-0.04418032,0.0004948668
128,970,0.54740583,3.62977964,22.20350397,0.30653225,0.0009163386
128,971,0.81058094,2.55623693,20.45936643,-0.44092977,0.0004131572
128,972,0.77329767,2.46446590,19.20066305,-0.12722722,0.0005496577
128,973,0.91957479,2.15754303,22.39642098,-0.43061372,0.0004857938
128,974,0.58200433,2.25999064,22.23077341,-0.26046486,0.0002263113
128,975,0.92789537,3.25488093,24.16075194,0.26384140,0.0003187575
128,976,0.79462950,3.04430838,19.93033594,0.10774661,0.0005020376
128,977,0.81458856,2.81190797,21.50164697,-0.00562470,0.0003781821
128,978,0.71690142,3.34145579,22.50563799,-0.37386423,0.0002320635
128,979,0.91645914,2.71444156,21.88577849,0.32347460,0.0001003601
128,980,0.77708143,2.80880201,24.79506738,-0.11983941,0.0005628622
128,981,0.76111809,2.14286904,21.82305668,-0.35399230,0.0004290673
128,982,0.82952342,3.29238441,22.26290193,-0.05380971,0.0003608434
128,983,0.76631452,3.42106618,21.36938338,0.15117273,0.0007443890
128,984,0.88300607,3.32179251,24.98818563,0.34737345,0.0008708376
128,985,0.96098781,2.34774351,20.56629854,0.08391061,0.0013105940
128,986,0.75739427,3.89708478,21.45178992,0.37111684,0.0011181394
128,987,0.59792244,2.19113838,20.15003608,-0.10146832,0.0003091820
128,988,0.58136053,2.87459656,19.10349720,0.20242013,0.0006281518
128,989,0.78015543,2.57261158,22.11687427,0.28145274,0.0005164332
128,990,0.90616052,2.76061705,19.74321043,-0.49795367,0.0003947054
128,991,0.63432158,3.38081782,24.28203329,0.45674534,0.0012335709
128,992,0.67588736,2.29848619,20.62801214,-0.27518682,0.0007440522
128,993,0.83308104,2.46482775,22.95304885,-0.06835364,0.0003877820
128,994,0.60839767,3.40886261,18.98414996,0.39792815,0.0002548383
128,995,0.79372697,3.35707637,23.49728550,0.44605933,0.0018750729
128,996,0.72918890,2.86290514,24.72185286,-0.46902930,0.0014994978
128,997,0.65770718,3.78511434,22.64437547,0.23646099,0.0018701985
128,998,0.73940217,3.47301510,22.40987885,-0.08315364,0.0002832489
128,999,0.84542586,3.15074295,24.07944632,-0.41604906,0.0030494682
128,1000,0.81158873,2.03181232,24.50930314,0.19676054,0.0009182579
128,1001,0.64278207,2.06682283,19.36062513,0.21446401,0.0006736699
128,1002,0.53219646,2.92096791,21.47311098,0.15788967,0.0006593554
128,1003,0.84512524,3.69759877,24.22214801,0.19872850,0.0004800442
128,1004,0.98373418,2.39119343,21.53326196,0.25442405,0.0010382940
128,1005,0.75815478,2.50982937,23.63859259,-0.44742592,0.0008218827
128,1006,0.59704464,2.48226638,21.67526189,0.23059588,0.0002678489
128,1007,0.98446610,3.80023688,22.97838552,0.01181581,0.0008385016
128,1008,0.56984299,3.03384765,21.01571245,-0.23538387,0.0004111850
128,1009,0.78095448,3.33761810,23.10770076,0.03388072,0.0007438415
128,1010,0.86870112,3.55521455,22.58944365,-0.11655583,0.0006228123
128,1011,0.56280626,2.35955191,19.56589819,-0.07649543,0.0007414141
128,1012,0.80690452,2.61881001,23.98758001,-0.17766613,0.0005361471
128,1013,0.67523540,3.76222350,19.77618345,0.33609453,0.0006766061
128,1014,0.72514927,2.72779827,20.27406168,0.17501275,0.0009683499
128,1015,0.52502331,3.72680620,23.84835558,-0.04609016,0.0003152940
128,1016,0.85714101,2.91918703,19.41603911,-0.36717291,0.0003309168
128,1017,0.65963539,2.26776328,22.60552372,0.14673115,0.0006562906
128,1018,0.52931359,3.97706763,20.36535632,-0.49654567,0.0007973296
128,1019,0.82965975,3.21940340,20.36922258,0.31884497,0.0003327365
128,1020,0.83504424,3.82927618,23.94650855,0.18032780,0.0004677813
128,1021,0.80040739,2.48130853,22.10055215,-0.25732729,0.0007691437
128,1022,0.73620942,3.92666084,23.96579458,-0.02769589,0.0004159433
128,1023,0.69205806,2.09284790,22.24995974,0.26363676,0.0002600739
256,0,0.82593518,3.48512854,21.95735228,0.09529356,0.0002319699
256,1,0.51118678,3.71030159,20.25540018,0.19373863,0.0007546227
256,2,0.67234300,2.77844211,21.71613996,0.15250767,0.0001038135
256,3,0.52142311,3.10064239,20.26598868,-0.09275633,0.0000678150
256,4,0.68247904,2.19003551,18.96016087,-0.13965975,0.0001227421
256,5,0.93274008,3.00059954,19.18318569,-0.22590045,0.0002761182
256,6,0.77756026,2.31510274,21.98221486,0.07707762,0.0002450205
256,7,0.74343253,3.53070379,20.72519683,0.36279798,0.0001119629
256,8,0.64990842,3.27826270,19.09733838,-0.15489109,0.0001377450
256,9,0.50061915,3.85222546,21.06175029,-0.15598283,0.0003627753
256,10,0.67229498,2.46799622,23.50232929,-0.43387628,0.0001601199
256,11,0.67240436,3.16105924,23.47974222,0.34406053,0.0003767801
256,12,0.66468579,3.71574486,24.29891358,0.11146171,0.0003931800
256,13,0.72547894,2.25432865,24.26870071,0.06225363,0.0004116231
256,14,0.87294075,3.19851378,23.81985862,0.10424464,0.0002875627
256,15,0.83475716,2.94813483,20.86345853,-0.04567706,0.0005253416
256,16,0.84029656,3.39675806,19.23787951,0.31186934,0.0001397063
256,17,0.57233173,2.29180769,24.51880084,-0.06635462,0.0003651905
256,18,0.89728084,3.59732521,20.51350015,-0.07352965,0.0001231442
256,19,0.86387766,3.21601547,21.41413879,-0.43891111,0.0002568358
256,20,0.52120684,2.75122837,22.14289916,0.45565516,0.0001287064
256,21,0.62954100,3.59105787,22.02839909,-0.05587956,0.0003379732
256,22,0.61355370,2.94911709,22.40004721,0.05933187,0.0002571349
256,23,0.99208431,2.12484271,18.89313256,-0.36621890,0.0003244463
256,24,0.53896238,3.24630751,21.47303626,0.09943769,0.0004876827
256,25,0.50634287,2.79737264,21.73413387,-0.36932400,0.0001972189
256,26,0.58824525,3.58518964,22.86500810,0.03877383,0.0001261559
256,27,0.85286107,2.41437812,19.66019681,-0.33187810,0.0003319922
256,28,0.83096708,2.24989325,20.56225594,0.37294593,0.0002906500
256,29,0.63901787,3.36614144,20.98287536,-0.12582224,0.0002519909
256,30,0.77194864,2.71709849,20.20595416,0.15163870,0.0002134556
256,31,0.71601987,3.88995934,23.47165794,0.10732190,0.0001877143
256,32,0.73343220,2.86120794,23.00849038,0.04412796,0.0003879777
256,33,0.61157155,3.99618055,24.91359536,0.34867387,0.0000845470
256,34,0.75506398,3.44516109,24.23005179,-0.15695043,0.0001614152
256,35,0.66329204,2.88308519,20.77115788,-0.30059087,0.0004298964
256,36,0.75774949,3.33165202,24.28412498,-0.41726413,0.0001810641
256,37,0.85779615,2.81391207,24.92506544,-0.23395144,0.0004215830
256,38,0.72928770,3.09272987,21.10423918,-0.04075977,0.0001623928
256,39,0.85597908,2.06642720,23.75812541,0.32400603,0.0001825493
256,40,0.61687660,3.28443056,22.50305821,-0.47264105,0.0002708551
256,41,0.94669599,3.55606284,22.82324408,0.40182315,0.0001250094
256,42,0.67011774,3.40297128,24.89677859,0.37302332,0.0002010465
256,43,0.69194252,3.85660203,21.63609083,0.29380952,0.0001285180
256,44,0.77839464,2.67203914,22.01696522,0.32040590,0.0004134980
256,45,0.53587937,2.08891843,22.84532229,0.41190003,0.0006075498
256,46,0.75218444,3.59259957,20.90781725,0.17568089,0.0001578295
256,47,0.82839819,2.05412387,24.70842606,0.28851204,0.0001983396
256,48,0.66855146,3.78190926,21.43629141,0.14194888,0.0006288304
256,49,0.56708424,3.12372908,24.93488035,0.17554835,0.0004190333
256,50,0.51421827,3.17019160,22.19688258,-0.28853102,0.0004316336
256,51,0.80441575,2.95484422,21.95760110,-0.22149417,0.0002681207
256,52,0.82821971,3.11228752,18.85091656,0.06332568,0.0005200674
256,53,0.73929619,3.90864824,22.89952358,-0.40834050,0.0003114157
256,54,0.63723319,2.87379568,19.87748618,-0.13848454,0.0001651378
256,55,0.83873542,2.63364816,22.06320425,0.22712110,0.0003115849
256,56,0.79268565,3.95329669,21.95630984,0.32790836,0.0002695817
256,57,0.56884036,3.92228546,23.49989648,-0.01035044,0.0002263515
256,58,0.79721410,3.82607496,22.87229833,0.40970980,0.0003503955
256,59,0.65224992,3.77296177,20.18478643,0.23114837,0.0001231653
256,60,0.54646824,3.69705720,21.31117972,-0.42097396,0.0004877120
256,61,0.73506030,2.23555576,23.08524336,0.05016103,0.0002206165
256,62,0.87612524,3.55169202,25.07004082,-0.24676965,0.0001992971
256,63,0.53546583,3.22863687,20.76747853,-0.46795243,0.0001122963
256,64,0.87878847,3.34985532,19.45294519,-0.04399447,0.0002569154
256,65,0.97295597,2.03213915,24.27188770,-0.20009047,0.0003578606
256,66,0.98354519,2.55427729,23.35280181,-0.22375538,0.0001406962
256,67,0.98011511,2.96012472,19.15082060,0.44456607,0.0001712879
256,68,0.54362704,2.66130402,21.35293114,0.30187148,0.0002221278
256,69,0.97304483,3.73830492,24.64031713,0.35862586,0.0001555547
256,70,0.65263650,3.99674739,22.54565833,0.04839042,0.0006803217
256,71,0.65100700,2.25461195,23.25762943,0.30413951,0.0002051344
256,72,0.93789881,2.09540659,22.61675427,-0.27939077,0.0001674320
256,73,0.92424440,3.81758400,22.19274033,0.27534806,0.0004530928
256,74,0.53955120,2.10285294,20.64859982,-0.30125364,0.0001950744
256,75,0.72384713,3.16680792,22.00647760,0.01126907,0.0002619714
256,76,0.64365567,3.48006599,19.19392134,-0.45939442,0.0001933600
256,77,0.61685591,2.89080489,22.33960542,-0.37964873,0.0001772322
256,78,0.72611621,3.31537117,23.65340614,0.37855358,0.0003364989
256,79,0.75970171,2.59152973,19.28233314,-0.45469472,0.0003338096
256,80,0.72981492,2.63496614,23.24968294,0.41370897,0.0005498930
256,81,0.91740643,3.85704577,22.04468962,0.29059844,0.0001924158
256,82,0.79010219,2.08944271,23.85499648,0.37936460,0.0004472183
256,83,0.72495201,2.50128395,23.60186772,0.28814727,0.0001246796
256,84,0.54762746,3.23730340,25.06834199,-0.00708093,0.0001712238
256,85,0.99077220,2.07245451,23.17939063,0.39397109,0.0001308971
256,86,0.89900628,3.89184611,22.38939207,0.37729097,0.0007343437
256,87,0.57223186,2.10675312,24.39444655,-0.37296432,0.0002931546
256,88,0.50908108,3.77888009,22.23764325,-0.08231175,0.0002821799
256,89,0.63620701,3.46305018,19.55746278,0.33344195,0.0003181788
256,90,0.81089424,3.81892002,24.43002289,-0.08033905,0.0004185724
256,91,0.56712669,2.14769210,20.29158841,0.02955618,0.0002753280
256,92,0.93695576,2.82049345,19.38085419,-0.49726014,0.0003314953
256,93,0.78026212,2.36758614,23.81558287,0.18881674,0.0000427475
256,94,0.98360243,3.12616007,23.71865907,-0.46982848,0.0004659929
256,95,0.69033986,2.26785871,23.14668759,-0.20961173,0.0001806271
256,96,0.74425923,3.38309126,24.56102885,0.29029673,0.0004998316
256,97,0.80124912,2.45800512,19.11874444,-0.06749839,0.0005868465
256,98,0.88304868,2.41153988,25.10880313,0.12875038,0.0002963817
256,99,0.74365246,3.09374745,22.59839549,-0.11522162,0.0002370905
256,100,0.57014375,3.39255552,21.06796566,-0.38868312,0.0002546245
256,101,0.73894121,3.61300206,22.05656280,-0.22891953,0.0003596165
256,102,0.97484516,2.57571105,22.00383578,-0.03747465,0.0003748544
256,103,0.92800719,2.76726525,21.82174287,-0.25476695,0.0003428760
256,104,0.73562417,3.95695472,19.68758875,0.11436073,0.0002240243
256,105,0.81853106,3.57694215,21.50362300,-0.19216726,0.0002465222
256,106,0.66642927,2.06722975,24.87089782,-0.49411834,0.0001270485
256,107,0.96731524,2.83839374,20.02068370,0.33192270,0.0003541036
256,108,0.60085272,3.86327702,23.67461972,-0.45932669,0.0001212831
256,109,0.81751605,2.15976760,20.59444352,-0.35503687,0.0001158324
256,110,0.84266257,2.31445517,24.77353599,0.31735450,0.0002249938
256,111,0.90630004,2.68323619,21.75960732,0.21508436,0.0003062677
256,112,0.63359019,3.09031909,21.99426996,-0.22874982,0.0002853379
256,113,0.81876482,3.98128392,20.33242556,-0.40898707,0.0002885426
256,114,0.55277196,2.22946813,24.80654991,0.00552925,0.0001886067
256,115,0.74858513,3.42019666,19.75050582,0.08248969,0.0003287946
256,116,0.81339090,2.85950392,25.00411015,-0.03976272,0.0002289828
256,117,0.89575855,2.07325409,22.93162795,0.01183719,0.0001273689
256,118,0.92404011,2.24593803,21.43809843,0.13221685,0.0001075615
256,119,0.70888303,2.81288685,20.50939127,-0.17696924,0.0000681528
256,120,0.62760598,2.94296696,22.40269397,-0.27711743,0.0002954621
256,121,0.74474035,3.90034102,18.99428683,-0.02520253,0.0001006943
256,122,0.92332517,3.16004049,22.34727105,-0.49299259,0.0001800091
256,123,0.57691333,2.17932123,20.27731262,-0.04068628,0.0000452671
256,124,0.86037303,3.65852400,21.99193142,0.05130309,0.0002241976
256,125,0.65281073,3.11303860,19.08567380,0.14678597,0.0001966021
256,126,0.58907940,2.35405752,20.02925849,0.32150050,0.0003432810
256,127,0.90051621,2.32080188,20.20189271,0.48303515,0.0000994056
256,128,0.93320862,3.21039053,21.30604135,0.12150735,0.0002591346
256,129,0.63058516,2.74258046,24.82566600,0.04648431,0.0000314860
256,130,0.53799300,3.67634380,24.19396912,-0.47097152,0.0003697296
256,131,0.81152288,3.87205245,23.21570056,0.03436695,0.0001658075
256,132,0.63259891,3.16801155,20.85717802,-0.47933797,0.0000740821
256,133,0.91396949,2.20123133,19.15726369,-0.20199231,0.0001766802
256,134,0.64654277,3.52029692,24.52946146,0.12755023,0.0004101328
256,135,0.79951312,3.97656093,21.97728913,0.13400759,0.0002068954
256,136,0.51772260,2.08965054,22.24815859,0.03721648,0.0001569999
256,137,0.84962264,2.63020030,23.64946724,-0.07390029,0.0003917051
256,138,0.70413785,3.89868643,20.89277531,-0.11397202,0.0002627850
256,139,0.83347555,3.87094625,21.00740910,0.33428280,0.0001526883
256,140,0.70558891,3.89679410,22.06251036,0.30356816,0.0001553192
256,141,0.51222488,2.28386670,22.42360249,-0.31182665,0.0000971814
256,142,0.68374056,2.93688120,23.43345569,-0.25092785,0.0001432368
256,143,0.79191334,3.07953370,20.97070047,-0.04278763,0.0003762738
256,144,0.64898386,2.11237394,21.89386728,0.48237477,0.0002327940
256,145,0.68928590,2.65115409,21.28669586,0.23694712,0.0001058766
256,146,0.56037374,3.12701712,23.76717592,-0.41545020,0.0000637707
256,147,0.61473404,2.85350903,23.45125496,0.19787983,0.0002487875
256,148,0.57098336,3.46797725,22.60928237,0.06843297,0.0002540950
256,149,0.67652805,2.69996348,20.71261185,0.04064768,0.0002143222
256,150,0.97954964,2.56957930,21.19505401,0.30825608,0.0001505384
256,151,0.86178490,3.51463995,22.86344541,-0.27816046,0.0003501187
256,152,0.70851153,2.07397315,23.09003027,0.27906286,0.0001936778
256,153,0.64045176,2.57761801,21.97325234,0.08582647,0.0003111503
256,154,0.78986771,2.60345139,22.88030262,0.48065571,0.0000564139
256,155,0.82490602,3.80574834,19.92658342,0.39580682,0.0004686464
256,156,0.87900197,3.38324855,21.31778272,0.03620393,0.0000936647
256,157,0.86235132,2.43089568,21.26288148,0.45237775,0.0001920150
256,158,0.98734512,2.98182255,19.97732584,-0.39955200,0.0004707992
256,159,0.67315442,3.87153227,23.21964374,-0.45206276,0.0001596492
256,160,0.93876771,3.81056228,20.74657241,-0.28826711,0.0002385281
256,161,0.64713157,3.19758408,20.87555925,-0.24355269,0.0001955336
256,162,0.51376601,3.41875143,22.81661893,0.39713652,0.0003258324
256,163,0.65751864,3.97507958,20.50032205,-0.40975883,0.0001483558
256,164,0.73288151,2.02433410,19.76640921,0.47994350,0.0002446134
256,165,0.51253301,3.36291932,22.90130584,-0.25532206,0.0001220635
256,166,0.99249074,3.75827590,21.28376278,0.25836756,0.0001192431
256,167,0.69754721,3.69759524,20.68940121,0.38551186,0.0003947517
256,168,0.53865892,2.67140686,20.92906864,0.18075644,0.0002187791
256,169,0.73454424,2.65968687,24.69236887,-0.18993429,0.0000708679
256,170,0.70408408,3.72928988,20.32283783,-0.48884586,0.0004324139
256,171,0.85812613,2.04387692,21.11792468,0.21125142,0.0002116319
256,172,0.54828524,2.50662712,22.20914434,0.14856363,0.0001285314
256,173,0.85882129,2.45149842,19.84071101,0.21839256,0.0000864318
256,174,0.62500949,3.10398708,21.41442139,-0.28309573,0.0006233775
256,175,0.56953139,3.02117061,23.56739216,0.05842534,0.0000861619
256,176,0.63377661,3.63506991,21.37079150,0.07152715,0.0001724620
256,177,0.87305046,3.05833263,21.73350556,0.28593289,0.0003035727
256,178,0.67578817,3.32268544,24.41901245,-0.47861040,0.0003507762
256,179,0.60957884,2.89147554,22.08199565,0.23830284,0.0001071469
256,180,0.58903331,2.90633999,19.42691729,-0.10871352,0.0008818718
256,181,0.62120954,3.65562699,23.94146867,-0.21787896,0.0001738678
256,182,0.79648169,3.43171871,19.40205224,-0.06011414,0.0001937802
256,183,0.67921523,3.44964041,24.30611258,-0.20389700,0.0001459788
256,184,0.63457166,3.32042996,19.58973581,-0.10233793,0.0001602701
256,185,0.98485133,3.04603261,25.08013299,-0.37556644,0.0001569398
256,186,0.90873733,3.51018751,21.52882324,0.24716574,0.0003759319
256,187,0.51539574,3.49421306,19.31946764,0.26808589,0.0001458275
256,188,0.62784935,2.40805733,20.99140721,-0.10617815,0.0004144182
256,189,0.75778050,2.30559059,23.33728466,0.14607253,0.0003243284
256,190,0.64782391,3.65374600,21.47492001,0.02249862,0.0001652393
256,191,0.88962464,3.77349823,24.25012229,-0.07211392,0.0001335033
256,192,0.92747147,3.68503379,19.93387195,-0.22086545,0.0001375135
256,193,0.69713664,2.23387501,20.17955196,-0.41920958,0.0002709715
256,194,0.52189797,3.25214757,18.88031230,0.08190157,0.0002018139
256,195,0.76094394,2.96966719,21.85829592,0.41993647,0.0002321201
256,196,0.53287105,2.34289146,22.39206721,-0.35681539,0.0001795754
256,197,0.50794377,2.00052967,24.98268391,-0.38680904,0.0003116877
256,198,0.76816376,3.67808481,19.22324372,-0.40268591,0.0002635520
256,199,0.73525811,2.77851426,19.65612379,0.21901716,0.0001467230
256,200,0.69926635,3.74895258,20.82733563,-0.02924724,0.0003631582
256,201,0.96824590,3.64361019,22.97805356,0.07708371,0.0001807969
256,202,0.95527914,2.53065664,22.73290052,0.26929953,0.0002705255
256,203,0.96944650,2.76348582,19.59190776,0.05731389,0.0001736859
256,204,0.86854440,2.49892912,24.07297718,-0.11813689,0.0003398167
256,205,0.50375454,3.36865694,24.14698168,0.38488455,0.0001320276
256,206,0.66006893,3.17345728,24.98398863,0.47402995,0.0005255540
256,207,0.72566897,3.90724027,22.50452376,0.15689061,0.0001410505
256,208,0.79779325,2.26871679,21.93732334,0.01172217,0.0002582375
256,209,0.69361405,2.80215190,25.05258801,0.23260161,0.0001557760
256,210,0.79002363,3.31931949,18.86800956,0.41218479,0.0003814944
256,211,0.66617282,3.38158225,19.53811351,0.47261621,0.0002009557
256,212,0.70882214,3.31712026,21.21648804,0.17721288,0.0002926492
256,213,0.77351055,3.01942470,21.93258210,-0.21181315,0.0002520165
256,214,0.67365770,3.71084992,23.06831063,0.17644617,0.0002733878
256,215,0.65032397,3.57912122,20.31054149,0.38349877,0.0001966013
256,216,0.68590959,3.24527000,19.26794727,-0.43097677,0.0003232122
256,217,0.59924131,2.33997192,18.89103557,-0.45798642,0.0005596367
256,218,0.97135887,2.38718491,23.90125243,-0.23837283,0.0002632219
256,219,0.68933948,3.40847968,19.37487902,-0.37186194,0.0003606311
256,220,0.68513329,2.67160354,19.42983137,0.18021080,0.0004348286
256,221,0.91820541,3.50448392,25.10207563,-0.34356976,0.0001953080
256,222,0.54553919,2.47265390,21.74248729,-0.14939643,0.0001537375
256,223,0.64683803,3.47928855,19.09550780,0.05619496,0.0003413345
256,224,0.99069683,3.85094161,20.83069830,0.11850275,0.0001712272
256,225,0.96162967,3.06541949,24.20459716,0.02491721,0.0001933999
256,226,0.95483019,2.76554079,21.54213505,-0.31796573,0.0001948545
256,227,0.65730768,2.41551347,21.91011834,-0.15954219,0.0002884514
256,228,0.59002674,3.95971060,19.21236820,0.09084286,0.0002667927
256,229,0.93776803,2.80651118,24.27875874,0.35786860,0.0004196081
256,230,0.58799045,2.64498011,23.42894380,0.34458381,0.0000589442
256,231,0.94223965,3.38529050,23.16868143,0.31754254,0.0003478147
256,232,0.67192961,2.03399527,24.44522811,-0.43042484,0.0003339739
256,233,0.88744980,3.46311212,20.60587424,-0.05749428,0.0004171196
256,234,0.92266487,2.54913044,23.57987661,0.10765289,0.0001317012
256,235,0.90180244,3.80275475,20.60508189,0.25380957,0.0003572168
256,236,0.91376374,2.09157542,23.46960850,0.24138444,0.0001104249
256,237,0.55874520,3.81056032,20.13875776,0.21962821,0.0005417336
256,238,0.90079397,2.52160942,21.52741987,-0.35481481,0.0002677979
256,239,0.66072016,2.75031823,24.78272919,-0.24978310,0.0002225523
256,240,0.80220860,2.59090160,20.84094667,-0.09223304,0.0002016458
256,241,0.85417571,3.42674598,24.47235154,0.28581045,0.0001276289
256,242,0.60512722,3.99110945,24.74733290,-0.11663211,0.0002605289
256,243,0.92753805,2.11854747,22.29217927,-0.29463574,0.0002205363
256,244,0.75839611,2.86575720,22.33893404,-0.32479700,0.0003733761
256,245,0.72417979,2.38620010,24.94211477,0.38697599,0.0001972661
256,246,0.95714290,2.44773106,22.23251190,-0.26398323,0.0001049827
256,247,0.64552210,3.45184707,22.91954399,0.13869179,0.0001057659
256,248,0.82090516,2.34277942,23.29405198,-0.25604207,0.0007464906
256,249,0.86340345,2.14593924,19.76694825,0.46872386,0.0001229426
256,250,0.98786435,2.10802746,20.76947359,-0.38609914,0.0002808711
256,251,0.84792125,3.54660373,23.16817551,0.42976701,0.0003038879
256,252,0.53540700,3.99183717,21.84319428,0.15032715,0.0001609701
256,253,0.63443239,2.47086240,20.50085611,-0.44361950,0.0002273182
256,254,0.59035208,3.91824598,22.14903215,-0.40474463,0.0002011311
256,255,0.95290842,2.07803989,23.39335000,-0.08206609,0.0002879963
256,256,0.58581293,3.30512054,20.03357820,0.00760993,0.0001048940
256,257,0.78033892,2.04561462,21.07045572,-0.27697375,0.0004805218
256,258,0.58803192,2.62445579,24.65900636,-0.47429086,0.0002602224
256,259,0.79142864,3.58348770,20.63331387,0.11668179,0.0001637172
256,260,0.82138521,2.99812115,23.86741872,0.00441112,0.0003325881
256,261,0.51136528,3.29088611,24.56775755,-0.00606032,0.0000978183
256,262,0.59908482,2.99040635,24.38937209,-0.26433686,0.0003689931
256,263,0.99316967,3.75252193,22.55097092,-0.07248298,0.0004699178
256,264,0.88135501,2.59318802,22.25604570,-0.10128331,0.0002714071
256,265,0.55927607,2.52469023,21.67748942,-0.22729888,0.0002002049
256,266,0.80836315,2.25439167,22.85057536,-0.49822762,0.0001538896
256,267,0.77524125,3.23037069,21.15277527,-0.30760176,0.0002114839
256,268,0.55350259,3.91028687,19.64145370,-0.11587247,0.0006097011
256,269,0.77161585,3.42754225,19.63105207,0.45532482,0.0003498094
256,270,0.90109341,2.39408435,21.00995921,-0.42387182,0.0002596822
256,271,0.73943681,2.76899578,21.66012331,-0.04848843,0.0004357777
256,272,0.55033226,3.14718355,18.93766475,-0.47606290,0.0001277613
256,273,0.98445239,2.99256088,20.89791853,-0.07248463,0.0006997951
256,274,0.80410519,2.71796431,21.60060616,-0.45607676,0.0007177912
256,275,0.72119795,3.19666848,23.86939173,0.38382182,0.0005140703
256,276,0.69833193,2.81257705,24.89584306,0.25141701,0.0001720905
256,277,0.71939077,3.50266998,20.66836816,0.04036993,0.0004797405
256,278,0.95145436,2.05915490,22.05673315,-0.39088712,0.0001675802
256,279,0.66641411,2.51817561,21.23959759,-0.35940046,0.0001734564
256,280,0.68021773,2.82568043,22.24469699,0.37372890,0.0002251664
256,281,0.54159097,2.52765083,20.87731720,-0.49433400,0.0001020034
256,282,0.80349178,2.04292914,20.32195850,-0.16070808,0.0001448590
256,283,0.53542789,2.37650938,20.26698633,-0.04989535,0.0001473071
256,284,0.68712952,2.78716448,24.61718182,0.23731739,0.0003101089
256,285,0.79434581,3.38023501,20.00147352,0.47616286,0.0001843955
256,286,0.64605803,2.26921611,21.77849144,-0.37005487,0.0005589681
256,287,0.66066581,2.45073409,19.00311157,0.11036090,0.0002205445
256,288,0.54485958,3.84394412,22.95587021,0.23024345,0.0002252380
256,289,0.87871316,2.92911503,19.63778992,-0.04557951,0.0003737547
256,290,0.66378886,2.59592670,22.30880408,-0.41522358,0.0006811187
256,291,0.63030894,3.16375663,21.44465759,-0.43939944,0.0003123545
256,292,0.84345395,3.99096968,19.31667400,-0.31440790,0.0001354275
256,293,0.50988962,3.23469161,22.87785279,-0.41974920,0.0001134742
256,294,0.82011059,3.53005697,23.16716862,0.33894355,0.0001553632
256,295,0.96641236,2.57777025,21.43788269,-0.22653771,0.0001701309
256,296,0.60436775,2.07079956,21.20201673,0.04599940,0.0001178198
256,297,0.66797899,3.19017063,24.26286388,-0.00202723,0.0001924242
256,298,0.82093741,3.93697012,20.26390717,0.17611384,0.0005146544
256,299,0.98627177,2.91487129,18.86272726,-0.16797645,0.0001533238
256,300,0.80314117,2.74905193,22.02797350,0.27710635,0.0009538878
256,301,0.88647052,3.24095012,21.16838976,0.17354267,0.0003073535
256,302,0.51135691,2.55717690,20.06852526,0.44366180,0.0000980939
256,303,0.96500513,2.96079987,21.50010949,0.30564711,0.0002249455
256,304,0.75466356,3.69191306,21.99529094,0.22809143,0.0001848762
256,305,0.53221059,2.22738894,23.40872931,-0.17788045,0.0001500677
256,306,0.57707468,3.13975737,19.58287365,0.27242048,0.0002558430
256,307,0.82221560,2.48336343,23.26424369,-0.25524721,0.0002486148
256,308,0.55972793,2.81430978,22.56170203,0.06244996,0.0003301775
256,309,0.77035612,3.95492281,24.63408530,-0.39635472,0.0002526311
256,310,0.58686791,3.56307085,20.69423567,-0.04574619,0.0003247700
256,311,0.86484074,3.12946546,21.68453363,0.40528190,0.0004228106
256,312,0.55198991,3.68635978,20.53987548,0.39125696,0.0000631461
256,313,0.99768845,2.88330074,19.64536016,-0.11640566,0.0003210105
256,314,0.75207309,2.36089063,23.69721328,-0.08069337,0.0003667366
256,315,0.58322892,2.50117874,22.11061005,-0.49916293,0.0001221625
256,316,0.64805158,2.65420542,19.34473496,-0.02730609,0.0001732014
256,317,0.72683543,2.76049411,23.15452003,0.31729752,0.0008364716
256,318,0.56903902,3.38620544,21.32913782,0.37116581,0.0001576683
256,319,0.99063052,3.39801060,24.37510569,-0.42681665,0.0005826564
256,320,0.76712773,2.93929045,20.87554081,-0.27171027,0.0003204276
256,321,0.62024600,2.99285300,24.65050660,-0.05966010,0.0003523060
256,322,0.98456115,2.05719762,22.75831536,-0.20043169,0.0004326647
256,323,0.65891149,2.39176115,23.57391501,0.01028129,0.0007219820
256,324,0.86365699,2.96669078,23.10578162,-0.47536791,0.0003229736
256,325,0.66665521,3.34849351,20.63521102,-0.21020871,0.0001787432
256,326,0.98144469,3.39673474,23.16173755,0.17225079,0.0002958096
256,327,0.96661003,3.86473889,20.52050346,-0.03466475,0.0004700528
256,328,0.75617600,2.57958338,24.35448849,-0.05122053,0.0003696399
256,329,0.50956418,2.03475324,22.99797426,0.23407150,0.0001019976
256,330,0.74055570,3.66486567,19.83701334,0.35222095,0.0002202582
256,331,0.56800090,3.82943161,24.01321285,0.21674352,0.0002114483
256,332,0.78192641,3.99310984,21.26808686,0.31811735,0.0000988426
256,333,0.69546307,2.21003578,21.04071069,-0.02945347,0.0002172646
256,334,0.88655346,2.93974524,25.05176044,0.42344026,0.0002821578
256,335,0.92254632,3.80012414,20.08711175,0.13301098,0.0004399572
256,336,0.93521278,3.53788276,18.92666217,-0.18673269,0.0003260447
256,337,0.71371661,2.80328101,24.40964784,0.21508383,0.0000949377
256,338,0.97013489,2.36231227,21.92222336,0.18423715,0.0006319017
256,339,0.56247541,2.36098497,19.94637133,-0.48654893,0.0001519500
256,340,0.96375515,3.53827709,20.02618365,0.07167457,0.0001778198
256,341,0.65507793,2.04782905,20.81013950,-0.29267722,0.0001367079
256,342,0.62336560,3.69552916,23.83131206,-0.15331015,0.0001388632
256,343,0.62995314,2.97207973,23.57696262,-0.02007313,0.0000756536
256,344,0.64174808,3.09781496,23.83443476,0.13179565,0.0001173753
256,345,0.79251667,3.42628736,23.42494261,0.07557099,0.0004218812
256,346,0.62735590,2.38209265,24.77956160,0.08583547,0.0001502238
256,347,0.51470315,3.97381251,24.56441881,-0.04928165,0.0004487661
256,348,0.85854282,3.09686371,22.90261556,0.41619150,0.0002988409
256,349,0.90425739,2.57479481,23.36715127,0.36856969,0.0004988447
256,350,0.79500615,3.07458237,20.07877132,-0.01638178,0.0003858084
256,351,0.59717636,3.80286702,22.63908852,-0.49141147,0.0001544033
256,352,0.50857045,2.70947060,22.20348020,0.11647664,0.0001051967
256,353,0.60551916,2.34826561,19.65819088,-0.07290438,0.0003099602
256,354,0.98792118,2.24344419,24.60216963,0.40142177,0.0001589546
256,355,0.79743740,2.02285338,21.28515611,0.20662348,0.0001645990
256,356,0.90256688,3.42798579,19.87583191,0.32680212,0.0000761950
256,357,0.82955642,3.23793782,19.02091167,0.01138469,0.0002052930
256,358,0.83862193,3.17448260,21.22304719,-0.30461987,0.0001815068
256,359,0.62044564,2.53075653,18.95505030,0.09561675,0.0003242767
256,360,0.73699337,2.84176371,23.87849508,-0.00398959,0.0001314773
256,361,0.53787892,3.69816526,21.28549233,0.31129133,0.0000947491
256,362,0.64012322,3.54262773,25.08997504,-0.14732091,0.0001097141
256,363,0.96447106,3.85817864,22.14458958,0.08567405,0.0002975367
256,364,0.74983590,2.87428044,23.39641236,0.48522475,0.0001512547
256,365,0.91696478,2.18656191,20.75035609,-0.21889391,0.0001208959
256,366,0.78473358,2.28937972,22.20342058,-0.17487967,0.0003460914
256,367,0.60343306,2.35319112,21.33381378,0.02741544,0.0002553311
256,368,0.69424886,2.95866667,23.70361377,0.02512629,0.0006079913
256,369,0.53538380,3.52700518,21.24190206,-0.47416762,0.0003232406
256,370,0.61751392,3.89606071,19.35538217,-0.14549313,0.0001339363
256,371,0.88321932,2.70305791,19.45770102,0.45656517,0.0008938151
256,372,0.62184429,2.84413087,22.98524920,0.33525264,0.0004598059
256,373,0.75931649,2.61807806,21.03690950,0.43625071,0.0001486596
256,374,0.95874006,2.93233225,24.42274043,-0.44718526,0.0001833496
256,375,0.93300569,2.30540791,22.08511769,0.44904849,0.0001505765
256,376,0.54784693,3.56328458,22.86864523,-0.46171279,0.0002084119
256,377,0.71543518,3.47631361,22.28050028,0.44118668,0.0001426216
256,378,0.91574954,2.78773052,21.95751996,-0.03855458,0.0001921230
256,379,0.60961226,3.43539020,20.02020313,0.31703159,0.0006495639
256,380,0.88208713,2.94586134,24.99408050,0.28051366,0.0004912921
256,381,0.74774688,3.85978280,20.30793306,-0.06772517,0.0001747296
256,382,0.77533653,2.68709217,24.20609468,0.27795345,0.0005208541
256,383,0.54778960,2.80354550,20.91353457,0.16725235,0.0005296002
256,384,0.88057230,2.01719720,22.00625191,0.29979972,0.0002893503
256,385,0.75595681,3.29145049,19.73271218,-0.20897809,0.0001116382
256,386,0.78856151,2.81070378,21.98035832,0.33965770,0.0002873619
256,387,0.50404138,3.85148119,22.80412698,-0.22774267,0.0000868363
256,388,0.61738869,3.85174636,22.60925034,0.19926660,0.0002715667
256,389,0.98073274,3.68903376,21.55333465,0.23883832,0.0001624956
256,390,0.65142737,3.62332946,19.10199685,-0.08764366,0.0011443877
256,391,0.95195886,3.55407103,19.83265276,-0.33156760,0.0001729461
256,392,0.62037264,2.05151706,22.58754440,-0.26799643,0.0001028986
256,393,0.86170883,2.80634617,23.40450192,-0.29634136,0.0001821771
256,394,0.73498886,3.82396114,24.47468544,-0.13918490,0.0002123962
256,395,0.56033162,2.43829261,21.43265835,-0.03397749,0.0001915056
256,396,0.59981946,2.05904868,23.95081639,0.40681391,0.0003545531
256,397,0.64308433,2.74673450,22.21685430,-0.48846920,0.0003554569
256,398,0.70807901,3.06056162,24.96599701,-0.33508110,0.0002148092
256,399,0.63917063,3.02931738,18.99041019,-0.16911647,0.0002768728
256,400,0.88389639,2.35170324,24.58392908,-0.42945569,0.0002936230
256,401,0.68317880,2.46212898,23.68551233,-0.43288849,0.0001648880
256,402,0.99078894,2.95698429,19.08027297,0.49367281,0.0000967085
256,403,0.92717359,2.60663081,19.53875551,0.47385367,0.0004917158
256,404,0.56158691,2.98093562,19.03439126,0.31230156,0.0001388277
256,405,0.62824609,3.02070567,18.93019195,-0.10729946,0.0004375896
256,406,0.74102416,2.40286836,20.79211260,0.19719177,0.0000893942
256,407,0.69894972,2.07161162,23.39867480,0.18024136,0.0002156600
256,408,0.56108559,2.53228402,23.60235357,0.04589222,0.0002734850
256,409,0.53550121,3.01115707,22.36441095,0.27062109,0.0003032784
256,410,0.58726292,3.87671456,19.52484032,-0.26452664,0.0003310957
256,411,0.73828026,2.96392352,24.71973742,0.42413867,0.0001439059
256,412,0.87165118,3.10542422,22.97794081,-0.34178030,0.0003262161
256,413,0.67978166,3.43412623,20.80249949,-0.05481836,0.0000491890
256,414,0.56708164,3.87442006,21.26842173,0.38059596,0.0001940363
256,415,0.79215378,2.26128467,20.80258602,0.29392194,0.0007718155
256,416,0.63895472,2.56124762,23.25162242,-0.49337928,0.0003282140
256,417,0.90752636,2.13889103,21.98253422,-0.45929206,0.0001408767
256,418,0.78221773,3.83578845,20.83274908,-0.19587875,0.0002566266
256,419,0.63053037,3.06379431,19.43406308,0.22347240,0.0002407354
256,420,0.71936594,2.83832819,18.97225745,0.41120323,0.0002195046
256,421,0.53394682,3.24738309,19.93333280,0.26400494,0.0005015709
256,422,0.69677241,2.61664360,22.04856595,-0.46111942,0.0002313096
256,423,0.68033468,3.89121229,21.90326938,0.08180083,0.0019006185
256,424,0.83438701,3.12299271,20.42344361,0.31673169,0.0001780917
256,425,0.66736305,2.12903623,22.84949332,-0.11327968,0.0003719503
256,426,0.98805794,2.02267094,23.98862544,-0.32606662,0.0007381614
256,427,0.99643251,2.22464076,22.99692403,-0.37091440,0.0003774691
256,428,0.91441325,3.80971342,23.16912154,0.13018321,0.0001221755
256,429,0.84359115,3.77889584,21.39118329,-0.30580760,0.0002369080
256,430,0.52073339,3.16902925,23.33929957,0.28284747,0.0004608624
256,431,0.52975379,2.25032355,21.88235678,-0.00995775,0.0002000548
256,432,0.80516110,3.49263528,23.70465793,0.09162039,0.0004003535
256,433,0.58349582,2.93976256,20.56790701,0.16264671,0.0002267344
256,434,0.96541945,3.92282272,20.52052716,0.49784366,0.0003733574
256,435,0.77850919,2.58551248,19.56981953,-0.10483388,0.0003303275
256,436,0.90573212,3.91589069,20.46524719,0.49334568,0.0002811973
256,437,0.58769546,3.26528153,23.52798052,-0.26050504,0.0002771429
256,438,0.98243374,3.70191990,19.66148047,-0.07460752,0.0001889832
256,439,0.88362231,2.71232864,21.93063375,-0.22836630,0.0003793066
256,440,0.82379623,2.37081225,23.44697940,-0.10345365,0.0003265335
256,441,0.60204525,3.50958611,23.50286773,0.10876479,0.0002525971
256,442,0.86958237,2.99957932,20.01196149,0.08232189,0.0008635171
256,443,0.66646871,3.79610395,21.35684235,0.39647037,0.0001675905
256,444,0.93569134,2.57921361,23.32538785,-0.28632235,0.0002088862
256,445,0.84010201,2.91600364,20.44009193,0.45362828,0.0004375769
256,446,0.98125405,3.19549793,24.57398726,-0.11880339,0.0004255657
256,447,0.91105711,3.07319468,23.07071188,0.39364616,0.0001547614
256,448,0.56644504,3.80937354,22.73329748,-0.14080102,0.0002487755
256,449,0.71054347,2.19701704,19.55155768,0.29481936,0.0000611395
256,450,0.98140189,3.94164128,23.37668600,-0.23430448,0.0001180059
256,451,0.69739867,3.56579081,23.56629032,0.05695827,0.0002902789
256,452,0.51840799,2.69161221,22.14915664,0.34206508,0.0001772216
256,453,0.59487676,2.82214778,22.88762395,-0.31533705,0.0001304106
256,454,0.75448215,2.68176192,21.40396979,0.03276611,0.0002267131
256,455,0.89480068,2.83253737,23.34710975,0.16531538,0.0003434026
256,456,0.88471812,2.44011707,23.59208326,-0.39721911,0.0001875354
256,457,0.50056100,2.25192630,22.87651875,0.13912164,0.0003186280
256,458,0.64244847,3.00791487,21.30945585,0.17597764,0.0001872408
256,459,0.93025084,2.36058582,25.02599850,-0.04952569,0.0001241693
256,460,0.91217805,3.53603669,20.43794182,-0.18567842,0.0001320009
256,461,0.74249090,2.08939363,19.39658878,-0.26442014,0.0002003740
256,462,0.91623437,2.74467363,23.59157385,-0.38592786,0.0001246707
256,463,0.68446367,3.77157826,23.92844856,-0.09012346,0.0001281781
256,464,0.55126456,2.95611493,19.92819053,0.06851195,0.0003027414
256,465,0.71007539,2.59445465,23.23637903,0.13941809,0.0000464579
256,466,0.61319453,2.16856930,22.34193703,0.43455354,0.0001919737
256,467,0.77281207,3.66197088,24.65310568,0.14909456,0.0002234362
256,468,0.61909578,3.69134321,22.00784630,0.34142166,0.0002016244
256,469,0.52734202,3.41489461,24.60262897,-0.36443821,0.0003295340
256,470,0.54284509,2.01653336,19.24022744,-0.28260974,0.0002330757
256,471,0.79053621,2.26095166,24.53277271,-0.37322595,0.0002881747
256,472,0.61729899,3.42929589,24.91230245,-0.25559854,0.0001202260
256,473,0.54845017,3.69312787,24.09067141,0.43373796,0.0001033396
256,474,0.66209415,2.81255132,23.88066335,0.46785273,0.0002405009
256,475,0.96560802,2.02936706,22.16221887,-0.43061845,0.0001054834
256,476,0.50900334,3.84481899,23.46729292,-0.04163564,0.0002711924
256,477,0.51427962,2.88015717,23.10560594,-0.42114506,0.0005813904
256,478,0.72875272,2.41363207,21.46543602,0.01234713,0.0001668718
256,479,0.66120025,2.36677876,24.12768436,-0.15084880,0.0000716420
256,480,0.60377155,3.56874341,24.85109850,0.41279785,0.0002142385
256,481,0.66900474,2.60223997,19.44426590,-0.39119455,0.0004181496
256,482,0.91575270,2.37336944,22.49900768,-0.41738020,0.0004886229
256,483,0.61118675,3.29396391,24.04322704,0.14573513,0.0004241059
256,484,0.73950430,2.11669002,24.22925108,0.31537489,0.0004442043
256,485,0.86736423,3.72185388,19.46971562,-0.45229587,0.0001150937
256,486,0.51307908,2.81193344,25.05539107,-0.30895668,0.0003199325
256,487,0.87834008,2.34907485,23.53101798,0.02631543,0.0002926107
256,488,0.54067490,3.96517212,21.77825574,-0.48994144,0.0004060906
256,489,0.64513374,3.69337280,22.68885781,-0.43425051,0.0001137360
256,490,0.75565633,2.21758523,23.51994584,-0.26559050,0.0002018076
256,491,0.89352314,2.21960750,22.61425343,-0.48718589,0.0003038747
256,492,0.89642511,2.47544555,21.65131946,-0.20321732,0.0006689710
256,493,0.98922428,2.76805638,24.69698234,-0.00407617,0.0003237525
256,494,0.71280302,2.03560700,21.20488393,0.12212368,0.0001174705
256,495,0.81923283,3.86739334,23.20337288,-0.03188529,0.0007448412
256,496,0.88387914,3.74026319,24.70189685,0.45239946,0.0005325734
256,497,0.62453651,2.36857371,24.75128456,-0.01816838,0.0003733164
256,498,0.81477090,3.06079335,23.33729366,0.28088297,0.0003186036
256,499,0.52028654,3.02635366,21.55336599,-0.21253725,0.0004429954
256,500,0.80379619,3.42418473,19.17174308,-0.19498639,0.0002018838
256,501,0.86774395,2.12481302,22.29614997,-0.31619207,0.0005179613
256,502,0.75514386,3.09112824,23.66725213,-0.33021376,0.0002646362
256,503,0.76909396,3.24995535,20.86208067,-0.26293738,0.0002407278
256,504,0.61553420,3.68606967,20.07104930,0.29340364,0.0000953071
256,505,0.81956987,2.21200556,24.53209622,0.39659832,0.0002444180
256,506,0.71505695,2.51334827,22.39006029,-0.40196233,0.0002940183
256,507,0.71972323,3.92747408,19.20416309,0.48385857,0.0005923975
256,508,0.57080692,3.68486993,24.94835089,0.27603571,0.0001168589
256,509,0.89969237,2.10809404,23.91801051,-0.40972851,0.0002166904
256,510,0.91964098,3.74735791,23.85809537,0.29936440,0.0009388575
256,511,0.82792425,3.39397348,20.15028514,0.47462590,0.0001552206
256,512,0.66059668,2.95605716,19.83424920,-0.41182592,0.0003209075
256,513,0.51905373,3.42590449,21.60234858,0.32630757,0.0001589149
256,514,0.60270416,2.93945440,24.94034019,-0.34949683,0.0001537250
256,515,0.56371111,3.25087098,19.77449731,0.25100191,0.0002825582
256,516,0.53757987,3.62857008,23.96024615,-0.04028440,0.0005482225
256,517,0.51708724,3.44955497,22.10196625,0.35879243,0.0002601941
256,518,0.76170646,2.37015817,23.74787711,0.20057927,0.0002313821
256,519,0.69385404,3.42075126,23.09189368,0.22578132,0.0004261211
256,520,0.78024286,2.34680110,24.23920434,0.00727934,0.0001853682
256,521,0.87717134,3.21970530,22.14965807,-0.48876822,0.0001860121
256,522,0.71947630,2.59906813,19.11053496,0.09434287,0.0001000523
256,523,0.80962309,3.54628557,19.87290473,0.26401395,0.0002842978
256,524,0.60332529,2.45107379,21.15454936,-0.30043082,0.0008137378
256,525,0.92505024,2.57310275,19.47773184,-0.16772445,0.0002241734
256,526,0.55279753,3.08997802,19.08275145,0.41243612,0.0001473048
256,527,0.91929712,3.80572268,22.73378279,0.28977528,0.0004823231
256,528,0.62772781,2.05396288,21.43365344,0.33729727,0.0002347986
256,529,0.82954006,2.51680910,20.37824465,-0.32559404,0.0001741479
256,530,0.89068982,3.44284538,19.53339572,0.37552250,0.0003853460
256,531,0.91175177,3.11219977,24.61001572,0.16926647,0.0003587234
256,532,0.87024841,2.82270978,18.89101238,-0.07666200,0.0001767711
256,533,0.64337549,3.03454429,19.09444737,0.39848359,0.0002612430
256,534,0.76887570,2.48314745,18.95842966,0.27087464,0.0000671061
256,535,0.63664746,2.89401650,21.99216772,-0.08870168,0.0002738768
256,536,0.56283026,2.20119711,24.14168754,0.06305646,0.0003247202
256,537,0.94947305,3.32860109,20.51295756,0.00305174,0.0002762492
256,538,0.64099250,3.48108231,21.89056799,0.33061272,0.0002346293
256,539,0.93422504,2.24633966,22.60979914,0.18820661,0.0002295324
256,540,0.81440229,2.51058732,21.22868464,0.24057511,0.0001646423
256,541,0.97839246,3.68739687,23.90153860,-0.12277440,0.0003165396
256,542,0.71998164,3.86148244,22.17767745,-0.36645696,0.0001234535
256,543,0.61763999,2.02162984,21.73507255,-0.24788165,0.0004082530
256,544,0.97836683,2.23016356,24.58047094,0.19479001,0.0001289994
256,545,0.88401964,2.19041894,24.75041397,-0.39539574,0.0001863962
256,546,0.91318990,2.35913596,22.55578158,-0.02898247,0.0003406522
256,547,0.91736728,3.74765815,21.50292236,0.04120952,0.0002505859
256,548,0.84999884,2.38323478,23.67838555,0.42481356,0.0001764858
256,549,0.57015750,3.56537351,22.18419287,0.13161605,0.0002823552
256,550,0.73070898,2.15073471,24.07534647,0.13826165,0.0001889721
256,551,0.88707394,2.33419029,23.89806412,0.01369963,0.0009372023
256,552,0.81729144,3.14190616,19.14201742,-0.27200627,0.0004519379
256,553,0.54098024,2.29642353,23.14304890,-0.38920276,0.0001675131
256,554,0.55368696,2.99245824,19.28919000,-0.39524844,0.0005247227
256,555,0.71115145,3.08121542,24.39457582,0.05463006,0.0003906625
256,556,0.68132888,3.46093576,21.27842245,0.46340621,0.0001768106
256,557,0.93593823,2.76051087,21.39303109,-0.21661607,0.0004620923
256,558,0.50215113,3.99690752,18.96965712,-0.30823461,0.0004192817
256,559,0.74132807,3.58173097,21.66392359,-0.10032682,0.0001771766
256,560,0.81890294,3.60120313,19.19484536,0.49558399,0.0001133603
256,561,0.56605530,3.35278713,21.39500492,0.13207613,0.0003399027
256,562,0.83374949,2.74770389,21.69197702,-0.30739683,0.0001831708
256,563,0.83270545,3.78581897,19.44569256,0.00300884,0.0005617178
256,564,0.74174977,2.97238842,24.71073997,-0.20036521,0.0004540189
256,565,0.56726171,2.47964321,24.42065487,0.12720243,0.0005726628
256,566,0.66716680,2.26627816,22.11929927,-0.19625906,0.0000824318
256,567,0.85707167,3.22587209,23.62204694,-0.28524866,0.0004497745
256,568,0.62375733,2.19034267,22.40430324,-0.18493427,0.0001087973
256,569,0.75144529,2.40924169,25.02242933,0.24310208,0.0004917975
256,570,0.68711104,3.82872039,20.49229179,0.39336085,0.0001291916
256,571,0.91922745,3.36203177,20.48721533,-0.25346941,0.0001965925
256,572,0.98566737,3.19354906,24.32886325,0.49984238,0.0003198383
256,573,0.64208735,2.71943278,21.34639547,0.15687800,0.0003255780
256,574,0.73216323,3.58064620,22.13337808,0.09571197,0.0001209157
256,575,0.98617328,3.02441354,19.47616250,0.39946567,0.0001522826
256,576,0.66039692,3.12068498,19.73244878,0.17763271,0.0003351484
256,577,0.67331042,2.76032645,24.65108309,0.09046719,0.0001431647
256,578,0.94771388,3.88593557,18.92442761,-0.43721438,0.0002744323
256,579,0.54000375,3.09595225,24.09942202,-0.39274941,0.0002590001
256,580,0.76878271,2.61799760,23.92883678,-0.14800517,0.0002687693
256,581,0.56878584,3.23137217,23.13357637,0.42034244,0.0001303476
256,582,0.98421212,2.15110440,23.04737515,-0.32661722,0.0002559747
256,583,0.53030577,3.61541680,21.33472589,0.29786134,0.0001356243
256,584,0.55419012,2.20393170,20.67175973,-0.49543953,0.0002623176
256,585,0.89156354,2.32369605,20.29294907,-0.15078756,0.0002542740
256,586,0.99738891,2.50539596,19.48816309,-0.35916087,0.0006200494
256,587,0.74633917,3.86221679,19.75716457,0.14406444,0.0002694422
256,588,0.65467972,3.65309691,21.90122107,-0.43826826,0.0009562491
256,589,0.60618693,2.54156819,24.53455392,-0.09184580,0.0001664867
256,590,0.89381978,2.61139794,21.58331615,-0.27851984,0.0000637348
256,591,0.86148095,3.58971639,21.02730854,-0.17972692,0.0005258779
256,592,0.62241793,2.76600561,20.25345006,-0.20657116,0.0003246212
256,593,0.83320413,2.54971112,22.19684158,0.17045993,0.0001400908
256,594,0.77229129,2.46938543,18.96347510,-0.18595891,0.0001740850
256,595,0.86298959,2.83964930,19.23899949,0.44537886,0.0001828510
256,596,0.59213888,2.64363834,23.59074993,-0.04319089,0.0000478210
256,597,0.69483043,2.86631212,23.17470445,0.40070195,0.0004023912
256,598,0.96241111,2.60499317,22.94773572,-0.49476540,0.0002442026
256,599,0.77418230,2.20028608,23.42877100,0.39712239,0.0003189204
256,600,0.65260130,3.68356509,23.40432816,-0.47263414,0.0003202512
256,601,0.98496865,3.21877119,19.26721393,0.10997120,0.0005273031
256,602,0.99290295,2.47794057,23.82135499,0.31167849,0.0004337779
256,603,0.53611640,3.15264759,23.86219945,-0.03535255,0.0001538727
256,604,0.96187199,2.82940902,21.53195567,-0.24561108,0.0004761391
256,605,0.89257558,3.95402760,22.73722309,0.35158207,0.0002679623
256,606,0.65569977,3.37549751,24.44428468,-0.26537111,0.0003931562
256,607,0.65869640,2.20290183,19.14113489,0.46443259,0.0001903564
256,608,0.86319312,2.78224562,23.90651426,-0.41491213,0.0002225464
256,609,0.68494211,2.40692408,19.13019602,0.30404777,0.0001730698
256,610,0.99693235,3.37201773,23.55345361,0.29995002,0.0001825435
256,611,0.78478200,2.73222733,20.92069754,0.37467651,0.0002032834
256,612,0.96148558,2.46301109,22.21370422,0.07556626,0.0000960548
256,613,0.78602841,3.46510040,22.55368977,-0.47821144,0.0002926565
256,614,0.65242017,2.10736242,20.12988465,-0.27015197,0.0002486192
256,615,0.72804339,3.19295036,23.12432993,-0.13957506,0.0000860309
256,616,0.83920166,2.66399475,24.77448151,0.06074304,0.0003159200
256,617,0.92719783,2.68275568,22.43267575,-0.32947607,0.0003712125
256,618,0.53018978,3.54383790,24.18699979,0.20161373,0.0000975851
256,619,0.54350037,2.17380205,22.05986770,-0.02436195,0.0002095903
256,620,0.94513129,3.26397270,23.38138748,0.34643394,0.0001590475
256,621,0.56365806,3.53504001,24.06356182,0.44619749,0.0002819586
256,622,0.53376725,3.13499468,21.70490299,-0.12867371,0.0001141832
256,623,0.67457036,3.56306529,19.25917325,0.04417601,0.0000449645
256,624,0.76388536,2.61015989,19.83941406,0.42822003,0.0002345822
256,625,0.55688037,2.43250752,23.21838895,0.00174328,0.0002655169
256,626,0.88980226,2.95448810,21.88686498,-0.10788226,0.0000621600
256,627,0.74118087,2.19525095,19.23362058,0.04630085,0.0002641824
256,628,0.87918508,2.73341658,22.99988127,-0.24226985,0.0002630824
256,629,0.99004786,2.34761369,19.83797063,-0.36828904,0.0001403639
256,630,0.92171849,2.84499679,20.78384360,-0.08870339,0.0001577571
256,631,0.59656415,3.85204316,21.54003549,0.10112279,0.0000840837
256,632,0.50628876,2.52183000,21.65079865,0.48100919,0.0001001926
256,633,0.62741711,3.35777107,19.22816581,0.45207915,0.0002207078
256,634,0.58232258,2.89409717,23.77522749,0.49142263,0.0002879715
256,635,0.71014981,3.74055859,22.90959855,0.08414218,0.0001323804
256,636,0.86162003,3.37973247,19.78105200,-0.27463404,0.0002863888
256,637,0.96060420,2.71974934,19.44700431,0.11615040,0.0000953107
256,638,0.76482175,3.45727066,19.53857893,0.00626179,0.0001522315
256,639,0.53057705,3.69193429,24.90071183,0.12105724,0.0001215732
256,640,0.94596427,3.12698113,22.33225114,-0.15153392,0.0001237981
256,641,0.62896909,2.51637300,23.71218768,-0.07628258,0.0014073590
256,642,0.77799245,2.42212342,20.06329398,0.48568045,0.0000976621
256,643,0.57917841,2.49278941,24.34791429,-0.11356005,0.0002210234
256,644,0.81290305,3.17844900,24.55725662,0.17865844,0.0000944243
256,645,0.68011531,3.04803478,22.51770278,0.15202518,0.0001241482
256,646,0.82115552,2.22560233,24.03698106,-0.48410838,0.0001864669
256,647,0.53224209,3.17471025,20.54691349,0.42722396,0.0003813812
256,648,0.55274399,2.50301412,23.02874409,0.43655649,0.0001047953
256,649,0.72135255,2.29033267,24.84900544,-0.13146189,0.0001238395
256,650,0.87099477,3.50976030,19.29559321,0.07934938,0.0001337614
256,651,0.79877301,3.18925478,23.41673198,0.28700088,0.0000993111
256,652,0.80355433,3.26862688,19.46262480,-0.15087823,0.0001797008
256,653,0.76222936,3.23409406,19.61322217,-0.27588264,0.0003148449
256,654,0.56552492,3.06041191,20.69091551,-0.38372243,0.0001945105
256,655,0.90098060,2.39620271,19.46956123,-0.33553050,0.0004513193
256,656,0.96321352,3.04083885,21.41979877,0.04281650,0.0002511915
256,657,0.72710312,3.02606540,21.64752713,0.26155496,0.0003895820
256,658,0.82489197,3.37244196,20.47493977,-0.38596138,0.0002014955
256,659,0.66007308,2.58498773,24.68551500,0.17607662,0.0001280401
256,660,0.99139417,2.28958737,24.63850468,0.46849633,0.0001986075
256,661,0.82174023,2.60346808,22.66182233,-0.32015164,0.0002237933
256,662,0.95039473,2.19226727,21.61476641,-0.26889603,0.0004674989
256,663,0.82489296,2.90840883,23.33759316,-0.16722197,0.0005288606
256,664,0.76292085,3.23838775,21.82980987,-0.19776086,0.0002142624
256,665,0.66652703,2.77554673,21.86094879,-0.32664284,0.0002017016
256,666,0.89027947,2.18995391,23.41248197,0.17855561,0.0001268423
256,667,0.77416275,3.76426436,23.47608301,-0.37072905,0.0000985446
256,668,0.77305023,2.07439030,19.04764879,-0.24734963,0.0004385769
256,669,0.63797427,3.52488158,23.38641744,0.11685772,0.0005621775
256,670,0.51651286,2.31574967,21.92244358,0.25210838,0.0003407642
256,671,0.95665191,2.03984663,24.51221130,-0.45609451,0.0002073568
256,672,0.74725373,2.71968821,20.99305777,-0.13300749,0.0004419520
256,673,0.80700403,3.07451706,21.53982351,0.23895135,0.0001712733
256,674,0.75052511,2.04960267,19.93274333,-0.48761624,0.0002143772
256,675,0.61908911,2.84900648,24.89615584,-0.02649453,0.0003872791
256,676,0.91661197,3.73271390,20.16066432,-0.11411967,0.0007773767
256,677,0.66351759,2.01931942,21.05000629,0.20153624,0.0001311216
256,678,0.96574569,3.34715300,23.82382557,0.07642335,0.0003295620
256,679,0.70776561,3.25384320,25.02627057,0.35719958,0.0004164634
256,680,0.70879949,3.32587774,23.09223697,-0.32345679,0.0002518175
256,681,0.62133782,3.15438524,20.56401173,-0.26514438,0.0003768171
256,682,0.51453495,2.64269044,20.56331545,-0.41810499,0.0004126640
256,683,0.86678758,3.25257449,19.24050165,0.30235926,0.0006706827
256,684,0.95297682,2.58341541,20.10621738,0.44512371,0.0002745413
256,685,0.88635420,2.68172708,19.11365488,0.09564274,0.0000727559
256,686,0.53108960,3.46215556,24.27446755,-0.31250651,0.0003560392
256,687,0.70561472,3.11557781,21.19224671,-0.18905997,0.0008180634
256,688,0.74450501,2.49169608,24.71373947,-0.44689458,0.0001665792
256,689,0.50567121,2.48258690,24.45668578,0.00342983,0.0001817841
256,690,0.61481381,3.27477852,23.98128292,-0.46967060,0.0003007838
256,691,0.68022001,2.96966855,24.22630366,0.04210340,0.0002104341
256,692,0.77955586,2.75132924,25.11243860,-0.36730363,0.0001687737
256,693,0.60609579,3.27153462,24.28367696,-0.39857516,0.0002829398
256,694,0.85769384,2.10472535,23.17382150,-0.07487997,0.0002069839
256,695,0.85635911,3.32312927,20.70853817,-0.16057585,0.0002382616
256,696,0.83495554,3.79578275,24.22709819,-0.47460372,0.0001450849
256,697,0.74507698,2.37424552,19.46117356,-0.15516063,0.0002892594
256,698,0.93249665,2.88099974,20.80698869,0.32364779,0.0003435434
256,699,0.90855252,2.16892460,24.80984938,-0.17678785,0.0006252819
256,700,0.93107507,3.63682821,20.55793636,0.20236314,0.0002009480
256,701,0.67779190,2.47203971,22.76732355,-0.39274267,0.0003463370
256,702,0.60890168,3.86517845,19.01326370,0.28676920,0.0001076777
256,703,0.96344351,2.53749895,19.79741100,0.40588330,0.0002710541
256,704,0.72361791,2.57063582,19.14312188,-0.35567437,0.0001757157
256,705,0.91767174,3.35162538,23.11285557,0.12093119,0.0003715336
256,706,0.85581859,2.16077361,21.94112473,-0.29462020,0.0002101482
256,707,0.63592490,3.77367505,19.68703229,-0.05232338,0.0002382282
256,708,0.51666980,2.60176732,21.61325437,-0.19067657,0.0001373951
256,709,0.95922294,3.61743213,25.01761994,-0.03156999,0.0000969288
256,710,0.85619351,2.95413304,21.80046748,-0.15800307,0.0001607592
256,711,0.92377309,2.89618644,21.86796704,0.02581786,0.0003799947
256,712,0.63172687,3.76212002,24.94571111,-0.15219793,0.0005415772
256,713,0.70230585,2.71356229,19.60771441,0.12534084,0.0004567188
256,714,0.79554650,3.49886041,24.80191125,0.20196130,0.0004364265
256,715,0.79816414,3.82671538,20.24206314,-0.22448410,0.0002742774
256,716,0.58461772,2.98875677,24.06546260,0.42652132,0.0005070406
256,717,0.72404451,3.81539231,20.22842602,-0.39247919,0.0001915562
256,718,0.92907458,3.40431781,21.51343689,-0.35670586,0.0004238638
256,719,0.81239442,2.80174432,23.26752764,-0.46503123,0.0001390605
256,720,0.63723813,2.49790089,22.20771304,-0.39763696,0.0001735699
256,721,0.72909272,3.86135476,19.93115215,-0.13716564,0.0002791065
256,722,0.79862257,2.68388269,23.67382801,-0.46272684,0.0003243221
256,723,0.56253630,2.34465624,23.62182362,0.02999142,0.0005445522
256,724,0.98925740,2.09366447,22.63322438,0.46733785,0.0006505339
256,725,0.82346410,2.29467097,23.15578712,-0.37505078,0.0002354490
256,726,0.55740684,2.28000742,21.64093106,-0.08691395,0.0003945586
256,727,0.54442157,3.93208744,22.00869359,0.16773271,0.0000840101
256,728,0.93116746,3.04997371,24.44387398,-0.14097932,0.0002852639
256,729,0.68768923,3.39608582,22.22422548,0.02981504,0.0001065112
256,730,0.65913883,3.87099835,24.63497072,-0.11069300,0.0002886191
256,731,0.97826619,2.64959682,21.77079744,-0.06526222,0.0001635550
256,732,0.73513721,3.46261773,21.11293819,-0.24419135,0.0001884067
256,733,0.91329382,3.64451575,23.94763218,-0.10778263,0.0007232635
256,734,0.59151199,3.94020510,20.80018015,0.29582976,0.0002608927
256,735,0.77943307,2.79992380,20.23071098,0.02387958,0.0001890671
256,736,0.95752674,2.25438992,22.91178714,-0.17429602,0.0001452203
256,737,0.74352733,3.24258059,22.20395234,0.45957639,0.0004250451
256,738,0.57035191,3.04175218,22.23888019,-0.26198510,0.0003743689
256,739,0.63260455,3.84074549,22.94875004,0.35271260,0.0003766528
256,740,0.96344998,2.53444150,19.14987726,0.29027951,0.0004567443
256,741,0.83397057,3.38248014,21.40277790,-0.31038692,0.0001131219
256,742,0.69939992,3.37993477,21.17664034,0.30495095,0.0003761872
256,743,0.79307587,3.29959205,20.90320827,-0.33086178,0.0001824200
256,744,0.65845874,3.10711369,21.96898173,-0.14152337,0.0001237987
256,745,0.53831562,3.42811456,23.64004148,-0.46944606,0.0003834082
256,746,0.50758226,2.94192860,23.78631315,-0.20850552,0.0003776517
256,747,0.53915548,3.22785388,20.75117272,-0.10087594,0.0002012128
256,748,0.79116010,2.30735026,24.22522570,0.39130905,0.0007153385
256,749,0.66161197,3.70731595,24.11520832,0.08238211,0.0005087121
256,750,0.71771603,2.56493207,22.36299356,-0.38576483,0.0003722263
256,751,0.70142966,2.28246344,20.06058536,0.25626715,0.0004016140
256,752,0.94296491,3.27453260,23.81086324,0.12236955,0.0003835691
256,753,0.94355132,3.40578894,24.78711872,0.19083325,0.0004381794
256,754,0.66515409,3.57568551,21.28303203,-0.32764115,0.0002516068
256,755,0.50326460,2.79996299,24.85992329,0.28771595,0.0001062641
256,756,0.64881354,2.66174366,24.18770463,-0.45698648,0.0002535963
256,757,0.57473695,2.37492454,20.03719566,0.49806772,0.0002981644
256,758,0.55988295,3.23490077,23.82419331,0.03503442,0.0002990347
256,759,0.99500206,3.52527532,22.00850235,-0.36510647,0.0001770357
256,760,0.83219056,2.46828434,22.38847276,-0.31942792,0.0002360000
256,761,0.93286253,2.98945142,21.05779845,0.16151946,0.0004110792
256,762,0.85377781,3.40590512,19.12941355,-0.38209841,0.0000859431
256,763,0.55731334,3.88112451,23.87911815,-0.44537260,0.0003129573
256,764,0.65855649,2.73366194,20.92609464,0.24114141,0.0002883833
256,765,0.94922273,2.02729897,22.84707720,0.21434389,0.0003539101
256,766,0.61558905,2.58404616,23.46293120,0.26841815,0.0002252715
256,767,0.98528529,3.32627610,22.89422674,-0.16942816,0.0001808288
256,768,0.84233785,3.56960048,23.25592700,0.33848741,0.0001802465
256,769,0.69630638,3.24698689,21.16285037,0.27879336,0.0006721301
256,770,0.79149132,2.30531958,22.71953200,-0.42120399,0.0001330377
256,771,0.51714494,3.43115463,22.24533072,0.48313448,0.0003133538
256,772,0.89208342,2.58854562,19.42611890,-0.30393277,0.0000502264
256,773,0.55210252,3.46132115,22.62227978,0.35339731,0.0001546995
256,774,0.87299491,2.23483599,21.42502262,0.11773693,0.0002352910
256,775,0.99481139,3.49916892,22.49300004,-0.21244020,0.0006081251
256,776,0.56198096,3.23289228,20.50009954,-0.45753369,0.0002021075
256,777,0.51713552,2.76768771,22.05764973,-0.28238987,0.0001716590
256,778,0.95748448,2.00527850,19.23866971,0.14138467,0.0001632077
256,779,0.75765756,2.58010405,25.10146995,0.09047483,0.0005994084
256,780,0.56383537,3.87681551,21.02475031,0.22967895,0.0002240137
256,781,0.56174722,2.32613805,22.09525893,-0.14058753,0.0003518365
256,782,0.80940538,3.28828175,20.79774793,0.07422245,0.0009231939
256,783,0.92946670,2.47845961,24.32861291,0.44460187,0.0003473231
256,784,0.80441666,2.87840212,19.65006422,0.45697410,0.0003218125
256,785,0.69879583,2.54449033,21.73239415,0.21009099,0.0001160032
256,786,0.96152245,3.27406749,19.47002555,-0.06513265,0.0003843675
256,787,0.64853940,2.71104286,23.07666342,-0.04910012,0.0001974983
256,788,0.63972180,3.22420096,19.74477157,-0.18195836,0.0000841889
256,789,0.72145742,3.17258384,21.69876211,0.32430506,0.0000248545
256,790,0.75064951,3.06620851,23.40196904,0.18273923,0.0013604170
256,791,0.50867073,3.24060357,24.08813654,0.07545207,0.0003584205
256,792,0.92517821,3.74373691,23.98908321,0.33330608,0.0002484576
256,793,0.64943543,3.51183619,24.23705297,0.12729293,0.0000836064
256,794,0.99545741,2.94059509,24.36231035,0.17221217,0.0008212204
256,795,0.98965203,2.40955467,22.30554858,0.20087605,0.0001847588
256,796,0.99405235,2.83941793,23.89246056,0.37950128,0.0000826909
256,797,0.79234173,3.22912844,24.69075066,0.05288695,0.0002610300
256,798,0.62347058,2.71687103,21.26522031,0.22776331,0.0005225558
256,799,0.82784825,2.89977038,24.15633991,0.25926627,0.0001747243
256,800,0.67639107,2.25898123,23.63840609,-0.22603667,0.0007446346
256,801,0.85743479,2.79751785,21.91293642,0.01727680,0.0001257367
256,802,0.96057149,3.14324683,24.90701923,-0.23055378,0.0003629952
256,803,0.74389847,3.95180757,24.49817234,-0.38905753,0.0002533855
256,804,0.86845546,3.86287688,20.77963582,-0.18675993,0.0001122740
256,805,0.68715214,2.68154430,20.64517013,0.29598592,0.0003380743
256,806,0.93103179,3.17017833,19.92299158,-0.34686818,0.0003874244
256,807,0.89781451,3.01936771,23.17714361,0.42883304,0.0002798011
256,808,0.99746256,3.99780316,20.17184632,-0.21593271,0.0004230911
256,809,0.66707337,2.88093326,21.06957847,0.27686066,0.0005672370
256,810,0.98205818,3.54964586,21.69794073,0.45296907,0.0002318522
256,811,0.98264904,3.57154456,20.38899828,0.38289960,0.0005374863
256,812,0.98025402,2.85027664,23.45547706,0.10401713,0.0009404290
256,813,0.98082125,2.90800432,22.42940746,-0.25472620,0.0003046401
256,814,0.97961268,3.64690023,23.10470552,-0.00892249,0.0003293801
256,815,0.71813554,2.52184758,24.28140345,0.18801156,0.0000933655
256,816,0.78402513,3.18432452,23.30737841,-0.44096251,0.0003670621
256,817,0.63315180,3.87806150,20.19520746,-0.24160861,0.0002086075
256,818,0.61790064,3.20538264,24.37532931,0.21195170,0.0003866167
256,819,0.54373507,2.84456875,20.96848876,0.41755646,0.0008479546
256,820,0.90179154,3.68144640,19.90381932,0.06729577,0.0001637902
256,821,0.90750443,3.13267634,22.65841491,-0.02714502,0.0001061467
256,822,0.97391042,2.76747691,23.53338996,-0.48091678,0.0001687666
256,823,0.78980792,2.56502347,21.82194717,-0.03416898,0.0001465800
256,824,0.86589493,3.58328224,24.84648425,-0.14528592,0.0005060593
256,825,0.60710107,2.81600774,19.83948019,-0.36296756,0.0002626253
256,826,0.72224459,3.30220121,23.74430956,0.43274845,0.0001933797
256,827,0.53756306,2.18867830,25.01456673,0.43707029,0.0001481192
256,828,0.77384711,3.93886360,24.41749337,-0.10292287,0.0001646099
256,829,0.94301437,2.45127993,24.43323706,-0.31545917,0.0004372070
256,830,0.90716961,3.98819549,22.07513979,0.25903851,0.0002551250
256,831,0.70508675,3.97268821,24.64905599,-0.17558347,0.0002651680
256,832,0.89694753,3.37025383,25.09013013,0.28526315,0.0002231939
256,833,0.68944217,3.55037806,24.32916043,0.27554930,0.0000748033
256,834,0.81202144,2.24220839,25.08178689,-0.48387286,0.0001995215
256,835,0.57758889,3.88095358,22.92129237,0.20851324,0.0001325377
256,836,0.75237820,3.28704715,23.46014630,-0.40693257,0.0001798585
256,837,0.74618660,2.14206502,20.69286660,-0.42680697,0.0000933212
256,838,0.84166093,3.54182108,21.61022205,-0.00074656,0.0001123487
256,839,0.53048869,3.08500866,22.22676249,0.29083449,0.0002893843
256,840,0.98256333,3.26298340,20.19334344,0.48954974,0.0001001174
256,841,0.69491338,3.25428109,21.88363025,-0.45023221,0.0004467125
256,842,0.98391732,3.08277168,20.36870541,0.49458949,0.0009474411
256,843,0.76817325,3.54663199,21.75188215,0.06037620,0.0001453366
256,844,0.54471219,3.26355731,20.67229703,0.40271016,0.0003362469
256,845,0.74165105,3.46671081,23.85398061,0.32352155,0.0001244501
256,846,0.50032181,3.78390949,20.01177916,0.18311898,0.0000878474
256,847,0.56124565,3.95239828,19.27356821,0.28247661,0.0002331338
256,848,0.65373863,3.36826623,23.06643053,0.12263636,0.0003487019
256,849,0.64636650,2.19775588,20.01480135,0.16104850,0.0006669064
256,850,0.61566581,2.32037789,22.76326603,0.30726956,0.0001820236
256,851,0.53391839,2.46671623,19.53694375,0.39833329,0.0001200192
256,852,0.51751577,3.12355238,21.60035968,0.38923565,0.0002817882
256,853,0.86526769,3.24462714,20.10251431,0.45070381,0.0002629704
256,854,0.94085699,2.03613380,22.95488872,0.36196973,0.0004833303
256,855,0.74396131,2.80535579,23.46253187,0.40334918,0.0001827088
256,856,0.59261628,3.30479878,19.19634866,-0.37343922,0.0001533526
256,857,0.62577921,3.86299796,19.32619595,0.10634134,0.0001876324
256,858,0.70976632,3.39142640,24.12401114,-0.42452011,0.0003774077
256,859,0.71450217,3.83628845,22.58075318,0.30478808,0.0001920589
256,860,0.86564168,2.66308555,24.76145936,0.40868612,0.0004175949
256,861,0.54646421,3.65460774,24.94319617,-0.42890950,0.0002102338
256,862,0.54477798,2.99395730,19.00911470,0.49504067,0.0001504764
256,863,0.84680685,3.07657204,21.44452678,-0.26734255,0.0003326444
256,864,0.92962003,2.31750881,21.24663012,-0.44976249,0.0001154452
256,865,0.75824015,2.60504670,24.34161455,0.15290301,0.0002823696
256,866,0.69875864,3.80839100,22.81104308,-0.47290253,0.0003351194
256,867,0.95991294,3.31472036,24.50036904,-0.45633693,0.0000826637
256,868,0.89916770,3.81745346,24.07149940,-0.16005686,0.0006365189
256,869,0.96826841,2.37447765,21.93884345,0.41310108,0.0003322530
256,870,0.82182620,2.91050758,20.15387285,0.18048500,0.0000903658
256,871,0.86694522,3.85077022,19.17280983,0.24435204,0.0001467026
256,872,0.96314341,3.13145643,23.41131897,-0.01160079,0.0002721144
256,873,0.86089280,2.13904322,19.55620962,-0.09444112,0.0002160943
256,874,0.76514337,2.58935754,20.29549296,0.43057022,0.0001188328
256,875,0.88448128,2.02842991,22.34631160,0.28368226,0.0001219288
256,876,0.70512443,3.01865486,23.44685414,-0.14371955,0.0002213012
256,877,0.82532973,2.99878196,25.12789509,0.19486986,0.0003578732
256,878,0.77111098,2.69151300,21.34547106,-0.21653207,0.0002329070
256,879,0.69317978,3.60824571,18.93926438,0.42724346,0.0002304644
256,880,0.63751428,2.85339196,20.30406226,-0.01684828,0.0006270093
256,881,0.88097331,3.56383010,24.56238506,0.29551196,0.0001967367
256,882,0.82708037,2.71495892,21.59337766,0.11180358,0.0002669482
256,883,0.81772814,2.70024880,23.91033979,0.13541966,0.0003680179
256,884,0.74143500,2.80232382,24.54185900,0.35865023,0.0009362249
256,885,0.76721792,3.65141135,19.48541763,0.26964953,0.0004226823
256,886,0.77955380,2.83227989,21.08113697,0.43152979,0.0000695179
256,887,0.97422437,2.46948456,19.89109401,-0.36065051,0.0002500417
256,888,0.68589855,2.22787500,23.42731713,0.39802687,0.0002272895
256,889,0.90117875,3.70506170,24.64630655,-0.00965732,0.0001260425
256,890,0.75982611,2.35030333,21.41178805,0.45212221,0.0002010001
256,891,0.55805835,2.12147957,23.71061736,0.44268755,0.0001974929
256,892,0.87042562,3.74485215,21.43968988,-0.14029822,0.0003450942
256,893,0.88769768,2.01726606,19.81876766,0.40869849,0.0002430785
256,894,0.77851941,3.27619667,24.92426804,0.40237847,0.0004975156
256,895,0.62980563,2.05238577,21.70824507,0.01615143,0.0003312197
256,896,0.60589102,2.31505214,23.08349277,0.24049735,0.0002301861
256,897,0.85523040,2.29387913,21.19615403,0.26581036,0.0004075857
256,898,0.96357625,3.68181421,21.97284293,0.48080496,0.0002930519
256,899,0.61627559,3.04551903,20.29760311,0.37021430,0.0002841112
256,900,0.75175613,3.08600171,19.57695500,0.47217930,0.0003990799
256,901,0.73697669,2.41960535,20.98804403,-0.06952972,0.0003644655
256,902,0.87498671,2.56181550,22.12226946,0.08126416,0.0002262306
256,903,0.66333581,2.45689352,21.77503536,0.23276527,0.0001607190
256,904,0.59696851,3.01909074,22.54101590,-0.18805795,0.0003198918
256,905,0.83004607,2.84869417,24.01374381,-0.06337047,0.0002324597
256,906,0.94889794,2.31560506,23.10701850,-0.14800684,0.0000599500
256,907,0.83559514,2.91652293,21.44156676,0.25560310,0.0002263135
256,908,0.80138241,2.34546898,24.10216779,-0.39442056,0.0003479185
256,909,0.61085786,2.54539419,20.14176120,0.14625242,0.0001075909
256,910,0.62438161,2.44052593,21.12956499,-0.39313294,0.0006214869
256,911,0.73800706,2.07523017,20.06355837,0.02084356,0.0001671873
256,912,0.60482925,2.90569242,21.81919260,0.30725012,0.0002665979
256,913,0.88979294,2.82139278,23.53026653,-0.04350808,0.0002104964
256,914,0.96186564,3.28264965,22.91154066,-0.13357865,0.0002803645
256,915,0.60447583,2.69413432,23.44291261,0.03982756,0.0001486077
256,916,0.92625327,2.46631171,20.76371535,-0.13826911,0.0000643446
256,917,0.69386404,2.77209093,20.36897134,-0.21628175,0.0001960509
256,918,0.50015371,2.27323748,24.15857326,-0.24307903,0.0005764757
256,919,0.79660453,3.66666411,24.87273494,-0.42142030,0.0002763831
256,920,0.80637298,3.87494027,23.36966335,0.09109106,0.0003365897
256,921,0.57473281,3.03834008,21.08625295,0.32508406,0.0001528065
256,922,0.73233362,3.81680026,24.90006413,-0.20255646,0.0001125659
256,923,0.55879340,3.05816616,20.21688065,-0.49288012,0.0002284492
256,924,0.94587160,3.47696173,21.62524704,0.36077364,0.0001350904
256,925,0.55145353,3.87518477,19.66735650,0.16173169,0.0005094071
256,926,0.54987679,3.67301012,22.67301646,-0.41550438,0.0000724932
256,927,0.68572035,3.14109786,19.09419481,-0.03808888,0.0001851756
256,928,0.97009173,3.36576462,24.03840229,-0.46999690,0.0000990614
256,929,0.90546655,2.73418553,21.99103614,0.31919403,0.0003063077
256,930,0.99738137,3.61324298,24.61311977,-0.37410729,0.0001888902
256,931,0.69854079,2.88809445,20.37128969,-0.02916624,0.0001124663
256,932,0.72489826,3.83717720,20.30017485,0.20706476,0.0006349048
256,933,0.76749343,3.01668179,24.42513799,-0.00235978,0.0002520906
256,934,0.68640208,2.20713750,22.78430461,0.34550432,0.0001668541
256,935,0.97737032,3.94546123,24.73200478,0.03184087,0.0002724102
256,936,0.81420703,2.98861810,20.14685539,0.09438467,0.0002701084
256,937,0.69661715,3.96122016,22.50942156,0.10202968,0.0004609140
256,938,0.79952108,2.82776252,24.46199458,0.21501446,0.0002077743
256,939,0.91788022,2.67744269,20.87711509,0.10654059,0.0002455635
256,940,0.67450678,2.16111500,24.04844048,0.03999362,0.0004059684
256,941,0.76148209,2.62960661,23.95864274,0.08792922,0.0003397222
256,942,0.72780410,2.53120043,23.11530317,0.11633345,0.0001704245
256,943,0.60705945,2.43701441,19.56536555,-0.05513197,0.0001407848
256,944,0.61935001,3.92266547,24.26918179,0.15218081,0.0004178449
256,945,0.70057863,3.55071486,20.62426418,-0.02423758,0.0002612446
256,946,0.82399067,2.51749686,22.82268782,0.39663571,0.0007288842
256,947,0.50312340,3.31006373,21.27321515,-0.06462750,0.0003462093
256,948,0.96481558,2.10165684,25.06725342,-0.30524822,0.0002720748
256,949,0.92402962,2.43337175,24.21208940,-0.41660687,0.0001139224
256,950,0.74675904,3.90585507,24.75920902,-0.13201536,0.0001023246
256,951,0.64108871,3.20843728,22.99709924,-0.29231507,0.0001301652
256,952,0.53062673,3.35205164,23.72604295,-0.48840238,0.0000532132
256,953,0.67598825,2.34351621,22.78828976,-0.04362606,0.0001065006
256,954,0.84053910,3.17788415,23.19904998,0.05201227,0.0000932673
256,955,0.60502927,3.69522826,19.02130726,-0.26708649,0.0001728621
256,956,0.99910731,2.84221667,22.62208950,0.41193712,0.0002458641
256,957,0.73429817,2.34487470,22.51251856,-0.45926855,0.0003137377
256,958,0.74712768,2.18193908,23.80010929,0.43786716,0.0001681726
256,959,0.80902177,2.19152955,22.19557883,0.37238951,0.0002583145
256,960,0.83295821,2.35475244,21.31314682,-0.20751238,0.0002362895
256,961,0.53800496,3.65124166,22.39899357,0.15249278,0.0007738176
256,962,0.95574886,2.61395529,24.04330154,-0.17937343,0.0002892595
256,963,0.82597834,2.21052850,23.66429944,-0.02048017,0.0000843434
256,964,0.64387099,3.39798793,21.33429033,-0.27306953,0.0002723816
256,965,0.91561273,2.19812340,22.28258299,-0.01697483,0.0002018307
256,966,0.87221058,2.44940161,21.04148257,0.22213834,0.0003527153
256,967,0.85886701,3.06813379,20.98380220,-0.24921822,0.0003077054
256,968,0.70988142,2.07368807,22.58605811,-0.20118876,0.0004612226
256,969,0.61832293,2.26905900,23.65171791,0.04277336,0.0002027649
256,970,0.98699912,3.37198181,21.56436842,0.39591022,0.0001270803
256,971,0.73108281,2.15792771,22.51073053,0.13358241,0.0001981942
256,972,0.82655585,2.84897296,24.49207328,0.18909502,0.0002952048
256,973,0.79962581,2.45987858,23.09571438,0.47942464,0.0001940096
256,974,0.60839660,2.30741023,22.94660613,-0.38222978,0.0002610258
256,975,0.55528281,2.99755668,25.05013603,-0.06124356,0.0002461860
256,976,0.58037235,2.64697157,23.89382177,0.35452526,0.0006572102
256,977,0.78962588,3.61132352,21.90020120,-0.41498526,0.0002028284
256,978,0.86221924,3.11498053,21.43704979,0.19723038,0.0003884707
256,979,0.87250387,3.28997406,24.51346120,-0.43416848,0.0002816296
256,980,0.63000654,3.45416303,20.47638688,-0.43454019,0.0001155319
256,981,0.75525762,3.22573974,22.42600936,0.49799029,0.0002142019
256,982,0.68844976,2.10538269,24.60937364,0.41169615,0.0001214833
256,983,0.52682560,2.64776199,20.65713291,-0.12534729,0.0001997645
256,984,0.94611537,2.48136078,19.85126194,-0.38182680,0.0000870808
256,985,0.91601810,3.65462576,23.07421218,0.23154377,0.0002880893
256,986,0.95450649,3.67476794,23.12874347,-0.39834198,0.0002176825
256,987,0.76182299,2.54564176,21.30961848,-0.24084692,0.0004068055
256,988,0.69947586,2.13887497,24.51414481,-0.41669301,0.0002154815
256,989,0.84086767,3.06360940,23.66241075,-0.42041088,0.0000521759
256,990,0.76553538,2.47909026,24.26054628,0.02940927,0.0002874095
256,991,0.84852876,2.46907982,22.36789142,0.42775391,0.0001476378
256,992,0.69373935,2.66590792,20.06348928,0.08080750,0.0002608464
256,993,0.60452709,2.60095115,23.49792676,0.39023744,0.0001041441
256,994,0.73023450,3.88104321,22.58044815,-0.47576168,0.0001627190
256,995,0.70711948,3.86013243,21.75651014,0.37496162,0.0003611560
256,996,0.99661442,2.08856286,23.22713275,-0.00845533,0.0002483143
256,997,0.58406954,3.47836491,23.78853942,0.43186071,0.0002146538
256,998,0.96993601,2.76532233,19.06036067,0.19490060,0.0002144896
256,999,0.75820190,2.61384911,24.70001738,0.15033350,0.0002062778
256,1000,0.97741397,2.85414319,20.34740924,0.23715922,0.0005584781
256,1001,0.79222976,2.43251732,20.43273309,0.14460150,0.0002448138
256,1002,0.66122275,3.85563142,22.03742055,0.34718005,0.0002949538
256,1003,0.95910051,2.17649350,19.91011806,-0.28316949,0.0005328737
256,1004,0.76615853,3.12607434,24.88437205,0.45411580,0.0001047290
256,1005,0.65987356,3.11404405,23.19996149,0.07669317,0.0000847981
256,1006,0.52026895,2.97678520,24.58764154,0.47070117,0.0001150059
256,1007,0.58822055,2.55471234,23.41471096,-0.12950752,0.0002874603
256,1008,0.69329336,2.38314244,22.69037640,-0.04423116,0.0001480212
256,1009,0.68858264,3.76185366,21.00334236,-0.14448528,0.0005337191
256,1010,0.81786345,3.56569011,23.01514003,0.39118650,0.0005268174
256,1011,0.90595405,2.03061305,21.84752613,-0.01998261,0.0004818279
256,1012,0.51948126,2.52547850,20.59105175,-0.21458307,0.0003476227
256,1013,0.97720457,3.83659802,20.48682377,0.18996217,0.0002032411
256,1014,0.94971915,3.29000042,19.75874100,-0.26962209,0.0005043439
256,1015,0.88043596,2.04361975,20.63415661,-0.09929193,0.0004011077
256,1016,0.93557356,2.93988261,19.44459626,-0.11194825,0.0002585637
256,1017,0.77244736,2.73062361,19.19333706,0.01199341,0.0001088321
256,1018,0.53311069,2.35529064,22.98143334,0.07778657,0.0004255340
256,1019,0.73243662,3.33908089,20.74810890,0.00444664,0.0000984573
256,1020,0.72197567,3.91307466,18.99069573,-0.26447058,0.0002824406
256,1021,0.66137784,3.77850429,18.89496320,0.00222379,0.0001398948
256,1022,0.94508247,3.64968946,22.59965255,0.47909480,0.0001420347
256,1023,0.86607491,3.17316193,21.87555984,0.09623342,0.0002075125
